CVE;CVSS;Severity;Vector;CWE;Bulletin;Affected Product;Affected Version;Fixed In
CVE-2024-0112;7.5;HIGH;CVSS:3.1/AV:L/AC:H/PR:H/UI:N/S:C/C:H/I:H/A:H;CWE-20;5611;IGX Orin;All versions prior to IGX 1.1;36.4.3, 35.6, IGX 1.1
CVE-2024-0112;7.5;HIGH;CVSS:3.1/AV:L/AC:H/PR:H/UI:N/S:C/C:H/I:H/A:H;CWE-20;5611;Jeton AGX Orin series (including Jetson Orin NX series, Jetson Orin Nano series);All versions prior to 35.6;36.4.3, 35.6, IGX 1.1
CVE-2024-0112;7.5;HIGH;CVSS:3.1/AV:L/AC:H/PR:H/UI:N/S:C/C:H/I:H/A:H;CWE-20;5611;Jeton AGX Orin series (including Jetson Orin NX series, Jetson Orin Nano series);All versions prior to 36.4;36.4.3, 35.6, IGX 1.1
CVE-2024-0114;8.1;HIGH;CVSS:3.1/AV:L/AC:L/PR:H/UI:N/S:C/C:L/I:H/A:H;CWE-1244;5561;Hopper HGX 8-GPU;HGX-22.10-1-rc57 (1.3.0/1.3.1);1.6.0 and later
CVE-2024-0114;8.1;HIGH;CVSS:3.1/AV:L/AC:L/PR:H/UI:N/S:C/C:L/I:H/A:H;CWE-1244;5561;Hopper HGX 8-GPU;HGX-22.10-1-rc59 (1.3.2);1.6.0 and later
CVE-2024-0114;8.1;HIGH;CVSS:3.1/AV:L/AC:L/PR:H/UI:N/S:C/C:L/I:H/A:H;CWE-1244;5561;Hopper HGX 8-GPU;HGX-22.10-1-rc63 (1.4.0);1.6.0 and later
CVE-2024-0114;8.1;HIGH;CVSS:3.1/AV:L/AC:L/PR:H/UI:N/S:C/C:L/I:H/A:H;CWE-1244;5561;Hopper HGX 8-GPU;HGX-22.10-1-rc67 (1.5.0);1.6.0 and later
CVE-2024-0131;4.4;MEDIUM;CVSS:3.1/AV:L/AC:L/PR:H/UI:N/S:U/C:N/I:N/A:H;CWE-805;5614;GeForce;All driver versions prior to 535.230.02;550.144.02(vGPU 17.5), 535.230.02(vGPU 16.9), 553.56(vGPU 17.5), 572.16, 553.62, 539.19, 572.13, 570.86.16, 550.144.03, 535.230.02, 570.86.15, 550.144.03(vGPU 17.5), 553.62(vGPU 17.5), 539.19(vGPU 16.9)
CVE-2024-0131;4.4;MEDIUM;CVSS:3.1/AV:L/AC:L/PR:H/UI:N/S:U/C:N/I:N/A:H;CWE-805;5614;GeForce;All driver versions prior to 550.144.03;550.144.02(vGPU 17.5), 535.230.02(vGPU 16.9), 553.56(vGPU 17.5), 572.16, 553.62, 539.19, 572.13, 570.86.16, 550.144.03, 535.230.02, 570.86.15, 550.144.03(vGPU 17.5), 553.62(vGPU 17.5), 539.19(vGPU 16.9)
CVE-2024-0131;4.4;MEDIUM;CVSS:3.1/AV:L/AC:L/PR:H/UI:N/S:U/C:N/I:N/A:H;CWE-805;5614;GeForce;All driver versions prior to 570.86.16;550.144.02(vGPU 17.5), 535.230.02(vGPU 16.9), 553.56(vGPU 17.5), 572.16, 553.62, 539.19, 572.13, 570.86.16, 550.144.03, 535.230.02, 570.86.15, 550.144.03(vGPU 17.5), 553.62(vGPU 17.5), 539.19(vGPU 16.9)
CVE-2024-0131;4.4;MEDIUM;CVSS:3.1/AV:L/AC:L/PR:H/UI:N/S:U/C:N/I:N/A:H;CWE-805;5614;GeForce;All driver versions prior to 572.16;550.144.02(vGPU 17.5), 535.230.02(vGPU 16.9), 553.56(vGPU 17.5), 572.16, 553.62, 539.19, 572.13, 570.86.16, 550.144.03, 535.230.02, 570.86.15, 550.144.03(vGPU 17.5), 553.62(vGPU 17.5), 539.19(vGPU 16.9)
CVE-2024-0131;4.4;MEDIUM;CVSS:3.1/AV:L/AC:L/PR:H/UI:N/S:U/C:N/I:N/A:H;CWE-805;5614;Guest driver;535.216.01(All versions up to and including vGPU 16.8);550.144.02(vGPU 17.5), 535.230.02(vGPU 16.9), 553.56(vGPU 17.5), 572.16, 553.62, 539.19, 572.13, 570.86.16, 550.144.03, 535.230.02, 570.86.15, 550.144.03(vGPU 17.5), 553.62(vGPU 17.5), 539.19(vGPU 16.9)
CVE-2024-0131;4.4;MEDIUM;CVSS:3.1/AV:L/AC:L/PR:H/UI:N/S:U/C:N/I:N/A:H;CWE-805;5614;Guest driver;538.95(All versions up to and including vGPU 16.8);550.144.02(vGPU 17.5), 535.230.02(vGPU 16.9), 553.56(vGPU 17.5), 572.16, 553.62, 539.19, 572.13, 570.86.16, 550.144.03, 535.230.02, 570.86.15, 550.144.03(vGPU 17.5), 553.62(vGPU 17.5), 539.19(vGPU 16.9)
CVE-2024-0131;4.4;MEDIUM;CVSS:3.1/AV:L/AC:L/PR:H/UI:N/S:U/C:N/I:N/A:H;CWE-805;5614;Guest driver;550.127.05(All versions up to and including vGPU 17.4);550.144.02(vGPU 17.5), 535.230.02(vGPU 16.9), 553.56(vGPU 17.5), 572.16, 553.62, 539.19, 572.13, 570.86.16, 550.144.03, 535.230.02, 570.86.15, 550.144.03(vGPU 17.5), 553.62(vGPU 17.5), 539.19(vGPU 16.9)
CVE-2024-0131;4.4;MEDIUM;CVSS:3.1/AV:L/AC:L/PR:H/UI:N/S:U/C:N/I:N/A:H;CWE-805;5614;Guest driver;553.24(All versions up to and including vGPU 17.4);550.144.02(vGPU 17.5), 535.230.02(vGPU 16.9), 553.56(vGPU 17.5), 572.16, 553.62, 539.19, 572.13, 570.86.16, 550.144.03, 535.230.02, 570.86.15, 550.144.03(vGPU 17.5), 553.62(vGPU 17.5), 539.19(vGPU 16.9)
CVE-2024-0131;4.4;MEDIUM;CVSS:3.1/AV:L/AC:L/PR:H/UI:N/S:U/C:N/I:N/A:H;CWE-805;5614;NVIDIA RTX, Quadro, NVS;All driver versions prior to 535.230.02;550.144.02(vGPU 17.5), 535.230.02(vGPU 16.9), 553.56(vGPU 17.5), 572.16, 553.62, 539.19, 572.13, 570.86.16, 550.144.03, 535.230.02, 570.86.15, 550.144.03(vGPU 17.5), 553.62(vGPU 17.5), 539.19(vGPU 16.9)
CVE-2024-0131;4.4;MEDIUM;CVSS:3.1/AV:L/AC:L/PR:H/UI:N/S:U/C:N/I:N/A:H;CWE-805;5614;NVIDIA RTX, Quadro, NVS;All driver versions prior to 539.19;550.144.02(vGPU 17.5), 535.230.02(vGPU 16.9), 553.56(vGPU 17.5), 572.16, 553.62, 539.19, 572.13, 570.86.16, 550.144.03, 535.230.02, 570.86.15, 550.144.03(vGPU 17.5), 553.62(vGPU 17.5), 539.19(vGPU 16.9)
CVE-2024-0131;4.4;MEDIUM;CVSS:3.1/AV:L/AC:L/PR:H/UI:N/S:U/C:N/I:N/A:H;CWE-805;5614;NVIDIA RTX, Quadro, NVS;All driver versions prior to 550.144.03;550.144.02(vGPU 17.5), 535.230.02(vGPU 16.9), 553.56(vGPU 17.5), 572.16, 553.62, 539.19, 572.13, 570.86.16, 550.144.03, 535.230.02, 570.86.15, 550.144.03(vGPU 17.5), 553.62(vGPU 17.5), 539.19(vGPU 16.9)
CVE-2024-0131;4.4;MEDIUM;CVSS:3.1/AV:L/AC:L/PR:H/UI:N/S:U/C:N/I:N/A:H;CWE-805;5614;NVIDIA RTX, Quadro, NVS;All driver versions prior to 553.62;550.144.02(vGPU 17.5), 535.230.02(vGPU 16.9), 553.56(vGPU 17.5), 572.16, 553.62, 539.19, 572.13, 570.86.16, 550.144.03, 535.230.02, 570.86.15, 550.144.03(vGPU 17.5), 553.62(vGPU 17.5), 539.19(vGPU 16.9)
CVE-2024-0131;4.4;MEDIUM;CVSS:3.1/AV:L/AC:L/PR:H/UI:N/S:U/C:N/I:N/A:H;CWE-805;5614;NVIDIA RTX, Quadro, NVS;All driver versions prior to 570.86.16;550.144.02(vGPU 17.5), 535.230.02(vGPU 16.9), 553.56(vGPU 17.5), 572.16, 553.62, 539.19, 572.13, 570.86.16, 550.144.03, 535.230.02, 570.86.15, 550.144.03(vGPU 17.5), 553.62(vGPU 17.5), 539.19(vGPU 16.9)
CVE-2024-0131;4.4;MEDIUM;CVSS:3.1/AV:L/AC:L/PR:H/UI:N/S:U/C:N/I:N/A:H;CWE-805;5614;NVIDIA RTX, Quadro, NVS;All driver versions prior to 572.16;550.144.02(vGPU 17.5), 535.230.02(vGPU 16.9), 553.56(vGPU 17.5), 572.16, 553.62, 539.19, 572.13, 570.86.16, 550.144.03, 535.230.02, 570.86.15, 550.144.03(vGPU 17.5), 553.62(vGPU 17.5), 539.19(vGPU 16.9)
CVE-2024-0131;4.4;MEDIUM;CVSS:3.1/AV:L/AC:L/PR:H/UI:N/S:U/C:N/I:N/A:H;CWE-805;5614;Tesla;All driver versions prior to 535.230.02;550.144.02(vGPU 17.5), 535.230.02(vGPU 16.9), 553.56(vGPU 17.5), 572.16, 553.62, 539.19, 572.13, 570.86.16, 550.144.03, 535.230.02, 570.86.15, 550.144.03(vGPU 17.5), 553.62(vGPU 17.5), 539.19(vGPU 16.9)
CVE-2024-0131;4.4;MEDIUM;CVSS:3.1/AV:L/AC:L/PR:H/UI:N/S:U/C:N/I:N/A:H;CWE-805;5614;Tesla;All driver versions prior to 539.19;550.144.02(vGPU 17.5), 535.230.02(vGPU 16.9), 553.56(vGPU 17.5), 572.16, 553.62, 539.19, 572.13, 570.86.16, 550.144.03, 535.230.02, 570.86.15, 550.144.03(vGPU 17.5), 553.62(vGPU 17.5), 539.19(vGPU 16.9)
CVE-2024-0131;4.4;MEDIUM;CVSS:3.1/AV:L/AC:L/PR:H/UI:N/S:U/C:N/I:N/A:H;CWE-805;5614;Tesla;All driver versions prior to 550.144.03;550.144.02(vGPU 17.5), 535.230.02(vGPU 16.9), 553.56(vGPU 17.5), 572.16, 553.62, 539.19, 572.13, 570.86.16, 550.144.03, 535.230.02, 570.86.15, 550.144.03(vGPU 17.5), 553.62(vGPU 17.5), 539.19(vGPU 16.9)
CVE-2024-0131;4.4;MEDIUM;CVSS:3.1/AV:L/AC:L/PR:H/UI:N/S:U/C:N/I:N/A:H;CWE-805;5614;Tesla;All driver versions prior to 553.62;550.144.02(vGPU 17.5), 535.230.02(vGPU 16.9), 553.56(vGPU 17.5), 572.16, 553.62, 539.19, 572.13, 570.86.16, 550.144.03, 535.230.02, 570.86.15, 550.144.03(vGPU 17.5), 553.62(vGPU 17.5), 539.19(vGPU 16.9)
CVE-2024-0131;4.4;MEDIUM;CVSS:3.1/AV:L/AC:L/PR:H/UI:N/S:U/C:N/I:N/A:H;CWE-805;5614;Tesla;All driver versions prior to 570.86.15;550.144.02(vGPU 17.5), 535.230.02(vGPU 16.9), 553.56(vGPU 17.5), 572.16, 553.62, 539.19, 572.13, 570.86.16, 550.144.03, 535.230.02, 570.86.15, 550.144.03(vGPU 17.5), 553.62(vGPU 17.5), 539.19(vGPU 16.9)
CVE-2024-0131;4.4;MEDIUM;CVSS:3.1/AV:L/AC:L/PR:H/UI:N/S:U/C:N/I:N/A:H;CWE-805;5614;Tesla;All driver versions prior to 572.13;550.144.02(vGPU 17.5), 535.230.02(vGPU 16.9), 553.56(vGPU 17.5), 572.16, 553.62, 539.19, 572.13, 570.86.16, 550.144.03, 535.230.02, 570.86.15, 550.144.03(vGPU 17.5), 553.62(vGPU 17.5), 539.19(vGPU 16.9)
CVE-2024-0131;4.4;MEDIUM;CVSS:3.1/AV:L/AC:L/PR:H/UI:N/S:U/C:N/I:N/A:H;CWE-805;5614;Virtual GPU Manager;535.216.01(All versions up to and including vGPU 16.8);550.144.02(vGPU 17.5), 535.230.02(vGPU 16.9), 553.56(vGPU 17.5), 572.16, 553.62, 539.19, 572.13, 570.86.16, 550.144.03, 535.230.02, 570.86.15, 550.144.03(vGPU 17.5), 553.62(vGPU 17.5), 539.19(vGPU 16.9)
CVE-2024-0131;4.4;MEDIUM;CVSS:3.1/AV:L/AC:L/PR:H/UI:N/S:U/C:N/I:N/A:H;CWE-805;5614;Virtual GPU Manager;535.216.01(All versions up to and including vGPU 16.8);550.144.02(vGPU 17.5), 535.230.02(vGPU 16.9), 553.56(vGPU 17.5), 572.16, 553.62, 539.19, 572.13, 570.86.16, 550.144.03, 535.230.02, 570.86.15, 550.144.03(vGPU 17.5), 553.62(vGPU 17.5), 539.19(vGPU 16.9)
CVE-2024-0131;4.4;MEDIUM;CVSS:3.1/AV:L/AC:L/PR:H/UI:N/S:U/C:N/I:N/A:H;CWE-805;5614;Virtual GPU Manager;535.216.01(All versions up to and including vGPU 16.8);550.144.02(vGPU 17.5), 535.230.02(vGPU 16.9), 553.56(vGPU 17.5), 572.16, 553.62, 539.19, 572.13, 570.86.16, 550.144.03, 535.230.02, 570.86.15, 550.144.03(vGPU 17.5), 553.62(vGPU 17.5), 539.19(vGPU 16.9)
CVE-2024-0131;4.4;MEDIUM;CVSS:3.1/AV:L/AC:L/PR:H/UI:N/S:U/C:N/I:N/A:H;CWE-805;5614;Virtual GPU Manager;535.216.01(All versions up to and including vGPU 16.8);550.144.02(vGPU 17.5), 535.230.02(vGPU 16.9), 553.56(vGPU 17.5), 572.16, 553.62, 539.19, 572.13, 570.86.16, 550.144.03, 535.230.02, 570.86.15, 550.144.03(vGPU 17.5), 553.62(vGPU 17.5), 539.19(vGPU 16.9)
CVE-2024-0131;4.4;MEDIUM;CVSS:3.1/AV:L/AC:L/PR:H/UI:N/S:U/C:N/I:N/A:H;CWE-805;5614;Virtual GPU Manager;550.127.06(All versions up to and including vGPU 17.4);550.144.02(vGPU 17.5), 535.230.02(vGPU 16.9), 553.56(vGPU 17.5), 572.16, 553.62, 539.19, 572.13, 570.86.16, 550.144.03, 535.230.02, 570.86.15, 550.144.03(vGPU 17.5), 553.62(vGPU 17.5), 539.19(vGPU 16.9)
CVE-2024-0131;4.4;MEDIUM;CVSS:3.1/AV:L/AC:L/PR:H/UI:N/S:U/C:N/I:N/A:H;CWE-805;5614;Virtual GPU Manager;550.127.06(All versions up to and including vGPU 17.4);550.144.02(vGPU 17.5), 535.230.02(vGPU 16.9), 553.56(vGPU 17.5), 572.16, 553.62, 539.19, 572.13, 570.86.16, 550.144.03, 535.230.02, 570.86.15, 550.144.03(vGPU 17.5), 553.62(vGPU 17.5), 539.19(vGPU 16.9)
CVE-2024-0131;4.4;MEDIUM;CVSS:3.1/AV:L/AC:L/PR:H/UI:N/S:U/C:N/I:N/A:H;CWE-805;5614;Virtual GPU Manager;550.127.06(All versions up to and including vGPU 17.4);550.144.02(vGPU 17.5), 535.230.02(vGPU 16.9), 553.56(vGPU 17.5), 572.16, 553.62, 539.19, 572.13, 570.86.16, 550.144.03, 535.230.02, 570.86.15, 550.144.03(vGPU 17.5), 553.62(vGPU 17.5), 539.19(vGPU 16.9)
CVE-2024-0131;4.4;MEDIUM;CVSS:3.1/AV:L/AC:L/PR:H/UI:N/S:U/C:N/I:N/A:H;CWE-805;5614;Virtual GPU Manager;550.127.06(All versions up to and including vGPU 17.4);550.144.02(vGPU 17.5), 535.230.02(vGPU 16.9), 553.56(vGPU 17.5), 572.16, 553.62, 539.19, 572.13, 570.86.16, 550.144.03, 535.230.02, 570.86.15, 550.144.03(vGPU 17.5), 553.62(vGPU 17.5), 539.19(vGPU 16.9)
CVE-2024-0131;4.4;MEDIUM;CVSS:3.1/AV:L/AC:L/PR:H/UI:N/S:U/C:N/I:N/A:H;CWE-805;5614;Virtual GPU Manager;553.20(All versions up to and including vGPU 17.4);550.144.02(vGPU 17.5), 535.230.02(vGPU 16.9), 553.56(vGPU 17.5), 572.16, 553.62, 539.19, 572.13, 570.86.16, 550.144.03, 535.230.02, 570.86.15, 550.144.03(vGPU 17.5), 553.62(vGPU 17.5), 539.19(vGPU 16.9)
CVE-2024-0135;7.6;HIGH;CVSS:3.1/AV:N/AC:H/PR:H/UI:R/S:C/C:H/I:H/A:H;CWE-653;5599;NVIDIA Container Toolkit;All versions up to and including 1.17.0;1.17.1, 24.9.1
CVE-2024-0135;7.6;HIGH;CVSS:3.1/AV:N/AC:H/PR:H/UI:R/S:C/C:H/I:H/A:H;CWE-653;5599;NVIDIA GPU Operator;All versions up to and including 24.9.0;1.17.1, 24.9.1
CVE-2024-0136;7.6;HIGH;CVSS:3.1/AV:N/AC:H/PR:H/UI:R/S:C/C:H/I:H/A:H;CWE-653;5599;NVIDIA Container Toolkit;All versions up to and including 1.17.0;1.17.1, 24.9.1
CVE-2024-0136;7.6;HIGH;CVSS:3.1/AV:N/AC:H/PR:H/UI:R/S:C/C:H/I:H/A:H;CWE-653;5599;NVIDIA GPU Operator;All versions up to and including 24.9.0;1.17.1, 24.9.1
CVE-2024-0137;5.5;MEDIUM;CVSS:3.1/AV:N/AC:H/PR:L/UI:R/S:C/C:L/I:L/A:L;CWE-653;5599;NVIDIA Container Toolkit;All versions up to and including 1.17.0;1.17.1, 24.9.1
CVE-2024-0137;5.5;MEDIUM;CVSS:3.1/AV:N/AC:H/PR:L/UI:R/S:C/C:L/I:L/A:L;CWE-653;5599;NVIDIA GPU Operator;All versions up to and including 24.9.0;1.17.1, 24.9.1
CVE-2024-0140;6.8;MEDIUM;CVSS:3.1/AV:L/AC:L/PR:L/UI:R/S:U/C:L/I:H/A:H;CWE-502;5597;RAPIDS cuDF and cuML;All versions prior to 24.12.00;24.12.00
CVE-2024-0141;6.8;MEDIUM;CVSS:3.1/AV:N/AC:L/PR:H/UI:N/S:C/C:N/I:N/A:H;CWE-782;5561;Hopper HGX 8-GPU;HGX-22.10-1-rc57 (1.3.0/1.3.1);1.6.0 and later
CVE-2024-0141;6.8;MEDIUM;CVSS:3.1/AV:N/AC:L/PR:H/UI:N/S:C/C:N/I:N/A:H;CWE-782;5561;Hopper HGX 8-GPU;HGX-22.10-1-rc59 (1.3.2);1.6.0 and later
CVE-2024-0141;6.8;MEDIUM;CVSS:3.1/AV:N/AC:L/PR:H/UI:N/S:C/C:N/I:N/A:H;CWE-782;5561;Hopper HGX 8-GPU;HGX-22.10-1-rc63 (1.4.0);1.6.0 and later
CVE-2024-0141;6.8;MEDIUM;CVSS:3.1/AV:N/AC:L/PR:H/UI:N/S:C/C:N/I:N/A:H;CWE-782;5561;Hopper HGX 8-GPU;HGX-22.10-1-rc67 (1.5.0);1.6.0 and later
CVE-2024-0142;6.8;MEDIUM;CVSS:3.1/AV:N/AC:H/PR:N/UI:R/S:U/C:N/I:H/A:H;CWE-787;5596;nvJPEG2000;0.8.0;0.8.1
CVE-2024-0142;6.8;MEDIUM;CVSS:3.1/AV:N/AC:H/PR:N/UI:R/S:U/C:N/I:H/A:H;CWE-787;5596;nvJPEG2000;0.8.0;0.8.1
CVE-2024-0142;6.8;MEDIUM;CVSS:3.1/AV:N/AC:H/PR:N/UI:R/S:U/C:N/I:H/A:H;CWE-787;5596;nvJPEG2000;0.8.0;0.8.1
CVE-2024-0142;6.8;MEDIUM;CVSS:3.1/AV:N/AC:H/PR:N/UI:R/S:U/C:N/I:H/A:H;CWE-787;5596;nvJPEG2000;0.8.0;0.8.1
CVE-2024-0143;6.8;MEDIUM;CVSS:3.1/AV:N/AC:H/PR:N/UI:R/S:U/C:N/I:H/A:H;CWE-787;5596;nvJPEG2000;0.8.0;0.8.1
CVE-2024-0143;6.8;MEDIUM;CVSS:3.1/AV:N/AC:H/PR:N/UI:R/S:U/C:N/I:H/A:H;CWE-787;5596;nvJPEG2000;0.8.0;0.8.1
CVE-2024-0143;6.8;MEDIUM;CVSS:3.1/AV:N/AC:H/PR:N/UI:R/S:U/C:N/I:H/A:H;CWE-787;5596;nvJPEG2000;0.8.0;0.8.1
CVE-2024-0143;6.8;MEDIUM;CVSS:3.1/AV:N/AC:H/PR:N/UI:R/S:U/C:N/I:H/A:H;CWE-787;5596;nvJPEG2000;0.8.0;0.8.1
CVE-2024-0144;6.8;MEDIUM;CVSS:3.1/AV:N/AC:H/PR:N/UI:R/S:U/C:N/I:H/A:H;CWE-120;5596;nvJPEG2000;0.8.0;0.8.1
CVE-2024-0144;6.8;MEDIUM;CVSS:3.1/AV:N/AC:H/PR:N/UI:R/S:U/C:N/I:H/A:H;CWE-120;5596;nvJPEG2000;0.8.0;0.8.1
CVE-2024-0144;6.8;MEDIUM;CVSS:3.1/AV:N/AC:H/PR:N/UI:R/S:U/C:N/I:H/A:H;CWE-120;5596;nvJPEG2000;0.8.0;0.8.1
CVE-2024-0144;6.8;MEDIUM;CVSS:3.1/AV:N/AC:H/PR:N/UI:R/S:U/C:N/I:H/A:H;CWE-120;5596;nvJPEG2000;0.8.0;0.8.1
CVE-2024-0145;6.8;MEDIUM;CVSS:3.1/AV:N/AC:H/PR:N/UI:R/S:U/C:N/I:H/A:H;CWE-122;5596;nvJPEG2000;0.8.0;0.8.1
CVE-2024-0145;6.8;MEDIUM;CVSS:3.1/AV:N/AC:H/PR:N/UI:R/S:U/C:N/I:H/A:H;CWE-122;5596;nvJPEG2000;0.8.0;0.8.1
CVE-2024-0145;6.8;MEDIUM;CVSS:3.1/AV:N/AC:H/PR:N/UI:R/S:U/C:N/I:H/A:H;CWE-122;5596;nvJPEG2000;0.8.0;0.8.1
CVE-2024-0145;6.8;MEDIUM;CVSS:3.1/AV:N/AC:H/PR:N/UI:R/S:U/C:N/I:H/A:H;CWE-122;5596;nvJPEG2000;0.8.0;0.8.1
CVE-2024-0146;7.8;HIGH;CVSS:3.1/AV:L/AC:L/PR:L/UI:N/S:U/C:H/I:H/A:H;CWE-120;5614;Virtual GPU Manager;535.216.01(All versions up to and including vGPU 16.8);550.144.02(vGPU 17.5), 535.230.02(vGPU 16.9), 553.56(vGPU 17.5)
CVE-2024-0146;7.8;HIGH;CVSS:3.1/AV:L/AC:L/PR:L/UI:N/S:U/C:H/I:H/A:H;CWE-120;5614;Virtual GPU Manager;535.216.01(All versions up to and including vGPU 16.8);550.144.02(vGPU 17.5), 535.230.02(vGPU 16.9), 553.56(vGPU 17.5)
CVE-2024-0146;7.8;HIGH;CVSS:3.1/AV:L/AC:L/PR:L/UI:N/S:U/C:H/I:H/A:H;CWE-120;5614;Virtual GPU Manager;535.216.01(All versions up to and including vGPU 16.8);550.144.02(vGPU 17.5), 535.230.02(vGPU 16.9), 553.56(vGPU 17.5)
CVE-2024-0146;7.8;HIGH;CVSS:3.1/AV:L/AC:L/PR:L/UI:N/S:U/C:H/I:H/A:H;CWE-120;5614;Virtual GPU Manager;535.216.01(All versions up to and including vGPU 16.8);550.144.02(vGPU 17.5), 535.230.02(vGPU 16.9), 553.56(vGPU 17.5)
CVE-2024-0146;7.8;HIGH;CVSS:3.1/AV:L/AC:L/PR:L/UI:N/S:U/C:H/I:H/A:H;CWE-120;5614;Virtual GPU Manager;550.127.06(All versions up to and including vGPU 17.4);550.144.02(vGPU 17.5), 535.230.02(vGPU 16.9), 553.56(vGPU 17.5)
CVE-2024-0146;7.8;HIGH;CVSS:3.1/AV:L/AC:L/PR:L/UI:N/S:U/C:H/I:H/A:H;CWE-120;5614;Virtual GPU Manager;550.127.06(All versions up to and including vGPU 17.4);550.144.02(vGPU 17.5), 535.230.02(vGPU 16.9), 553.56(vGPU 17.5)
CVE-2024-0146;7.8;HIGH;CVSS:3.1/AV:L/AC:L/PR:L/UI:N/S:U/C:H/I:H/A:H;CWE-120;5614;Virtual GPU Manager;550.127.06(All versions up to and including vGPU 17.4);550.144.02(vGPU 17.5), 535.230.02(vGPU 16.9), 553.56(vGPU 17.5)
CVE-2024-0146;7.8;HIGH;CVSS:3.1/AV:L/AC:L/PR:L/UI:N/S:U/C:H/I:H/A:H;CWE-120;5614;Virtual GPU Manager;550.127.06(All versions up to and including vGPU 17.4);550.144.02(vGPU 17.5), 535.230.02(vGPU 16.9), 553.56(vGPU 17.5)
CVE-2024-0146;7.8;HIGH;CVSS:3.1/AV:L/AC:L/PR:L/UI:N/S:U/C:H/I:H/A:H;CWE-120;5614;Virtual GPU Manager;553.20(All versions up to and including vGPU 17.4);550.144.02(vGPU 17.5), 535.230.02(vGPU 16.9), 553.56(vGPU 17.5)
CVE-2024-0147;5.5;MEDIUM;CVSS:3.1/AV:L/AC:L/PR:L/UI:N/S:U/C:N/I:N/A:H;CWE-416;5614;GeForce;All driver versions prior to 535.230.02;550.144.02(vGPU 17.5), 535.230.02(vGPU 16.9), 553.56(vGPU 17.5), 572.16, 553.62, 539.19, 572.13, 570.86.16, 550.144.03, 535.230.02, 570.86.15
CVE-2024-0147;5.5;MEDIUM;CVSS:3.1/AV:L/AC:L/PR:L/UI:N/S:U/C:N/I:N/A:H;CWE-416;5614;GeForce;All driver versions prior to 550.144.03;550.144.02(vGPU 17.5), 535.230.02(vGPU 16.9), 553.56(vGPU 17.5), 572.16, 553.62, 539.19, 572.13, 570.86.16, 550.144.03, 535.230.02, 570.86.15
CVE-2024-0147;5.5;MEDIUM;CVSS:3.1/AV:L/AC:L/PR:L/UI:N/S:U/C:N/I:N/A:H;CWE-416;5614;GeForce;All driver versions prior to 570.86.16;550.144.02(vGPU 17.5), 535.230.02(vGPU 16.9), 553.56(vGPU 17.5), 572.16, 553.62, 539.19, 572.13, 570.86.16, 550.144.03, 535.230.02, 570.86.15
CVE-2024-0147;5.5;MEDIUM;CVSS:3.1/AV:L/AC:L/PR:L/UI:N/S:U/C:N/I:N/A:H;CWE-416;5614;GeForce;All driver versions prior to 572.16;550.144.02(vGPU 17.5), 535.230.02(vGPU 16.9), 553.56(vGPU 17.5), 572.16, 553.62, 539.19, 572.13, 570.86.16, 550.144.03, 535.230.02, 570.86.15
CVE-2024-0147;5.5;MEDIUM;CVSS:3.1/AV:L/AC:L/PR:L/UI:N/S:U/C:N/I:N/A:H;CWE-416;5614;NVIDIA RTX, Quadro, NVS;All driver versions prior to 535.230.02;550.144.02(vGPU 17.5), 535.230.02(vGPU 16.9), 553.56(vGPU 17.5), 572.16, 553.62, 539.19, 572.13, 570.86.16, 550.144.03, 535.230.02, 570.86.15
CVE-2024-0147;5.5;MEDIUM;CVSS:3.1/AV:L/AC:L/PR:L/UI:N/S:U/C:N/I:N/A:H;CWE-416;5614;NVIDIA RTX, Quadro, NVS;All driver versions prior to 539.19;550.144.02(vGPU 17.5), 535.230.02(vGPU 16.9), 553.56(vGPU 17.5), 572.16, 553.62, 539.19, 572.13, 570.86.16, 550.144.03, 535.230.02, 570.86.15
CVE-2024-0147;5.5;MEDIUM;CVSS:3.1/AV:L/AC:L/PR:L/UI:N/S:U/C:N/I:N/A:H;CWE-416;5614;NVIDIA RTX, Quadro, NVS;All driver versions prior to 550.144.03;550.144.02(vGPU 17.5), 535.230.02(vGPU 16.9), 553.56(vGPU 17.5), 572.16, 553.62, 539.19, 572.13, 570.86.16, 550.144.03, 535.230.02, 570.86.15
CVE-2024-0147;5.5;MEDIUM;CVSS:3.1/AV:L/AC:L/PR:L/UI:N/S:U/C:N/I:N/A:H;CWE-416;5614;NVIDIA RTX, Quadro, NVS;All driver versions prior to 553.62;550.144.02(vGPU 17.5), 535.230.02(vGPU 16.9), 553.56(vGPU 17.5), 572.16, 553.62, 539.19, 572.13, 570.86.16, 550.144.03, 535.230.02, 570.86.15
CVE-2024-0147;5.5;MEDIUM;CVSS:3.1/AV:L/AC:L/PR:L/UI:N/S:U/C:N/I:N/A:H;CWE-416;5614;NVIDIA RTX, Quadro, NVS;All driver versions prior to 570.86.16;550.144.02(vGPU 17.5), 535.230.02(vGPU 16.9), 553.56(vGPU 17.5), 572.16, 553.62, 539.19, 572.13, 570.86.16, 550.144.03, 535.230.02, 570.86.15
CVE-2024-0147;5.5;MEDIUM;CVSS:3.1/AV:L/AC:L/PR:L/UI:N/S:U/C:N/I:N/A:H;CWE-416;5614;NVIDIA RTX, Quadro, NVS;All driver versions prior to 572.16;550.144.02(vGPU 17.5), 535.230.02(vGPU 16.9), 553.56(vGPU 17.5), 572.16, 553.62, 539.19, 572.13, 570.86.16, 550.144.03, 535.230.02, 570.86.15
CVE-2024-0147;5.5;MEDIUM;CVSS:3.1/AV:L/AC:L/PR:L/UI:N/S:U/C:N/I:N/A:H;CWE-416;5614;Tesla;All driver versions prior to 535.230.02;550.144.02(vGPU 17.5), 535.230.02(vGPU 16.9), 553.56(vGPU 17.5), 572.16, 553.62, 539.19, 572.13, 570.86.16, 550.144.03, 535.230.02, 570.86.15
CVE-2024-0147;5.5;MEDIUM;CVSS:3.1/AV:L/AC:L/PR:L/UI:N/S:U/C:N/I:N/A:H;CWE-416;5614;Tesla;All driver versions prior to 539.19;550.144.02(vGPU 17.5), 535.230.02(vGPU 16.9), 553.56(vGPU 17.5), 572.16, 553.62, 539.19, 572.13, 570.86.16, 550.144.03, 535.230.02, 570.86.15
CVE-2024-0147;5.5;MEDIUM;CVSS:3.1/AV:L/AC:L/PR:L/UI:N/S:U/C:N/I:N/A:H;CWE-416;5614;Tesla;All driver versions prior to 550.144.03;550.144.02(vGPU 17.5), 535.230.02(vGPU 16.9), 553.56(vGPU 17.5), 572.16, 553.62, 539.19, 572.13, 570.86.16, 550.144.03, 535.230.02, 570.86.15
CVE-2024-0147;5.5;MEDIUM;CVSS:3.1/AV:L/AC:L/PR:L/UI:N/S:U/C:N/I:N/A:H;CWE-416;5614;Tesla;All driver versions prior to 553.62;550.144.02(vGPU 17.5), 535.230.02(vGPU 16.9), 553.56(vGPU 17.5), 572.16, 553.62, 539.19, 572.13, 570.86.16, 550.144.03, 535.230.02, 570.86.15
CVE-2024-0147;5.5;MEDIUM;CVSS:3.1/AV:L/AC:L/PR:L/UI:N/S:U/C:N/I:N/A:H;CWE-416;5614;Tesla;All driver versions prior to 570.86.15;550.144.02(vGPU 17.5), 535.230.02(vGPU 16.9), 553.56(vGPU 17.5), 572.16, 553.62, 539.19, 572.13, 570.86.16, 550.144.03, 535.230.02, 570.86.15
CVE-2024-0147;5.5;MEDIUM;CVSS:3.1/AV:L/AC:L/PR:L/UI:N/S:U/C:N/I:N/A:H;CWE-416;5614;Tesla;All driver versions prior to 572.13;550.144.02(vGPU 17.5), 535.230.02(vGPU 16.9), 553.56(vGPU 17.5), 572.16, 553.62, 539.19, 572.13, 570.86.16, 550.144.03, 535.230.02, 570.86.15
CVE-2024-0147;5.5;MEDIUM;CVSS:3.1/AV:L/AC:L/PR:L/UI:N/S:U/C:N/I:N/A:H;CWE-416;5614;Virtual GPU Manager;535.216.01(All versions up to and including vGPU 16.8);550.144.02(vGPU 17.5), 535.230.02(vGPU 16.9), 553.56(vGPU 17.5), 572.16, 553.62, 539.19, 572.13, 570.86.16, 550.144.03, 535.230.02, 570.86.15
CVE-2024-0147;5.5;MEDIUM;CVSS:3.1/AV:L/AC:L/PR:L/UI:N/S:U/C:N/I:N/A:H;CWE-416;5614;Virtual GPU Manager;535.216.01(All versions up to and including vGPU 16.8);550.144.02(vGPU 17.5), 535.230.02(vGPU 16.9), 553.56(vGPU 17.5), 572.16, 553.62, 539.19, 572.13, 570.86.16, 550.144.03, 535.230.02, 570.86.15
CVE-2024-0147;5.5;MEDIUM;CVSS:3.1/AV:L/AC:L/PR:L/UI:N/S:U/C:N/I:N/A:H;CWE-416;5614;Virtual GPU Manager;535.216.01(All versions up to and including vGPU 16.8);550.144.02(vGPU 17.5), 535.230.02(vGPU 16.9), 553.56(vGPU 17.5), 572.16, 553.62, 539.19, 572.13, 570.86.16, 550.144.03, 535.230.02, 570.86.15
CVE-2024-0147;5.5;MEDIUM;CVSS:3.1/AV:L/AC:L/PR:L/UI:N/S:U/C:N/I:N/A:H;CWE-416;5614;Virtual GPU Manager;535.216.01(All versions up to and including vGPU 16.8);550.144.02(vGPU 17.5), 535.230.02(vGPU 16.9), 553.56(vGPU 17.5), 572.16, 553.62, 539.19, 572.13, 570.86.16, 550.144.03, 535.230.02, 570.86.15
CVE-2024-0147;5.5;MEDIUM;CVSS:3.1/AV:L/AC:L/PR:L/UI:N/S:U/C:N/I:N/A:H;CWE-416;5614;Virtual GPU Manager;550.127.06(All versions up to and including vGPU 17.4);550.144.02(vGPU 17.5), 535.230.02(vGPU 16.9), 553.56(vGPU 17.5), 572.16, 553.62, 539.19, 572.13, 570.86.16, 550.144.03, 535.230.02, 570.86.15
CVE-2024-0147;5.5;MEDIUM;CVSS:3.1/AV:L/AC:L/PR:L/UI:N/S:U/C:N/I:N/A:H;CWE-416;5614;Virtual GPU Manager;550.127.06(All versions up to and including vGPU 17.4);550.144.02(vGPU 17.5), 535.230.02(vGPU 16.9), 553.56(vGPU 17.5), 572.16, 553.62, 539.19, 572.13, 570.86.16, 550.144.03, 535.230.02, 570.86.15
CVE-2024-0147;5.5;MEDIUM;CVSS:3.1/AV:L/AC:L/PR:L/UI:N/S:U/C:N/I:N/A:H;CWE-416;5614;Virtual GPU Manager;550.127.06(All versions up to and including vGPU 17.4);550.144.02(vGPU 17.5), 535.230.02(vGPU 16.9), 553.56(vGPU 17.5), 572.16, 553.62, 539.19, 572.13, 570.86.16, 550.144.03, 535.230.02, 570.86.15
CVE-2024-0147;5.5;MEDIUM;CVSS:3.1/AV:L/AC:L/PR:L/UI:N/S:U/C:N/I:N/A:H;CWE-416;5614;Virtual GPU Manager;550.127.06(All versions up to and including vGPU 17.4);550.144.02(vGPU 17.5), 535.230.02(vGPU 16.9), 553.56(vGPU 17.5), 572.16, 553.62, 539.19, 572.13, 570.86.16, 550.144.03, 535.230.02, 570.86.15
CVE-2024-0147;5.5;MEDIUM;CVSS:3.1/AV:L/AC:L/PR:L/UI:N/S:U/C:N/I:N/A:H;CWE-416;5614;Virtual GPU Manager;553.20(All versions up to and including vGPU 17.4);550.144.02(vGPU 17.5), 535.230.02(vGPU 16.9), 553.56(vGPU 17.5), 572.16, 553.62, 539.19, 572.13, 570.86.16, 550.144.03, 535.230.02, 570.86.15
CVE-2024-0148;7.6;HIGH;CVSS:3.1/AV:P/AC:L/PR:N/UI:N/S:C/C:H/I:H/A:H;CWE-447;5617;IGX Orin;All versions prior to IGX 1.1;IGX 1.1, 36.4.3, 35.6.1
CVE-2024-0148;7.6;HIGH;CVSS:3.1/AV:P/AC:L/PR:N/UI:N/S:C/C:H/I:H/A:H;CWE-447;5617;Jetson AGX Orin Series (rel35);All versions prior to 35.6;IGX 1.1, 36.4.3, 35.6.1
CVE-2024-0148;7.6;HIGH;CVSS:3.1/AV:P/AC:L/PR:N/UI:N/S:C/C:H/I:H/A:H;CWE-447;5617;Jetson AGX Orin Series (rel36);All versions prior to 36.4.3;IGX 1.1, 36.4.3, 35.6.1
CVE-2024-0149;3.3;LOW;CVSS:3.1/AV:L/AC:L/PR:L/UI:N/S:U/C:L/I:N/A:N;CWE-125;5614;GeForce;All driver versions prior to 535.230.02;550.144.02(vGPU 17.5), 535.230.02(vGPU 16.9), 570.86.16, 550.144.03, 535.230.02, 570.86.15, 550.144.03(vGPU 17.5)
CVE-2024-0149;3.3;LOW;CVSS:3.1/AV:L/AC:L/PR:L/UI:N/S:U/C:L/I:N/A:N;CWE-125;5614;GeForce;All driver versions prior to 550.144.03;550.144.02(vGPU 17.5), 535.230.02(vGPU 16.9), 570.86.16, 550.144.03, 535.230.02, 570.86.15, 550.144.03(vGPU 17.5)
CVE-2024-0149;3.3;LOW;CVSS:3.1/AV:L/AC:L/PR:L/UI:N/S:U/C:L/I:N/A:N;CWE-125;5614;GeForce;All driver versions prior to 570.86.16;550.144.02(vGPU 17.5), 535.230.02(vGPU 16.9), 570.86.16, 550.144.03, 535.230.02, 570.86.15, 550.144.03(vGPU 17.5)
CVE-2024-0149;3.3;LOW;CVSS:3.1/AV:L/AC:L/PR:L/UI:N/S:U/C:L/I:N/A:N;CWE-125;5614;Guest driver;535.216.01(All versions up to and including vGPU 16.8);550.144.02(vGPU 17.5), 535.230.02(vGPU 16.9), 570.86.16, 550.144.03, 535.230.02, 570.86.15, 550.144.03(vGPU 17.5)
CVE-2024-0149;3.3;LOW;CVSS:3.1/AV:L/AC:L/PR:L/UI:N/S:U/C:L/I:N/A:N;CWE-125;5614;Guest driver;550.127.05(All versions up to and including vGPU 17.4);550.144.02(vGPU 17.5), 535.230.02(vGPU 16.9), 570.86.16, 550.144.03, 535.230.02, 570.86.15, 550.144.03(vGPU 17.5)
CVE-2024-0149;3.3;LOW;CVSS:3.1/AV:L/AC:L/PR:L/UI:N/S:U/C:L/I:N/A:N;CWE-125;5614;NVIDIA RTX, Quadro, NVS;All driver versions prior to 535.230.02;550.144.02(vGPU 17.5), 535.230.02(vGPU 16.9), 570.86.16, 550.144.03, 535.230.02, 570.86.15, 550.144.03(vGPU 17.5)
CVE-2024-0149;3.3;LOW;CVSS:3.1/AV:L/AC:L/PR:L/UI:N/S:U/C:L/I:N/A:N;CWE-125;5614;NVIDIA RTX, Quadro, NVS;All driver versions prior to 550.144.03;550.144.02(vGPU 17.5), 535.230.02(vGPU 16.9), 570.86.16, 550.144.03, 535.230.02, 570.86.15, 550.144.03(vGPU 17.5)
CVE-2024-0149;3.3;LOW;CVSS:3.1/AV:L/AC:L/PR:L/UI:N/S:U/C:L/I:N/A:N;CWE-125;5614;NVIDIA RTX, Quadro, NVS;All driver versions prior to 570.86.16;550.144.02(vGPU 17.5), 535.230.02(vGPU 16.9), 570.86.16, 550.144.03, 535.230.02, 570.86.15, 550.144.03(vGPU 17.5)
CVE-2024-0149;3.3;LOW;CVSS:3.1/AV:L/AC:L/PR:L/UI:N/S:U/C:L/I:N/A:N;CWE-125;5614;Tesla;All driver versions prior to 535.230.02;550.144.02(vGPU 17.5), 535.230.02(vGPU 16.9), 570.86.16, 550.144.03, 535.230.02, 570.86.15, 550.144.03(vGPU 17.5)
CVE-2024-0149;3.3;LOW;CVSS:3.1/AV:L/AC:L/PR:L/UI:N/S:U/C:L/I:N/A:N;CWE-125;5614;Tesla;All driver versions prior to 550.144.03;550.144.02(vGPU 17.5), 535.230.02(vGPU 16.9), 570.86.16, 550.144.03, 535.230.02, 570.86.15, 550.144.03(vGPU 17.5)
CVE-2024-0149;3.3;LOW;CVSS:3.1/AV:L/AC:L/PR:L/UI:N/S:U/C:L/I:N/A:N;CWE-125;5614;Tesla;All driver versions prior to 570.86.15;550.144.02(vGPU 17.5), 535.230.02(vGPU 16.9), 570.86.16, 550.144.03, 535.230.02, 570.86.15, 550.144.03(vGPU 17.5)
CVE-2024-0149;3.3;LOW;CVSS:3.1/AV:L/AC:L/PR:L/UI:N/S:U/C:L/I:N/A:N;CWE-125;5614;Virtual GPU Manager;535.216.01(All versions up to and including vGPU 16.8);550.144.02(vGPU 17.5), 535.230.02(vGPU 16.9), 570.86.16, 550.144.03, 535.230.02, 570.86.15, 550.144.03(vGPU 17.5)
CVE-2024-0149;3.3;LOW;CVSS:3.1/AV:L/AC:L/PR:L/UI:N/S:U/C:L/I:N/A:N;CWE-125;5614;Virtual GPU Manager;535.216.01(All versions up to and including vGPU 16.8);550.144.02(vGPU 17.5), 535.230.02(vGPU 16.9), 570.86.16, 550.144.03, 535.230.02, 570.86.15, 550.144.03(vGPU 17.5)
CVE-2024-0149;3.3;LOW;CVSS:3.1/AV:L/AC:L/PR:L/UI:N/S:U/C:L/I:N/A:N;CWE-125;5614;Virtual GPU Manager;535.216.01(All versions up to and including vGPU 16.8);550.144.02(vGPU 17.5), 535.230.02(vGPU 16.9), 570.86.16, 550.144.03, 535.230.02, 570.86.15, 550.144.03(vGPU 17.5)
CVE-2024-0149;3.3;LOW;CVSS:3.1/AV:L/AC:L/PR:L/UI:N/S:U/C:L/I:N/A:N;CWE-125;5614;Virtual GPU Manager;535.216.01(All versions up to and including vGPU 16.8);550.144.02(vGPU 17.5), 535.230.02(vGPU 16.9), 570.86.16, 550.144.03, 535.230.02, 570.86.15, 550.144.03(vGPU 17.5)
CVE-2024-0149;3.3;LOW;CVSS:3.1/AV:L/AC:L/PR:L/UI:N/S:U/C:L/I:N/A:N;CWE-125;5614;Virtual GPU Manager;550.127.06(All versions up to and including vGPU 17.4);550.144.02(vGPU 17.5), 535.230.02(vGPU 16.9), 570.86.16, 550.144.03, 535.230.02, 570.86.15, 550.144.03(vGPU 17.5)
CVE-2024-0149;3.3;LOW;CVSS:3.1/AV:L/AC:L/PR:L/UI:N/S:U/C:L/I:N/A:N;CWE-125;5614;Virtual GPU Manager;550.127.06(All versions up to and including vGPU 17.4);550.144.02(vGPU 17.5), 535.230.02(vGPU 16.9), 570.86.16, 550.144.03, 535.230.02, 570.86.15, 550.144.03(vGPU 17.5)
CVE-2024-0149;3.3;LOW;CVSS:3.1/AV:L/AC:L/PR:L/UI:N/S:U/C:L/I:N/A:N;CWE-125;5614;Virtual GPU Manager;550.127.06(All versions up to and including vGPU 17.4);550.144.02(vGPU 17.5), 535.230.02(vGPU 16.9), 570.86.16, 550.144.03, 535.230.02, 570.86.15, 550.144.03(vGPU 17.5)
CVE-2024-0149;3.3;LOW;CVSS:3.1/AV:L/AC:L/PR:L/UI:N/S:U/C:L/I:N/A:N;CWE-125;5614;Virtual GPU Manager;550.127.06(All versions up to and including vGPU 17.4);550.144.02(vGPU 17.5), 535.230.02(vGPU 16.9), 570.86.16, 550.144.03, 535.230.02, 570.86.15, 550.144.03(vGPU 17.5)
CVE-2024-0150;7.1;HIGH;CVSS:3.1/AV:L/AC:L/PR:L/UI:N/S:U/C:N/I:H/A:H;CWE-787;5614;GeForce;All driver versions prior to 535.230.02;550.144.02(vGPU 17.5), 535.230.02(vGPU 16.9), 553.56(vGPU 17.5), 572.16, 553.62, 539.19, 572.13, 570.86.16, 550.144.03, 535.230.02, 570.86.15
CVE-2024-0150;7.1;HIGH;CVSS:3.1/AV:L/AC:L/PR:L/UI:N/S:U/C:N/I:H/A:H;CWE-787;5614;GeForce;All driver versions prior to 550.144.03;550.144.02(vGPU 17.5), 535.230.02(vGPU 16.9), 553.56(vGPU 17.5), 572.16, 553.62, 539.19, 572.13, 570.86.16, 550.144.03, 535.230.02, 570.86.15
CVE-2024-0150;7.1;HIGH;CVSS:3.1/AV:L/AC:L/PR:L/UI:N/S:U/C:N/I:H/A:H;CWE-787;5614;GeForce;All driver versions prior to 570.86.16;550.144.02(vGPU 17.5), 535.230.02(vGPU 16.9), 553.56(vGPU 17.5), 572.16, 553.62, 539.19, 572.13, 570.86.16, 550.144.03, 535.230.02, 570.86.15
CVE-2024-0150;7.1;HIGH;CVSS:3.1/AV:L/AC:L/PR:L/UI:N/S:U/C:N/I:H/A:H;CWE-787;5614;GeForce;All driver versions prior to 572.16;550.144.02(vGPU 17.5), 535.230.02(vGPU 16.9), 553.56(vGPU 17.5), 572.16, 553.62, 539.19, 572.13, 570.86.16, 550.144.03, 535.230.02, 570.86.15
CVE-2024-0150;7.1;HIGH;CVSS:3.1/AV:L/AC:L/PR:L/UI:N/S:U/C:N/I:H/A:H;CWE-787;5614;NVIDIA RTX, Quadro, NVS;All driver versions prior to 535.230.02;550.144.02(vGPU 17.5), 535.230.02(vGPU 16.9), 553.56(vGPU 17.5), 572.16, 553.62, 539.19, 572.13, 570.86.16, 550.144.03, 535.230.02, 570.86.15
CVE-2024-0150;7.1;HIGH;CVSS:3.1/AV:L/AC:L/PR:L/UI:N/S:U/C:N/I:H/A:H;CWE-787;5614;NVIDIA RTX, Quadro, NVS;All driver versions prior to 539.19;550.144.02(vGPU 17.5), 535.230.02(vGPU 16.9), 553.56(vGPU 17.5), 572.16, 553.62, 539.19, 572.13, 570.86.16, 550.144.03, 535.230.02, 570.86.15
CVE-2024-0150;7.1;HIGH;CVSS:3.1/AV:L/AC:L/PR:L/UI:N/S:U/C:N/I:H/A:H;CWE-787;5614;NVIDIA RTX, Quadro, NVS;All driver versions prior to 550.144.03;550.144.02(vGPU 17.5), 535.230.02(vGPU 16.9), 553.56(vGPU 17.5), 572.16, 553.62, 539.19, 572.13, 570.86.16, 550.144.03, 535.230.02, 570.86.15
CVE-2024-0150;7.1;HIGH;CVSS:3.1/AV:L/AC:L/PR:L/UI:N/S:U/C:N/I:H/A:H;CWE-787;5614;NVIDIA RTX, Quadro, NVS;All driver versions prior to 553.62;550.144.02(vGPU 17.5), 535.230.02(vGPU 16.9), 553.56(vGPU 17.5), 572.16, 553.62, 539.19, 572.13, 570.86.16, 550.144.03, 535.230.02, 570.86.15
CVE-2024-0150;7.1;HIGH;CVSS:3.1/AV:L/AC:L/PR:L/UI:N/S:U/C:N/I:H/A:H;CWE-787;5614;NVIDIA RTX, Quadro, NVS;All driver versions prior to 570.86.16;550.144.02(vGPU 17.5), 535.230.02(vGPU 16.9), 553.56(vGPU 17.5), 572.16, 553.62, 539.19, 572.13, 570.86.16, 550.144.03, 535.230.02, 570.86.15
CVE-2024-0150;7.1;HIGH;CVSS:3.1/AV:L/AC:L/PR:L/UI:N/S:U/C:N/I:H/A:H;CWE-787;5614;NVIDIA RTX, Quadro, NVS;All driver versions prior to 572.16;550.144.02(vGPU 17.5), 535.230.02(vGPU 16.9), 553.56(vGPU 17.5), 572.16, 553.62, 539.19, 572.13, 570.86.16, 550.144.03, 535.230.02, 570.86.15
CVE-2024-0150;7.1;HIGH;CVSS:3.1/AV:L/AC:L/PR:L/UI:N/S:U/C:N/I:H/A:H;CWE-787;5614;Tesla;All driver versions prior to 535.230.02;550.144.02(vGPU 17.5), 535.230.02(vGPU 16.9), 553.56(vGPU 17.5), 572.16, 553.62, 539.19, 572.13, 570.86.16, 550.144.03, 535.230.02, 570.86.15
CVE-2024-0150;7.1;HIGH;CVSS:3.1/AV:L/AC:L/PR:L/UI:N/S:U/C:N/I:H/A:H;CWE-787;5614;Tesla;All driver versions prior to 550.144.03;550.144.02(vGPU 17.5), 535.230.02(vGPU 16.9), 553.56(vGPU 17.5), 572.16, 553.62, 539.19, 572.13, 570.86.16, 550.144.03, 535.230.02, 570.86.15
CVE-2024-0150;7.1;HIGH;CVSS:3.1/AV:L/AC:L/PR:L/UI:N/S:U/C:N/I:H/A:H;CWE-787;5614;Tesla;All driver versions prior to 553.62;550.144.02(vGPU 17.5), 535.230.02(vGPU 16.9), 553.56(vGPU 17.5), 572.16, 553.62, 539.19, 572.13, 570.86.16, 550.144.03, 535.230.02, 570.86.15
CVE-2024-0150;7.1;HIGH;CVSS:3.1/AV:L/AC:L/PR:L/UI:N/S:U/C:N/I:H/A:H;CWE-787;5614;Tesla;All driver versions prior to 570.86.15;550.144.02(vGPU 17.5), 535.230.02(vGPU 16.9), 553.56(vGPU 17.5), 572.16, 553.62, 539.19, 572.13, 570.86.16, 550.144.03, 535.230.02, 570.86.15
CVE-2024-0150;7.1;HIGH;CVSS:3.1/AV:L/AC:L/PR:L/UI:N/S:U/C:N/I:H/A:H;CWE-787;5614;Tesla;All driver versions prior to 572.13;550.144.02(vGPU 17.5), 535.230.02(vGPU 16.9), 553.56(vGPU 17.5), 572.16, 553.62, 539.19, 572.13, 570.86.16, 550.144.03, 535.230.02, 570.86.15
CVE-2024-0150;7.1;HIGH;CVSS:3.1/AV:L/AC:L/PR:L/UI:N/S:U/C:N/I:H/A:H;CWE-787;5614;Tesla;All driver versions prior to 572.16;550.144.02(vGPU 17.5), 535.230.02(vGPU 16.9), 553.56(vGPU 17.5), 572.16, 553.62, 539.19, 572.13, 570.86.16, 550.144.03, 535.230.02, 570.86.15
CVE-2024-0150;7.1;HIGH;CVSS:3.1/AV:L/AC:L/PR:L/UI:N/S:U/C:N/I:H/A:H;CWE-787;5614;Virtual GPU Manager;535.216.01(All versions up to and including vGPU 16.8);550.144.02(vGPU 17.5), 535.230.02(vGPU 16.9), 553.56(vGPU 17.5), 572.16, 553.62, 539.19, 572.13, 570.86.16, 550.144.03, 535.230.02, 570.86.15
CVE-2024-0150;7.1;HIGH;CVSS:3.1/AV:L/AC:L/PR:L/UI:N/S:U/C:N/I:H/A:H;CWE-787;5614;Virtual GPU Manager;535.216.01(All versions up to and including vGPU 16.8);550.144.02(vGPU 17.5), 535.230.02(vGPU 16.9), 553.56(vGPU 17.5), 572.16, 553.62, 539.19, 572.13, 570.86.16, 550.144.03, 535.230.02, 570.86.15
CVE-2024-0150;7.1;HIGH;CVSS:3.1/AV:L/AC:L/PR:L/UI:N/S:U/C:N/I:H/A:H;CWE-787;5614;Virtual GPU Manager;535.216.01(All versions up to and including vGPU 16.8);550.144.02(vGPU 17.5), 535.230.02(vGPU 16.9), 553.56(vGPU 17.5), 572.16, 553.62, 539.19, 572.13, 570.86.16, 550.144.03, 535.230.02, 570.86.15
CVE-2024-0150;7.1;HIGH;CVSS:3.1/AV:L/AC:L/PR:L/UI:N/S:U/C:N/I:H/A:H;CWE-787;5614;Virtual GPU Manager;535.216.01(All versions up to and including vGPU 16.8);550.144.02(vGPU 17.5), 535.230.02(vGPU 16.9), 553.56(vGPU 17.5), 572.16, 553.62, 539.19, 572.13, 570.86.16, 550.144.03, 535.230.02, 570.86.15
CVE-2024-0150;7.1;HIGH;CVSS:3.1/AV:L/AC:L/PR:L/UI:N/S:U/C:N/I:H/A:H;CWE-787;5614;Virtual GPU Manager;550.127.06(All versions up to and including vGPU 17.4);550.144.02(vGPU 17.5), 535.230.02(vGPU 16.9), 553.56(vGPU 17.5), 572.16, 553.62, 539.19, 572.13, 570.86.16, 550.144.03, 535.230.02, 570.86.15
CVE-2024-0150;7.1;HIGH;CVSS:3.1/AV:L/AC:L/PR:L/UI:N/S:U/C:N/I:H/A:H;CWE-787;5614;Virtual GPU Manager;550.127.06(All versions up to and including vGPU 17.4);550.144.02(vGPU 17.5), 535.230.02(vGPU 16.9), 553.56(vGPU 17.5), 572.16, 553.62, 539.19, 572.13, 570.86.16, 550.144.03, 535.230.02, 570.86.15
CVE-2024-0150;7.1;HIGH;CVSS:3.1/AV:L/AC:L/PR:L/UI:N/S:U/C:N/I:H/A:H;CWE-787;5614;Virtual GPU Manager;550.127.06(All versions up to and including vGPU 17.4);550.144.02(vGPU 17.5), 535.230.02(vGPU 16.9), 553.56(vGPU 17.5), 572.16, 553.62, 539.19, 572.13, 570.86.16, 550.144.03, 535.230.02, 570.86.15
CVE-2024-0150;7.1;HIGH;CVSS:3.1/AV:L/AC:L/PR:L/UI:N/S:U/C:N/I:H/A:H;CWE-787;5614;Virtual GPU Manager;550.127.06(All versions up to and including vGPU 17.4);550.144.02(vGPU 17.5), 535.230.02(vGPU 16.9), 553.56(vGPU 17.5), 572.16, 553.62, 539.19, 572.13, 570.86.16, 550.144.03, 535.230.02, 570.86.15
CVE-2024-0150;7.1;HIGH;CVSS:3.1/AV:L/AC:L/PR:L/UI:N/S:U/C:N/I:H/A:H;CWE-787;5614;Virtual GPU Manager;553.20(All versions up to and including vGPU 17.4);550.144.02(vGPU 17.5), 535.230.02(vGPU 16.9), 553.56(vGPU 17.5), 572.16, 553.62, 539.19, 572.13, 570.86.16, 550.144.03, 535.230.02, 570.86.15
CVE-2024-53869;5.5;MEDIUM;CVSS:3.1/AV:L/AC:L/PR:L/UI:N/S:U/C:H/I:N/A:N;CWE-459;5614;GeForce;All driver versions prior to 550.144.03;570.86.16, 550.144.03, 570.86.15, 550.144.03(vGPU 17.5), 535.230.02(vGPU 16.9)
CVE-2024-53869;5.5;MEDIUM;CVSS:3.1/AV:L/AC:L/PR:L/UI:N/S:U/C:H/I:N/A:N;CWE-459;5614;GeForce;All driver versions prior to 570.86.16;570.86.16, 550.144.03, 570.86.15, 550.144.03(vGPU 17.5), 535.230.02(vGPU 16.9)
CVE-2024-53869;5.5;MEDIUM;CVSS:3.1/AV:L/AC:L/PR:L/UI:N/S:U/C:H/I:N/A:N;CWE-459;5614;Guest driver;535.216.01(All versions up to and including vGPU 16.8);570.86.16, 550.144.03, 570.86.15, 550.144.03(vGPU 17.5), 535.230.02(vGPU 16.9)
CVE-2024-53869;5.5;MEDIUM;CVSS:3.1/AV:L/AC:L/PR:L/UI:N/S:U/C:H/I:N/A:N;CWE-459;5614;Guest driver;550.127.05(All versions up to and including vGPU 17.4);570.86.16, 550.144.03, 570.86.15, 550.144.03(vGPU 17.5), 535.230.02(vGPU 16.9)
CVE-2024-53869;5.5;MEDIUM;CVSS:3.1/AV:L/AC:L/PR:L/UI:N/S:U/C:H/I:N/A:N;CWE-459;5614;NVIDIA RTX, Quadro, NVS;All driver versions prior to 550.144.03;570.86.16, 550.144.03, 570.86.15, 550.144.03(vGPU 17.5), 535.230.02(vGPU 16.9)
CVE-2024-53869;5.5;MEDIUM;CVSS:3.1/AV:L/AC:L/PR:L/UI:N/S:U/C:H/I:N/A:N;CWE-459;5614;NVIDIA RTX, Quadro, NVS;All driver versions prior to 570.86.16;570.86.16, 550.144.03, 570.86.15, 550.144.03(vGPU 17.5), 535.230.02(vGPU 16.9)
CVE-2024-53869;5.5;MEDIUM;CVSS:3.1/AV:L/AC:L/PR:L/UI:N/S:U/C:H/I:N/A:N;CWE-459;5614;Tesla;All driver versions prior to 550.144.03;570.86.16, 550.144.03, 570.86.15, 550.144.03(vGPU 17.5), 535.230.02(vGPU 16.9)
CVE-2024-53869;5.5;MEDIUM;CVSS:3.1/AV:L/AC:L/PR:L/UI:N/S:U/C:H/I:N/A:N;CWE-459;5614;Tesla;All driver versions prior to 570.86.15;570.86.16, 550.144.03, 570.86.15, 550.144.03(vGPU 17.5), 535.230.02(vGPU 16.9)
CVE-2024-53870;3.3;LOW;CVSS:3.1/AV:L/AC:L/PR:N/UI:R/S:U/C:N/I:N/A:L;CWE-125;5594;NVIDIA CUDA Toolkit;All versions up to CUDA Toolkit 12.8;CUDA Toolkit 12.8
CVE-2024-53871;3.3;LOW;CVSS:3.1/AV:L/AC:L/PR:N/UI:R/S:U/C:N/I:N/A:L;CWE-125;5594;NVIDIA CUDA Toolkit;All versions up to CUDA Toolkit 12.8;CUDA Toolkit 12.8
CVE-2024-53872;3.3;LOW;CVSS:3.1/AV:L/AC:L/PR:N/UI:R/S:U/C:N/I:N/A:L;CWE-125;5594;NVIDIA CUDA Toolkit;All versions up to CUDA Toolkit 12.8;CUDA Toolkit 12.8
CVE-2024-53873;3.3;LOW;CVSS:3.1/AV:L/AC:L/PR:N/UI:R/S:U/C:N/I:N/A:L;CWE-125;5594;NVIDIA CUDA Toolkit;All versions up to CUDA Toolkit 12.8;CUDA Toolkit 12.8
CVE-2024-53874;3.3;LOW;CVSS:3.1/AV:L/AC:L/PR:N/UI:R/S:U/C:N/I:N/A:L;CWE-125;5594;NVIDIA CUDA Toolkit;All versions up to CUDA Toolkit 12.8;CUDA Toolkit 12.8
CVE-2024-53875;3.3;LOW;CVSS:3.1/AV:L/AC:L/PR:N/UI:R/S:U/C:N/I:N/A:L;CWE-125;5594;NVIDIA CUDA Toolkit;All versions up to CUDA Toolkit 12.8;CUDA Toolkit 12.8
CVE-2024-53876;3.3;LOW;CVSS:3.1/AV:L/AC:L/PR:N/UI:R/S:U/C:N/I:N/A:L;CWE-125;5594;NVIDIA CUDA Toolkit;All versions up to CUDA Toolkit 12.8;CUDA Toolkit 12.8
CVE-2024-53877;3.3;LOW;CVSS:3.1/AV:L/AC:L/PR:N/UI:R/S:U/C:N/I:N/A:L;CWE-476;5594;NVIDIA CUDA Toolkit;All versions up to CUDA Toolkit 12.8;CUDA Toolkit 12.8
CVE-2024-53878;2.8;LOW;CVSS:3.1/AV:L/AC:L/PR:L/UI:R/S:U/C:N/I:N/A:L;CWE-1284;5594;NVIDIA CUDA Toolkit;All versions up to CUDA Toolkit 12.8;CUDA Toolkit 12.8
CVE-2024-53879;2.8;LOW;CVSS:3.1/AV:L/AC:L/PR:L/UI:R/S:U/C:N/I:N/A:L;CWE-1284;5594;NVIDIA CUDA Toolkit;All versions up to CUDA Toolkit 12.8;CUDA Toolkit 12.8
CVE-2024-53880;4.9;MEDIUM;CVSS:3.1/AV:N/AC:L/PR:H/UI:N/S:U/C:N/I:N/A:H;CWE-190;5612;Triton Inference Server;24.11;24.12
CVE-2024-53880;4.9;MEDIUM;CVSS:3.1/AV:N/AC:L/PR:H/UI:N/S:U/C:N/I:N/A:H;CWE-190;5612;Triton Inference Server;24.11;24.12
CVE-2024-53881;5.5;MEDIUM;CVSS:3.1/AV:L/AC:L/PR:L/UI:N/S:U/C:N/I:N/A:H;CWE-459;5614;Virtual GPU Manager;535.216.01(All versions up to and including vGPU 16.8);550.144.02(vGPU 17.5), 535.230.02(vGPU 16.9), 553.56(vGPU 17.5)
CVE-2024-53881;5.5;MEDIUM;CVSS:3.1/AV:L/AC:L/PR:L/UI:N/S:U/C:N/I:N/A:H;CWE-459;5614;Virtual GPU Manager;535.216.01(All versions up to and including vGPU 16.8);550.144.02(vGPU 17.5), 535.230.02(vGPU 16.9), 553.56(vGPU 17.5)
CVE-2024-53881;5.5;MEDIUM;CVSS:3.1/AV:L/AC:L/PR:L/UI:N/S:U/C:N/I:N/A:H;CWE-459;5614;Virtual GPU Manager;535.216.01(All versions up to and including vGPU 16.8);550.144.02(vGPU 17.5), 535.230.02(vGPU 16.9), 553.56(vGPU 17.5)
CVE-2024-53881;5.5;MEDIUM;CVSS:3.1/AV:L/AC:L/PR:L/UI:N/S:U/C:N/I:N/A:H;CWE-459;5614;Virtual GPU Manager;535.216.01(All versions up to and including vGPU 16.8);550.144.02(vGPU 17.5), 535.230.02(vGPU 16.9), 553.56(vGPU 17.5)
CVE-2024-53881;5.5;MEDIUM;CVSS:3.1/AV:L/AC:L/PR:L/UI:N/S:U/C:N/I:N/A:H;CWE-459;5614;Virtual GPU Manager;550.127.06(All versions up to and including vGPU 17.4);550.144.02(vGPU 17.5), 535.230.02(vGPU 16.9), 553.56(vGPU 17.5)
CVE-2024-53881;5.5;MEDIUM;CVSS:3.1/AV:L/AC:L/PR:L/UI:N/S:U/C:N/I:N/A:H;CWE-459;5614;Virtual GPU Manager;550.127.06(All versions up to and including vGPU 17.4);550.144.02(vGPU 17.5), 535.230.02(vGPU 16.9), 553.56(vGPU 17.5)
CVE-2024-53881;5.5;MEDIUM;CVSS:3.1/AV:L/AC:L/PR:L/UI:N/S:U/C:N/I:N/A:H;CWE-459;5614;Virtual GPU Manager;550.127.06(All versions up to and including vGPU 17.4);550.144.02(vGPU 17.5), 535.230.02(vGPU 16.9), 553.56(vGPU 17.5)
CVE-2024-53881;5.5;MEDIUM;CVSS:3.1/AV:L/AC:L/PR:L/UI:N/S:U/C:N/I:N/A:H;CWE-459;5614;Virtual GPU Manager;550.127.06(All versions up to and including vGPU 17.4);550.144.02(vGPU 17.5), 535.230.02(vGPU 16.9), 553.56(vGPU 17.5)
CVE-2024-53881;5.5;MEDIUM;CVSS:3.1/AV:L/AC:L/PR:L/UI:N/S:U/C:N/I:N/A:H;CWE-459;5614;Virtual GPU Manager;553.20(All versions up to and including vGPU 17.4);550.144.02(vGPU 17.5), 535.230.02(vGPU 16.9), 553.56(vGPU 17.5)
CVE-2025-23242;7.3;HIGH;CVSS:3.1/AV:N/AC:L/PR:N/UI:N/S:U/C:L/I:L/A:L;CWE-284;5625;NVIDIA Riva;All versions up to and including 2.18.0;2.19.0
CVE-2025-23243;6.5;MEDIUM;CVSS:3.1/AV:N/AC:L/PR:N/UI:N/S:U/C:N/I:L/A:L;CWE-284;5625;NVIDIA Riva;All versions up to and including 2.18.0;2.19.0
CVE-2025-23244;7.8;HIGH;CVSS:3.1/AV:L/AC:L/PR:L/UI:N/S:U/C:H/I:H/A:H;CWE-863;5630;GeForce;All driver versions prior to 535.247.01;575.51.02, 570.133.07, 550.163.01, 535.247.01, 535.247.01(vGPU 16.10), 550.163.01(vGPU 17.6), 570.133.20(vGPU 18.1), 570.133.20(March 2025 Release)
CVE-2025-23244;7.8;HIGH;CVSS:3.1/AV:L/AC:L/PR:L/UI:N/S:U/C:H/I:H/A:H;CWE-863;5630;GeForce;All driver versions prior to 550.163.01;575.51.02, 570.133.07, 550.163.01, 535.247.01, 535.247.01(vGPU 16.10), 550.163.01(vGPU 17.6), 570.133.20(vGPU 18.1), 570.133.20(March 2025 Release)
CVE-2025-23244;7.8;HIGH;CVSS:3.1/AV:L/AC:L/PR:L/UI:N/S:U/C:H/I:H/A:H;CWE-863;5630;GeForce;All driver versions prior to 570.133.07;575.51.02, 570.133.07, 550.163.01, 535.247.01, 535.247.01(vGPU 16.10), 550.163.01(vGPU 17.6), 570.133.20(vGPU 18.1), 570.133.20(March 2025 Release)
CVE-2025-23244;7.8;HIGH;CVSS:3.1/AV:L/AC:L/PR:L/UI:N/S:U/C:H/I:H/A:H;CWE-863;5630;GeForce;All driver versions prior to 575.51.02;575.51.02, 570.133.07, 550.163.01, 535.247.01, 535.247.01(vGPU 16.10), 550.163.01(vGPU 17.6), 570.133.20(vGPU 18.1), 570.133.20(March 2025 Release)
CVE-2025-23244;7.8;HIGH;CVSS:3.1/AV:L/AC:L/PR:L/UI:N/S:U/C:H/I:H/A:H;CWE-863;5630;Guest driver;535.230.02(All versions prior to and including vGPU 16.9);575.51.02, 570.133.07, 550.163.01, 535.247.01, 535.247.01(vGPU 16.10), 550.163.01(vGPU 17.6), 570.133.20(vGPU 18.1), 570.133.20(March 2025 Release)
CVE-2025-23244;7.8;HIGH;CVSS:3.1/AV:L/AC:L/PR:L/UI:N/S:U/C:H/I:H/A:H;CWE-863;5630;Guest driver;550.144.03(All versions prior to and including vGPU 17.5);575.51.02, 570.133.07, 550.163.01, 535.247.01, 535.247.01(vGPU 16.10), 550.163.01(vGPU 17.6), 570.133.20(vGPU 18.1), 570.133.20(March 2025 Release)
CVE-2025-23244;7.8;HIGH;CVSS:3.1/AV:L/AC:L/PR:L/UI:N/S:U/C:H/I:H/A:H;CWE-863;5630;Guest driver;570.124.06(All versions prior to and including vGPU 18.0);575.51.02, 570.133.07, 550.163.01, 535.247.01, 535.247.01(vGPU 16.10), 550.163.01(vGPU 17.6), 570.133.20(vGPU 18.1), 570.133.20(March 2025 Release)
CVE-2025-23244;7.8;HIGH;CVSS:3.1/AV:L/AC:L/PR:L/UI:N/S:U/C:H/I:H/A:H;CWE-863;5630;Guest driver;570.124.06(All versions up to and including the Feb 2025 release);575.51.02, 570.133.07, 550.163.01, 535.247.01, 535.247.01(vGPU 16.10), 550.163.01(vGPU 17.6), 570.133.20(vGPU 18.1), 570.133.20(March 2025 Release)
CVE-2025-23244;7.8;HIGH;CVSS:3.1/AV:L/AC:L/PR:L/UI:N/S:U/C:H/I:H/A:H;CWE-863;5630;NVIDIA RTX, Quadro, NVS;All driver versions prior to 535.247.01;575.51.02, 570.133.07, 550.163.01, 535.247.01, 535.247.01(vGPU 16.10), 550.163.01(vGPU 17.6), 570.133.20(vGPU 18.1), 570.133.20(March 2025 Release)
CVE-2025-23244;7.8;HIGH;CVSS:3.1/AV:L/AC:L/PR:L/UI:N/S:U/C:H/I:H/A:H;CWE-863;5630;NVIDIA RTX, Quadro, NVS;All driver versions prior to 550.163.01;575.51.02, 570.133.07, 550.163.01, 535.247.01, 535.247.01(vGPU 16.10), 550.163.01(vGPU 17.6), 570.133.20(vGPU 18.1), 570.133.20(March 2025 Release)
CVE-2025-23244;7.8;HIGH;CVSS:3.1/AV:L/AC:L/PR:L/UI:N/S:U/C:H/I:H/A:H;CWE-863;5630;NVIDIA RTX, Quadro, NVS;All driver versions prior to 570.133.07;575.51.02, 570.133.07, 550.163.01, 535.247.01, 535.247.01(vGPU 16.10), 550.163.01(vGPU 17.6), 570.133.20(vGPU 18.1), 570.133.20(March 2025 Release)
CVE-2025-23244;7.8;HIGH;CVSS:3.1/AV:L/AC:L/PR:L/UI:N/S:U/C:H/I:H/A:H;CWE-863;5630;NVIDIA RTX, Quadro, NVS;All driver versions prior to 575.51.02;575.51.02, 570.133.07, 550.163.01, 535.247.01, 535.247.01(vGPU 16.10), 550.163.01(vGPU 17.6), 570.133.20(vGPU 18.1), 570.133.20(March 2025 Release)
CVE-2025-23244;7.8;HIGH;CVSS:3.1/AV:L/AC:L/PR:L/UI:N/S:U/C:H/I:H/A:H;CWE-863;5630;Tesla;All driver versions prior to 535.247.01;575.51.02, 570.133.07, 550.163.01, 535.247.01, 535.247.01(vGPU 16.10), 550.163.01(vGPU 17.6), 570.133.20(vGPU 18.1), 570.133.20(March 2025 Release)
CVE-2025-23244;7.8;HIGH;CVSS:3.1/AV:L/AC:L/PR:L/UI:N/S:U/C:H/I:H/A:H;CWE-863;5630;Tesla;All driver versions prior to 550.163.01;575.51.02, 570.133.07, 550.163.01, 535.247.01, 535.247.01(vGPU 16.10), 550.163.01(vGPU 17.6), 570.133.20(vGPU 18.1), 570.133.20(March 2025 Release)
CVE-2025-23244;7.8;HIGH;CVSS:3.1/AV:L/AC:L/PR:L/UI:N/S:U/C:H/I:H/A:H;CWE-863;5630;Tesla;All driver versions prior to 570.133.07;575.51.02, 570.133.07, 550.163.01, 535.247.01, 535.247.01(vGPU 16.10), 550.163.01(vGPU 17.6), 570.133.20(vGPU 18.1), 570.133.20(March 2025 Release)
CVE-2025-23244;7.8;HIGH;CVSS:3.1/AV:L/AC:L/PR:L/UI:N/S:U/C:H/I:H/A:H;CWE-863;5630;Tesla;All driver versions prior to 575.51.02;575.51.02, 570.133.07, 550.163.01, 535.247.01, 535.247.01(vGPU 16.10), 550.163.01(vGPU 17.6), 570.133.20(vGPU 18.1), 570.133.20(March 2025 Release)
CVE-2025-23245;5.5;MEDIUM;CVSS:3.1/AV:L/AC:L/PR:L/UI:N/S:U/C:N/I:N/A:H;CWE-732;5630;Virtual GPU Manager;535.230.02(All versions prior to and including vGPU 16.9);535.247.02(vGPU 16.10), 550.163.02(vGPU 17.6), 570.133.10(vGPU 18.1), 572.83(vGPU 18.1), 570.133.10(March 2025 Release)
CVE-2025-23245;5.5;MEDIUM;CVSS:3.1/AV:L/AC:L/PR:L/UI:N/S:U/C:N/I:N/A:H;CWE-732;5630;Virtual GPU Manager;535.230.02(All versions prior to and including vGPU 16.9);535.247.02(vGPU 16.10), 550.163.02(vGPU 17.6), 570.133.10(vGPU 18.1), 572.83(vGPU 18.1), 570.133.10(March 2025 Release)
CVE-2025-23245;5.5;MEDIUM;CVSS:3.1/AV:L/AC:L/PR:L/UI:N/S:U/C:N/I:N/A:H;CWE-732;5630;Virtual GPU Manager;535.230.02(All versions prior to and including vGPU 16.9);535.247.02(vGPU 16.10), 550.163.02(vGPU 17.6), 570.133.10(vGPU 18.1), 572.83(vGPU 18.1), 570.133.10(March 2025 Release)
CVE-2025-23245;5.5;MEDIUM;CVSS:3.1/AV:L/AC:L/PR:L/UI:N/S:U/C:N/I:N/A:H;CWE-732;5630;Virtual GPU Manager;535.230.02(All versions prior to and including vGPU 16.9);535.247.02(vGPU 16.10), 550.163.02(vGPU 17.6), 570.133.10(vGPU 18.1), 572.83(vGPU 18.1), 570.133.10(March 2025 Release)
CVE-2025-23245;5.5;MEDIUM;CVSS:3.1/AV:L/AC:L/PR:L/UI:N/S:U/C:N/I:N/A:H;CWE-732;5630;Virtual GPU Manager;550.144.02(All versions prior to and including vGPU 17.5);535.247.02(vGPU 16.10), 550.163.02(vGPU 17.6), 570.133.10(vGPU 18.1), 572.83(vGPU 18.1), 570.133.10(March 2025 Release)
CVE-2025-23245;5.5;MEDIUM;CVSS:3.1/AV:L/AC:L/PR:L/UI:N/S:U/C:N/I:N/A:H;CWE-732;5630;Virtual GPU Manager;550.144.02(All versions prior to and including vGPU 17.5);535.247.02(vGPU 16.10), 550.163.02(vGPU 17.6), 570.133.10(vGPU 18.1), 572.83(vGPU 18.1), 570.133.10(March 2025 Release)
CVE-2025-23245;5.5;MEDIUM;CVSS:3.1/AV:L/AC:L/PR:L/UI:N/S:U/C:N/I:N/A:H;CWE-732;5630;Virtual GPU Manager;550.144.02(All versions prior to and including vGPU 17.5);535.247.02(vGPU 16.10), 550.163.02(vGPU 17.6), 570.133.10(vGPU 18.1), 572.83(vGPU 18.1), 570.133.10(March 2025 Release)
CVE-2025-23245;5.5;MEDIUM;CVSS:3.1/AV:L/AC:L/PR:L/UI:N/S:U/C:N/I:N/A:H;CWE-732;5630;Virtual GPU Manager;550.144.02(All versions prior to and including vGPU 17.5);535.247.02(vGPU 16.10), 550.163.02(vGPU 17.6), 570.133.10(vGPU 18.1), 572.83(vGPU 18.1), 570.133.10(March 2025 Release)
CVE-2025-23245;5.5;MEDIUM;CVSS:3.1/AV:L/AC:L/PR:L/UI:N/S:U/C:N/I:N/A:H;CWE-732;5630;Virtual GPU Manager;570.124.03(All versions prior to and including vGPU 18.0);535.247.02(vGPU 16.10), 550.163.02(vGPU 17.6), 570.133.10(vGPU 18.1), 572.83(vGPU 18.1), 570.133.10(March 2025 Release)
CVE-2025-23245;5.5;MEDIUM;CVSS:3.1/AV:L/AC:L/PR:L/UI:N/S:U/C:N/I:N/A:H;CWE-732;5630;Virtual GPU Manager;570.124.03(All versions prior to and including vGPU 18.0);535.247.02(vGPU 16.10), 550.163.02(vGPU 17.6), 570.133.10(vGPU 18.1), 572.83(vGPU 18.1), 570.133.10(March 2025 Release)
CVE-2025-23245;5.5;MEDIUM;CVSS:3.1/AV:L/AC:L/PR:L/UI:N/S:U/C:N/I:N/A:H;CWE-732;5630;Virtual GPU Manager;570.124.03(All versions prior to and including vGPU 18.0);535.247.02(vGPU 16.10), 550.163.02(vGPU 17.6), 570.133.10(vGPU 18.1), 572.83(vGPU 18.1), 570.133.10(March 2025 Release)
CVE-2025-23245;5.5;MEDIUM;CVSS:3.1/AV:L/AC:L/PR:L/UI:N/S:U/C:N/I:N/A:H;CWE-732;5630;Virtual GPU Manager;570.124.03(All versions prior to and including vGPU 18.0);535.247.02(vGPU 16.10), 550.163.02(vGPU 17.6), 570.133.10(vGPU 18.1), 572.83(vGPU 18.1), 570.133.10(March 2025 Release)
CVE-2025-23245;5.5;MEDIUM;CVSS:3.1/AV:L/AC:L/PR:L/UI:N/S:U/C:N/I:N/A:H;CWE-732;5630;Virtual GPU Manager;570.124.03(All versions up to and including the Feb 2025 release);535.247.02(vGPU 16.10), 550.163.02(vGPU 17.6), 570.133.10(vGPU 18.1), 572.83(vGPU 18.1), 570.133.10(March 2025 Release)
CVE-2025-23245;5.5;MEDIUM;CVSS:3.1/AV:L/AC:L/PR:L/UI:N/S:U/C:N/I:N/A:H;CWE-732;5630;Virtual GPU Manager;570.124.03(All versions up to and including the Feb 2025 release);535.247.02(vGPU 16.10), 550.163.02(vGPU 17.6), 570.133.10(vGPU 18.1), 572.83(vGPU 18.1), 570.133.10(March 2025 Release)
CVE-2025-23245;5.5;MEDIUM;CVSS:3.1/AV:L/AC:L/PR:L/UI:N/S:U/C:N/I:N/A:H;CWE-732;5630;Virtual GPU Manager;572.60(All versions prior to and including vGPU 18.0);535.247.02(vGPU 16.10), 550.163.02(vGPU 17.6), 570.133.10(vGPU 18.1), 572.83(vGPU 18.1), 570.133.10(March 2025 Release)
CVE-2025-23245;5.5;MEDIUM;CVSS:3.1/AV:L/AC:L/PR:L/UI:N/S:U/C:N/I:N/A:H;CWE-732;5630;Virtual GPU Manager;572.60(All versions prior to and including vGPU 18.0);535.247.02(vGPU 16.10), 550.163.02(vGPU 17.6), 570.133.10(vGPU 18.1), 572.83(vGPU 18.1), 570.133.10(March 2025 Release)
CVE-2025-23246;5.5;MEDIUM;CVSS:3.1/AV:L/AC:L/PR:L/UI:N/S:U/C:N/I:N/A:H;CWE-400;5630;Virtual GPU Manager;535.230.02(All versions prior to and including vGPU 16.9);535.247.02(vGPU 16.10), 550.163.02(vGPU 17.6), 570.133.10(vGPU 18.1), 572.83(vGPU 18.1), 570.133.10(March 2025 Release)
CVE-2025-23246;5.5;MEDIUM;CVSS:3.1/AV:L/AC:L/PR:L/UI:N/S:U/C:N/I:N/A:H;CWE-400;5630;Virtual GPU Manager;535.230.02(All versions prior to and including vGPU 16.9);535.247.02(vGPU 16.10), 550.163.02(vGPU 17.6), 570.133.10(vGPU 18.1), 572.83(vGPU 18.1), 570.133.10(March 2025 Release)
CVE-2025-23246;5.5;MEDIUM;CVSS:3.1/AV:L/AC:L/PR:L/UI:N/S:U/C:N/I:N/A:H;CWE-400;5630;Virtual GPU Manager;535.230.02(All versions prior to and including vGPU 16.9);535.247.02(vGPU 16.10), 550.163.02(vGPU 17.6), 570.133.10(vGPU 18.1), 572.83(vGPU 18.1), 570.133.10(March 2025 Release)
CVE-2025-23246;5.5;MEDIUM;CVSS:3.1/AV:L/AC:L/PR:L/UI:N/S:U/C:N/I:N/A:H;CWE-400;5630;Virtual GPU Manager;535.230.02(All versions prior to and including vGPU 16.9);535.247.02(vGPU 16.10), 550.163.02(vGPU 17.6), 570.133.10(vGPU 18.1), 572.83(vGPU 18.1), 570.133.10(March 2025 Release)
CVE-2025-23246;5.5;MEDIUM;CVSS:3.1/AV:L/AC:L/PR:L/UI:N/S:U/C:N/I:N/A:H;CWE-400;5630;Virtual GPU Manager;550.144.02(All versions prior to and including vGPU 17.5);535.247.02(vGPU 16.10), 550.163.02(vGPU 17.6), 570.133.10(vGPU 18.1), 572.83(vGPU 18.1), 570.133.10(March 2025 Release)
CVE-2025-23246;5.5;MEDIUM;CVSS:3.1/AV:L/AC:L/PR:L/UI:N/S:U/C:N/I:N/A:H;CWE-400;5630;Virtual GPU Manager;550.144.02(All versions prior to and including vGPU 17.5);535.247.02(vGPU 16.10), 550.163.02(vGPU 17.6), 570.133.10(vGPU 18.1), 572.83(vGPU 18.1), 570.133.10(March 2025 Release)
CVE-2025-23246;5.5;MEDIUM;CVSS:3.1/AV:L/AC:L/PR:L/UI:N/S:U/C:N/I:N/A:H;CWE-400;5630;Virtual GPU Manager;550.144.02(All versions prior to and including vGPU 17.5);535.247.02(vGPU 16.10), 550.163.02(vGPU 17.6), 570.133.10(vGPU 18.1), 572.83(vGPU 18.1), 570.133.10(March 2025 Release)
CVE-2025-23246;5.5;MEDIUM;CVSS:3.1/AV:L/AC:L/PR:L/UI:N/S:U/C:N/I:N/A:H;CWE-400;5630;Virtual GPU Manager;550.144.02(All versions prior to and including vGPU 17.5);535.247.02(vGPU 16.10), 550.163.02(vGPU 17.6), 570.133.10(vGPU 18.1), 572.83(vGPU 18.1), 570.133.10(March 2025 Release)
CVE-2025-23246;5.5;MEDIUM;CVSS:3.1/AV:L/AC:L/PR:L/UI:N/S:U/C:N/I:N/A:H;CWE-400;5630;Virtual GPU Manager;570.124.03(All versions prior to and including vGPU 18.0);535.247.02(vGPU 16.10), 550.163.02(vGPU 17.6), 570.133.10(vGPU 18.1), 572.83(vGPU 18.1), 570.133.10(March 2025 Release)
CVE-2025-23246;5.5;MEDIUM;CVSS:3.1/AV:L/AC:L/PR:L/UI:N/S:U/C:N/I:N/A:H;CWE-400;5630;Virtual GPU Manager;570.124.03(All versions prior to and including vGPU 18.0);535.247.02(vGPU 16.10), 550.163.02(vGPU 17.6), 570.133.10(vGPU 18.1), 572.83(vGPU 18.1), 570.133.10(March 2025 Release)
CVE-2025-23246;5.5;MEDIUM;CVSS:3.1/AV:L/AC:L/PR:L/UI:N/S:U/C:N/I:N/A:H;CWE-400;5630;Virtual GPU Manager;570.124.03(All versions prior to and including vGPU 18.0);535.247.02(vGPU 16.10), 550.163.02(vGPU 17.6), 570.133.10(vGPU 18.1), 572.83(vGPU 18.1), 570.133.10(March 2025 Release)
CVE-2025-23246;5.5;MEDIUM;CVSS:3.1/AV:L/AC:L/PR:L/UI:N/S:U/C:N/I:N/A:H;CWE-400;5630;Virtual GPU Manager;570.124.03(All versions prior to and including vGPU 18.0);535.247.02(vGPU 16.10), 550.163.02(vGPU 17.6), 570.133.10(vGPU 18.1), 572.83(vGPU 18.1), 570.133.10(March 2025 Release)
CVE-2025-23246;5.5;MEDIUM;CVSS:3.1/AV:L/AC:L/PR:L/UI:N/S:U/C:N/I:N/A:H;CWE-400;5630;Virtual GPU Manager;570.124.03(All versions up to and including the Feb 2025 release);535.247.02(vGPU 16.10), 550.163.02(vGPU 17.6), 570.133.10(vGPU 18.1), 572.83(vGPU 18.1), 570.133.10(March 2025 Release)
CVE-2025-23246;5.5;MEDIUM;CVSS:3.1/AV:L/AC:L/PR:L/UI:N/S:U/C:N/I:N/A:H;CWE-400;5630;Virtual GPU Manager;570.124.03(All versions up to and including the Feb 2025 release);535.247.02(vGPU 16.10), 550.163.02(vGPU 17.6), 570.133.10(vGPU 18.1), 572.83(vGPU 18.1), 570.133.10(March 2025 Release)
CVE-2025-23246;5.5;MEDIUM;CVSS:3.1/AV:L/AC:L/PR:L/UI:N/S:U/C:N/I:N/A:H;CWE-400;5630;Virtual GPU Manager;572.60(All versions prior to and including vGPU 18.0);535.247.02(vGPU 16.10), 550.163.02(vGPU 17.6), 570.133.10(vGPU 18.1), 572.83(vGPU 18.1), 570.133.10(March 2025 Release)
CVE-2025-23246;5.5;MEDIUM;CVSS:3.1/AV:L/AC:L/PR:L/UI:N/S:U/C:N/I:N/A:H;CWE-400;5630;Virtual GPU Manager;572.60(All versions prior to and including vGPU 18.0);535.247.02(vGPU 16.10), 550.163.02(vGPU 17.6), 570.133.10(vGPU 18.1), 572.83(vGPU 18.1), 570.133.10(March 2025 Release)
CVE-2025-23247;4.4;MEDIUM;CVSS:3.1/AV:L/AC:L/PR:N/UI:R/S:U/C:L/I:L/A:N;CWE-130;5643;NVIDIA CUDA Toolkit;All versions up to CUDA Toolkit 12.9;CUDA Toolkit 12.9
CVE-2025-23248;3.3;LOW;CVSS:3.1/AV:L/AC:L/PR:N/UI:R/S:U/C:N/I:N/A:L;CWE-125;5661;NVIDIA CUDA Toolkit;All versions prior to CUDA Toolkit 13.0;CUDA Toolkit 13.0
CVE-2025-23249;7.6;HIGH;CVSS:3.1/AV:N/AC:L/PR:N/UI:R/S:U/C:L/I:H/A:L;CWE-502;5641;NVIDIA NeMo Framework;All versions prior to 25.02;25.02
CVE-2025-23250;7.6;HIGH;CVSS:3.1/AV:N/AC:L/PR:N/UI:R/S:U/C:L/I:H/A:L;CWE-22;5641;NVIDIA NeMo Framework;All versions prior to 25.02;25.02
CVE-2025-23251;7.6;HIGH;CVSS:3.1/AV:N/AC:L/PR:N/UI:R/S:U/C:L/I:H/A:L;CWE-94;5641;NVIDIA NeMo Framework;All versions prior to 25.02;25.02
CVE-2025-23252;4.5;MEDIUM;CVSS:3.1/AV:N/AC:L/PR:H/UI:R/S:U/C:H/I:N/A:N;CWE-1244;5651;NVDebug tool;1.6.0;1.6.1 and later
CVE-2025-23253;8.8;HIGH;CVSS:3.1/AV:L/AC:L/UI:N/PR:L/S:C/C:H/I:H/A:H;CWE-547;5644;NVIDIA App;All versions prior to 11.0.2.337 (prod2 hotfix);11.0.2.337 (prod2 hotfix)
CVE-2025-23254;8.8;HIGH;CVSS:3.1/AV:L/AC:L/PR:L/UI:N/S:C/C:H/I:H/A:H;CWE-502;5648;NVIDIA TensorRT-LLM;All versions prior to 0.18.2;0.18.2
CVE-2025-23255;3.3;LOW;CVSS:3.1/AV:L/AC:L/PR:N/UI:R/S:U/C:N/I:N/A:L;CWE-125;5661;NVIDIA CUDA Toolkit;All versions prior to CUDA Toolkit 13.0;CUDA Toolkit 13.0
CVE-2025-23256;8.7;HIGH;CVSS:3.1/AV:L/AC:L/PR:L/UI:N/S:C/C:L/I:H/A:H;CWE-863;5655;BlueField GA;All versions prior to 45.1020;45.1020, 35.4554, 39.5050, 43.3608
CVE-2025-23256;8.7;HIGH;CVSS:3.1/AV:L/AC:L/PR:L/UI:N/S:C/C:L/I:H/A:H;CWE-863;5655;BlueField LTS22;All versions prior to 35.4554;45.1020, 35.4554, 39.5050, 43.3608
CVE-2025-23256;8.7;HIGH;CVSS:3.1/AV:L/AC:L/PR:L/UI:N/S:C/C:L/I:H/A:H;CWE-863;5655;BlueField LTS23;All versions prior to 39.5050;45.1020, 35.4554, 39.5050, 43.3608
CVE-2025-23256;8.7;HIGH;CVSS:3.1/AV:L/AC:L/PR:L/UI:N/S:C/C:L/I:H/A:H;CWE-863;5655;BlueField LTS24;All versions prior to 43.3608;45.1020, 35.4554, 39.5050, 43.3608
CVE-2025-23257;7.3;HIGH;CVSS:3.1/AV:L/AC:L/PR:L/UI:R/S:U/C:H/I:H/A:H;CWE-732;5655;NVIDIA DOCA with collectx-clxapidev;All 2.10 versions;2.9.3, 3.0.0
CVE-2025-23257;7.3;HIGH;CVSS:3.1/AV:L/AC:L/PR:L/UI:R/S:U/C:H/I:H/A:H;CWE-732;5655;NVIDIA DOCA with collectx-clxapidev;All 2.9 versions prior to 2.9.3;2.9.3, 3.0.0
CVE-2025-23258;7.3;HIGH;CVSS:3.1/AV:L/AC:L/PR:L/UI:R/S:U/C:H/I:H/A:H;CWE-732;5655;NVIDIA DOCA with collectx-dpeserver;All 2.10 versions;2.5.4, 2.9.3, 3.0.0
CVE-2025-23258;7.3;HIGH;CVSS:3.1/AV:L/AC:L/PR:L/UI:R/S:U/C:H/I:H/A:H;CWE-732;5655;NVIDIA DOCA with collectx-dpeserver;All 2.5 versions prior to 2.5.4;2.5.4, 2.9.3, 3.0.0
CVE-2025-23258;7.3;HIGH;CVSS:3.1/AV:L/AC:L/PR:L/UI:R/S:U/C:H/I:H/A:H;CWE-732;5655;NVIDIA DOCA with collectx-dpeserver;All 2.9 versions prior to 2.9.3;2.5.4, 2.9.3, 3.0.0
CVE-2025-23259;6.5;MEDIUM;CVSS:3.1/AV:N/AC:H/PR:N/UI:N/S:U/C:L/I:N/A:H;CWE-362;5655;Mellanox DPDK 20.11;All versions prior to 20.11_7.8.0 LTS;22.11_2504.1.0 GA, 22.11_24104.0 LTS, 22.11_23106.0 LTS, 20.11_7.9.0 LTS, 25.07, 24.11.3 LTS, 23.11.5 LTS, 22.11.10 LTS
CVE-2025-23259;6.5;MEDIUM;CVSS:3.1/AV:N/AC:H/PR:N/UI:N/S:U/C:L/I:N/A:H;CWE-362;5655;Mellanox DPDK 22.11;All versions prior to 22.11_2310 LTS;22.11_2504.1.0 GA, 22.11_24104.0 LTS, 22.11_23106.0 LTS, 20.11_7.9.0 LTS, 25.07, 24.11.3 LTS, 23.11.5 LTS, 22.11.10 LTS
CVE-2025-23259;6.5;MEDIUM;CVSS:3.1/AV:N/AC:H/PR:N/UI:N/S:U/C:L/I:N/A:H;CWE-362;5655;Mellanox DPDK 22.11;All versions prior to 22.11_2410 LTS;22.11_2504.1.0 GA, 22.11_24104.0 LTS, 22.11_23106.0 LTS, 20.11_7.9.0 LTS, 25.07, 24.11.3 LTS, 23.11.5 LTS, 22.11.10 LTS
CVE-2025-23259;6.5;MEDIUM;CVSS:3.1/AV:N/AC:H/PR:N/UI:N/S:U/C:L/I:N/A:H;CWE-362;5655;Mellanox DPDK 22.11;All versions prior to 22.11_2504.1.0;22.11_2504.1.0 GA, 22.11_24104.0 LTS, 22.11_23106.0 LTS, 20.11_7.9.0 LTS, 25.07, 24.11.3 LTS, 23.11.5 LTS, 22.11.10 LTS
CVE-2025-23259;6.5;MEDIUM;CVSS:3.1/AV:N/AC:H/PR:N/UI:N/S:U/C:L/I:N/A:H;CWE-362;5655;Upstream DPDK;All versions prior to 22.11.10 LTS;22.11_2504.1.0 GA, 22.11_24104.0 LTS, 22.11_23106.0 LTS, 20.11_7.9.0 LTS, 25.07, 24.11.3 LTS, 23.11.5 LTS, 22.11.10 LTS
CVE-2025-23259;6.5;MEDIUM;CVSS:3.1/AV:N/AC:H/PR:N/UI:N/S:U/C:L/I:N/A:H;CWE-362;5655;Upstream DPDK;All versions prior to 23.11.5 LTS;22.11_2504.1.0 GA, 22.11_24104.0 LTS, 22.11_23106.0 LTS, 20.11_7.9.0 LTS, 25.07, 24.11.3 LTS, 23.11.5 LTS, 22.11.10 LTS
CVE-2025-23259;6.5;MEDIUM;CVSS:3.1/AV:N/AC:H/PR:N/UI:N/S:U/C:L/I:N/A:H;CWE-362;5655;Upstream DPDK;All versions prior to 24.11.3 LTS;22.11_2504.1.0 GA, 22.11_24104.0 LTS, 22.11_23106.0 LTS, 20.11_7.9.0 LTS, 25.07, 24.11.3 LTS, 23.11.5 LTS, 22.11.10 LTS
CVE-2025-23259;6.5;MEDIUM;CVSS:3.1/AV:N/AC:H/PR:N/UI:N/S:U/C:L/I:N/A:H;CWE-362;5655;Upstream DPDK;All versions prior to 25.07;22.11_2504.1.0 GA, 22.11_24104.0 LTS, 22.11_23106.0 LTS, 20.11_7.9.0 LTS, 25.07, 24.11.3 LTS, 23.11.5 LTS, 22.11.10 LTS
CVE-2025-23260;5;MEDIUM;CVSS:3.1/AV:N/AC:L/PR:L/UI:N/S:C/C:L/I:N/A:N;CWE-266;5660;AIS Operator;All versions prior 2.3.0;AIStore on Kubernetes 2.3.0
CVE-2025-23261;5.5;MEDIUM;CVSS:3.1/AV:L/AC:L/PR:L/UI:N/S:U/C:H/I:N/A:N;CWE-532;5655;Cumulus Linux;Cumulus Linux 5.12, 5.11, 5.10, 5.9 and older;NVOS 25.02.42xx, Cumulus 5.13, 5.11.0.0026, 5.11.1.1009, 5.9.2.0020, 5.9.0.0032, NVOS 25.02.4xxx
CVE-2025-23261;5.5;MEDIUM;CVSS:3.1/AV:L/AC:L/PR:L/UI:N/S:U/C:H/I:N/A:N;CWE-532;5655;NVOS;NVOS 25.02.21xx,  25.02.22xx,  25.02.23xx;NVOS 25.02.42xx, Cumulus 5.13, 5.11.0.0026, 5.11.1.1009, 5.9.2.0020, 5.9.0.0032, NVOS 25.02.4xxx
CVE-2025-23261;5.5;MEDIUM;CVSS:3.1/AV:L/AC:L/PR:L/UI:N/S:U/C:H/I:N/A:N;CWE-532;5655;NVOS;NVOS 25.02.3xxx;NVOS 25.02.42xx, Cumulus 5.13, 5.11.0.0026, 5.11.1.1009, 5.9.2.0020, 5.9.0.0032, NVOS 25.02.4xxx
CVE-2025-23262;6.3;MEDIUM;CVSS:3.1/AV:L/AC:L/PR:H/UI:N/S:U/C:L/I:H/A:H;CWE-863;5655;ConnectX GA;All versions prior to 45.1020;45.1020, 35.4554, 39.5050, 43.3608, 12.28.4704 to be published by end of September, 14.32.1908 to be published by end of September
CVE-2025-23262;6.3;MEDIUM;CVSS:3.1/AV:L/AC:L/PR:H/UI:N/S:U/C:L/I:H/A:H;CWE-863;5655;ConnectX LTS22;All versions prior to 35.4554;45.1020, 35.4554, 39.5050, 43.3608, 12.28.4704 to be published by end of September, 14.32.1908 to be published by end of September
CVE-2025-23262;6.3;MEDIUM;CVSS:3.1/AV:L/AC:L/PR:H/UI:N/S:U/C:L/I:H/A:H;CWE-863;5655;ConnectX LTS23;All versions prior to 39.5050;45.1020, 35.4554, 39.5050, 43.3608, 12.28.4704 to be published by end of September, 14.32.1908 to be published by end of September
CVE-2025-23262;6.3;MEDIUM;CVSS:3.1/AV:L/AC:L/PR:H/UI:N/S:U/C:L/I:H/A:H;CWE-863;5655;ConnectX LTS24;All versions prior to 43.3608;45.1020, 35.4554, 39.5050, 43.3608, 12.28.4704 to be published by end of September, 14.32.1908 to be published by end of September
CVE-2025-23262;6.3;MEDIUM;CVSS:3.1/AV:L/AC:L/PR:H/UI:N/S:U/C:L/I:H/A:H;CWE-863;5655;ConnectX-4;All versions prior to 12.28.2704;45.1020, 35.4554, 39.5050, 43.3608, 12.28.4704 to be published by end of September, 14.32.1908 to be published by end of September
CVE-2025-23262;6.3;MEDIUM;CVSS:3.1/AV:L/AC:L/PR:H/UI:N/S:U/C:L/I:H/A:H;CWE-863;5655;ConnectX-4 LX;All versions prior to 14.32.1908;45.1020, 35.4554, 39.5050, 43.3608, 12.28.4704 to be published by end of September, 14.32.1908 to be published by end of September
CVE-2025-23263;7.6;HIGH;CVSS:3.1/AV:A/AC:L/PR:L/UI:N/S:U/C:H/I:H/A:L;CWE-279;5654;Mellanox OFED;All versions prior to 23.10-5.1.4.0;2.5.3-0.1.2, 2.9.2-0.1.6, 3.0.0-058001, 5.8-7.0.6.1, 23.10-5.1.4.0, 24.10-3.2.5.0
CVE-2025-23263;7.6;HIGH;CVSS:3.1/AV:A/AC:L/PR:L/UI:N/S:U/C:H/I:H/A:L;CWE-279;5654;Mellanox OFED;All versions prior to 24.10-3.2.5.0;2.5.3-0.1.2, 2.9.2-0.1.6, 3.0.0-058001, 5.8-7.0.6.1, 23.10-5.1.4.0, 24.10-3.2.5.0
CVE-2025-23263;7.6;HIGH;CVSS:3.1/AV:A/AC:L/PR:L/UI:N/S:U/C:H/I:H/A:L;CWE-279;5654;Mellanox OFED;All versions prior to 5.8-7.0.6.1;2.5.3-0.1.2, 2.9.2-0.1.6, 3.0.0-058001, 5.8-7.0.6.1, 23.10-5.1.4.0, 24.10-3.2.5.0
CVE-2025-23263;7.6;HIGH;CVSS:3.1/AV:A/AC:L/PR:L/UI:N/S:U/C:H/I:H/A:L;CWE-279;5654;NVIDIA DOCA-Host;All versions prior to 2.5.3-0.1.2;2.5.3-0.1.2, 2.9.2-0.1.6, 3.0.0-058001, 5.8-7.0.6.1, 23.10-5.1.4.0, 24.10-3.2.5.0
CVE-2025-23263;7.6;HIGH;CVSS:3.1/AV:A/AC:L/PR:L/UI:N/S:U/C:H/I:H/A:L;CWE-279;5654;NVIDIA DOCA-Host;All versions prior to 2.9.2-0.1.6;2.5.3-0.1.2, 2.9.2-0.1.6, 3.0.0-058001, 5.8-7.0.6.1, 23.10-5.1.4.0, 24.10-3.2.5.0
CVE-2025-23263;7.6;HIGH;CVSS:3.1/AV:A/AC:L/PR:L/UI:N/S:U/C:H/I:H/A:L;CWE-279;5654;NVIDIA DOCA-Host;All versions prior to 3.0.0-058001;2.5.3-0.1.2, 2.9.2-0.1.6, 3.0.0-058001, 5.8-7.0.6.1, 23.10-5.1.4.0, 24.10-3.2.5.0
CVE-2025-23264;7.8;HIGH;CVSS:3.1/AV:L/AC:L/PR:L/UI:N/S:U/C:H/I:H/A:H;CWE-94;5663;Megatron-LM;All versions prior to 0.12.1;0.12.1
CVE-2025-23265;7.8;HIGH;CVSS:3.1/AV:L/AC:L/PR:L/UI:N/S:U/C:H/I:H/A:H;CWE-94;5663;Megatron-LM;All versions prior to 0.12.1;0.12.1
CVE-2025-23266;9;CRITICAL;CVSS:3.1/AV:A/AC:L/PR:L/UI:N/S:C/C:H/I:H/A:H;CWE-426;5659;NVIDIA Container Toolkit;All versions up to and including 1.17.7 (CDI mode only for versions prior to 1.17.5);1.17.8, 25.3.2, 0.17.3, 0.12.2
CVE-2025-23266;9;CRITICAL;CVSS:3.1/AV:A/AC:L/PR:L/UI:N/S:C/C:H/I:H/A:H;CWE-426;5659;NVIDIA GPU Operator;All versions up to and including 25.3.1 (CDI mode only for versions prior to 25.3.1);1.17.8, 25.3.2, 0.17.3, 0.12.2
CVE-2025-23266;9;CRITICAL;CVSS:3.1/AV:A/AC:L/PR:L/UI:N/S:C/C:H/I:H/A:H;CWE-426;5659;NVIDIA Kubernetes Device Plugin;All versions up to and including 0.17.2 (only when device-list-strategy is cdi-annotations and/or cdi-cri);1.17.8, 25.3.2, 0.17.3, 0.12.2
CVE-2025-23266;9;CRITICAL;CVSS:3.1/AV:A/AC:L/PR:L/UI:N/S:C/C:H/I:H/A:H;CWE-426;5659;NVIDIA MIG Manager;All versions up to and including 0.12.1 (only when CDI is enabled);1.17.8, 25.3.2, 0.17.3, 0.12.2
CVE-2025-23267;8.5;HIGH;CVSS:3.1/AV:N/AC:L/PR:L/UI:N/S:C/C:N/I:L/A:H;CWE-59;5659;NVIDIA Container Toolkit;All versions up to and including 1.17.7 (CDI mode only for versions prior to 1.17.5);1.17.8, 25.3.2, 0.17.3, 0.12.2
CVE-2025-23267;8.5;HIGH;CVSS:3.1/AV:N/AC:L/PR:L/UI:N/S:C/C:N/I:L/A:H;CWE-59;5659;NVIDIA GPU Operator;All versions up to and including 25.3.1 (CDI mode only for versions prior to 25.3.1);1.17.8, 25.3.2, 0.17.3, 0.12.2
CVE-2025-23267;8.5;HIGH;CVSS:3.1/AV:N/AC:L/PR:L/UI:N/S:C/C:N/I:L/A:H;CWE-59;5659;NVIDIA Kubernetes Device Plugin;All versions up to and including 0.17.2 (only when device-list-strategy is cdi-annotations and/or cdi-cri);1.17.8, 25.3.2, 0.17.3, 0.12.2
CVE-2025-23267;8.5;HIGH;CVSS:3.1/AV:N/AC:L/PR:L/UI:N/S:C/C:N/I:L/A:H;CWE-59;5659;NVIDIA MIG Manager;All versions up to and including 0.12.1 (only when CDI is enabled);1.17.8, 25.3.2, 0.17.3, 0.12.2
CVE-2025-23268;8;HIGH;CVSS:3.1/AV:N/AC:H/PR:H/UI:N/S:C/C:H/I:H/A:H;CWE-20;5687;Triton Inference Server;All versions prior to 25.07;25.07
CVE-2025-23268;8;HIGH;CVSS:3.1/AV:N/AC:H/PR:H/UI:N/S:C/C:H/I:H/A:H;CWE-20;5691;Triton Inference Server;All versions prior to 25.07;25.07
CVE-2025-23269;4.7;MEDIUM;CVSS:3.1/AV:L/AC:H/PR:L/UI:N/S:U/C:H/I:N/A:N;CWE-1423;5662;Jetson Xavier Series;All versions prior to JP5.x: 35.6.2;35.6.2, 36.4.4
CVE-2025-23269;4.7;MEDIUM;CVSS:3.1/AV:L/AC:H/PR:L/UI:N/S:U/C:H/I:N/A:N;CWE-1423;5662;NVIDIA Jetson Orin Series;All versions prior to JP5.x: 35.6.2;35.6.2, 36.4.4
CVE-2025-23269;4.7;MEDIUM;CVSS:3.1/AV:L/AC:H/PR:L/UI:N/S:U/C:H/I:N/A:N;CWE-1423;5662;NVIDIA Jetson Orin Series;All versions prior to JP6.x: 36.4.4;35.6.2, 36.4.4
CVE-2025-23270;7.1;HIGH;CVSS:3.1/AV:P/AC:H/PR:N/UI:N/S:C/C:H/I:H/A:H;CWE-392;5662;IGX Orin;All versions prior to IGX 1.1.2;35.6.2, 36.4.4, IGX 1.1.2
CVE-2025-23270;7.1;HIGH;CVSS:3.1/AV:P/AC:H/PR:N/UI:N/S:C/C:H/I:H/A:H;CWE-392;5662;Jetson Xavier Series;All versions prior to JP5.x: 35.6.2;35.6.2, 36.4.4, IGX 1.1.2
CVE-2025-23270;7.1;HIGH;CVSS:3.1/AV:P/AC:H/PR:N/UI:N/S:C/C:H/I:H/A:H;CWE-392;5662;NVIDIA Jetson Orin Series;All versions prior to JP5.x: 35.6.2;35.6.2, 36.4.4, IGX 1.1.2
CVE-2025-23270;7.1;HIGH;CVSS:3.1/AV:P/AC:H/PR:N/UI:N/S:C/C:H/I:H/A:H;CWE-392;5662;NVIDIA Jetson Orin Series;All versions prior to JP6.x: 36.4.4;35.6.2, 36.4.4, IGX 1.1.2
CVE-2025-23271;3.3;LOW;CVSS:3.1/AV:L/AC:L/PR:N/UI:R/S:U/C:N/I:N/A:L;CWE-125;5661;NVIDIA CUDA Toolkit;All versions prior to CUDA Toolkit 13.0;CUDA Toolkit 13.0
CVE-2025-23272;5.7;MEDIUM;CVSS:3.1/AV:L/AC:H/PR:N/UI:N/S:U/C:L/I:N/A:H;CWE-125;5661;NVIDIA CUDA Toolkit;All versions prior to CUDA Toolkit 12.9 Update 1;CUDA Toolkit 12.9 Update 1, nvJPEG 25.03
CVE-2025-23272;5.7;MEDIUM;CVSS:3.1/AV:L/AC:H/PR:N/UI:N/S:U/C:L/I:N/A:H;CWE-125;5661;nvJPEG;All versions prior to nvJPEG 25.03;CUDA Toolkit 12.9 Update 1, nvJPEG 25.03
CVE-2025-23273;2.5;LOW;CVSS:3.1/AV:L/AC:H/PR:L/UI:N/S:U/C:N/I:N/A:L;CWE-369;5661;NVIDIA CUDA Toolkit;All versions prior to CUDA Toolkit 13.0;CUDA Toolkit 13.0, nvJPEG 13.0.0
CVE-2025-23273;2.5;LOW;CVSS:3.1/AV:L/AC:H/PR:L/UI:N/S:U/C:N/I:N/A:L;CWE-369;5661;nvJPEG;All versions prior to nvJPEG 13.0.0;CUDA Toolkit 13.0, nvJPEG 13.0.0
CVE-2025-23274;4.5;MEDIUM;CVSS:3.1/AV:L/AC:H/PR:L/UI:N/S:U/C:L/I:L/A:L;CWE-125;5661;NVIDIA CUDA Toolkit;All versions prior to CUDA Toolkit 13.0;CUDA Toolkit 13.0, nvJPEG 13.0.0
CVE-2025-23274;4.5;MEDIUM;CVSS:3.1/AV:L/AC:H/PR:L/UI:N/S:U/C:L/I:L/A:L;CWE-125;5661;nvJPEG;All versions prior to nvJPEG 13.0.0;CUDA Toolkit 13.0, nvJPEG 13.0.0
CVE-2025-23275;4.2;MEDIUM;CVSS:3.1/AV:L/AC:H/PR:L/UI:R/S:U/C:L/I:L/A:L;CWE-787;5661;NVIDIA CUDA Toolkit;All versions prior to CUDA Toolkit 13.0;CUDA Toolkit 13.0, nvJPEG 13.0.0
CVE-2025-23275;4.2;MEDIUM;CVSS:3.1/AV:L/AC:H/PR:L/UI:R/S:U/C:L/I:L/A:L;CWE-787;5661;nvJPEG;All versions prior to nvJPEG 13.0.0;CUDA Toolkit 13.0, nvJPEG 13.0.0
CVE-2025-23276;7.8;HIGH;CVSS:3.1/AV:L/AC:L/PR:L/UI:N/S:U/C:H/I:H/A:H;CWE-552;5670;GeForce;All driver versions prior to 577.00;577.00, 573.48, 539.41
CVE-2025-23276;7.8;HIGH;CVSS:3.1/AV:L/AC:L/PR:L/UI:N/S:U/C:H/I:H/A:H;CWE-552;5670;NVIDIA RTX, Quadro, NVS;All driver versions prior to 539.41;577.00, 573.48, 539.41
CVE-2025-23276;7.8;HIGH;CVSS:3.1/AV:L/AC:L/PR:L/UI:N/S:U/C:H/I:H/A:H;CWE-552;5670;NVIDIA RTX, Quadro, NVS;All driver versions prior to 573.48;577.00, 573.48, 539.41
CVE-2025-23276;7.8;HIGH;CVSS:3.1/AV:L/AC:L/PR:L/UI:N/S:U/C:H/I:H/A:H;CWE-552;5670;Tesla;All driver versions prior to 539.41;577.00, 573.48, 539.41
CVE-2025-23276;7.8;HIGH;CVSS:3.1/AV:L/AC:L/PR:L/UI:N/S:U/C:H/I:H/A:H;CWE-552;5670;Tesla;All driver versions prior to 573.48;577.00, 573.48, 539.41
CVE-2025-23277;7.3;HIGH;CVSS:3.1/AV:L/AC:L/PR:L/UI:R/S:U/C:H/I:H/A:H;CWE-284;5670;GeForce;All driver versions prior to 577.00;577.00, 570.172.07(vGPU 18.4), 535.261.04(vGPU 16.11), 573.55(vGPU 18.4), 573.48(vGPU 18.4), 539.41(vGPU 16.11), 570.172.08(vGPU 18.4), 535.261.03(vGPU 16.11)
CVE-2025-23277;7.3;HIGH;CVSS:3.1/AV:L/AC:L/PR:L/UI:R/S:U/C:H/I:H/A:H;CWE-284;5670;Guest driver;535.247.01(All versions prior to and including vGPU 16.10);577.00, 570.172.07(vGPU 18.4), 535.261.04(vGPU 16.11), 573.55(vGPU 18.4), 573.48(vGPU 18.4), 539.41(vGPU 16.11), 570.172.08(vGPU 18.4), 535.261.03(vGPU 16.11)
CVE-2025-23277;7.3;HIGH;CVSS:3.1/AV:L/AC:L/PR:L/UI:R/S:U/C:H/I:H/A:H;CWE-284;5670;Guest driver;539.28(All versions prior to and including vGPU 16.10)(All versions prior to and including vGPU 18.3);577.00, 570.172.07(vGPU 18.4), 535.261.04(vGPU 16.11), 573.55(vGPU 18.4), 573.48(vGPU 18.4), 539.41(vGPU 16.11), 570.172.08(vGPU 18.4), 535.261.03(vGPU 16.11)
CVE-2025-23277;7.3;HIGH;CVSS:3.1/AV:L/AC:L/PR:L/UI:R/S:U/C:H/I:H/A:H;CWE-284;5670;Guest driver;570.158.01(All versions prior to and including vGPU 18.3);577.00, 570.172.07(vGPU 18.4), 535.261.04(vGPU 16.11), 573.55(vGPU 18.4), 573.48(vGPU 18.4), 539.41(vGPU 16.11), 570.172.08(vGPU 18.4), 535.261.03(vGPU 16.11)
CVE-2025-23277;7.3;HIGH;CVSS:3.1/AV:L/AC:L/PR:L/UI:R/S:U/C:H/I:H/A:H;CWE-284;5670;Guest driver;573.39(All versions prior to and including vGPU 18.3);577.00, 570.172.07(vGPU 18.4), 535.261.04(vGPU 16.11), 573.55(vGPU 18.4), 573.48(vGPU 18.4), 539.41(vGPU 16.11), 570.172.08(vGPU 18.4), 535.261.03(vGPU 16.11)
CVE-2025-23277;7.3;HIGH;CVSS:3.1/AV:L/AC:L/PR:L/UI:R/S:U/C:H/I:H/A:H;CWE-284;5670;Virtual GPU Manager;535.247.02(All versions prior to and including vGPU 16.10);577.00, 570.172.07(vGPU 18.4), 535.261.04(vGPU 16.11), 573.55(vGPU 18.4), 573.48(vGPU 18.4), 539.41(vGPU 16.11), 570.172.08(vGPU 18.4), 535.261.03(vGPU 16.11)
CVE-2025-23277;7.3;HIGH;CVSS:3.1/AV:L/AC:L/PR:L/UI:R/S:U/C:H/I:H/A:H;CWE-284;5670;Virtual GPU Manager;535.247.02(All versions prior to and including vGPU 16.10);577.00, 570.172.07(vGPU 18.4), 535.261.04(vGPU 16.11), 573.55(vGPU 18.4), 573.48(vGPU 18.4), 539.41(vGPU 16.11), 570.172.08(vGPU 18.4), 535.261.03(vGPU 16.11)
CVE-2025-23277;7.3;HIGH;CVSS:3.1/AV:L/AC:L/PR:L/UI:R/S:U/C:H/I:H/A:H;CWE-284;5670;Virtual GPU Manager;535.247.02(All versions prior to and including vGPU 16.10);577.00, 570.172.07(vGPU 18.4), 535.261.04(vGPU 16.11), 573.55(vGPU 18.4), 573.48(vGPU 18.4), 539.41(vGPU 16.11), 570.172.08(vGPU 18.4), 535.261.03(vGPU 16.11)
CVE-2025-23277;7.3;HIGH;CVSS:3.1/AV:L/AC:L/PR:L/UI:R/S:U/C:H/I:H/A:H;CWE-284;5670;Virtual GPU Manager;535.247.02(All versions prior to and including vGPU 16.10);577.00, 570.172.07(vGPU 18.4), 535.261.04(vGPU 16.11), 573.55(vGPU 18.4), 573.48(vGPU 18.4), 539.41(vGPU 16.11), 570.172.08(vGPU 18.4), 535.261.03(vGPU 16.11)
CVE-2025-23277;7.3;HIGH;CVSS:3.1/AV:L/AC:L/PR:L/UI:R/S:U/C:H/I:H/A:H;CWE-284;5670;Virtual GPU Manager;539.28(All versions prior to and including vGPU 18.3);577.00, 570.172.07(vGPU 18.4), 535.261.04(vGPU 16.11), 573.55(vGPU 18.4), 573.48(vGPU 18.4), 539.41(vGPU 16.11), 570.172.08(vGPU 18.4), 535.261.03(vGPU 16.11)
CVE-2025-23277;7.3;HIGH;CVSS:3.1/AV:L/AC:L/PR:L/UI:R/S:U/C:H/I:H/A:H;CWE-284;5670;Virtual GPU Manager;570.158.02(All versions prior to and including vGPU 18.3);577.00, 570.172.07(vGPU 18.4), 535.261.04(vGPU 16.11), 573.55(vGPU 18.4), 573.48(vGPU 18.4), 539.41(vGPU 16.11), 570.172.08(vGPU 18.4), 535.261.03(vGPU 16.11)
CVE-2025-23277;7.3;HIGH;CVSS:3.1/AV:L/AC:L/PR:L/UI:R/S:U/C:H/I:H/A:H;CWE-284;5670;Virtual GPU Manager;570.158.02(All versions prior to and including vGPU 18.3);577.00, 570.172.07(vGPU 18.4), 535.261.04(vGPU 16.11), 573.55(vGPU 18.4), 573.48(vGPU 18.4), 539.41(vGPU 16.11), 570.172.08(vGPU 18.4), 535.261.03(vGPU 16.11)
CVE-2025-23277;7.3;HIGH;CVSS:3.1/AV:L/AC:L/PR:L/UI:R/S:U/C:H/I:H/A:H;CWE-284;5670;Virtual GPU Manager;570.158.02(All versions prior to and including vGPU 18.3);577.00, 570.172.07(vGPU 18.4), 535.261.04(vGPU 16.11), 573.55(vGPU 18.4), 573.48(vGPU 18.4), 539.41(vGPU 16.11), 570.172.08(vGPU 18.4), 535.261.03(vGPU 16.11)
CVE-2025-23277;7.3;HIGH;CVSS:3.1/AV:L/AC:L/PR:L/UI:R/S:U/C:H/I:H/A:H;CWE-284;5670;Virtual GPU Manager;570.158.02(All versions prior to and including vGPU 18.3);577.00, 570.172.07(vGPU 18.4), 535.261.04(vGPU 16.11), 573.55(vGPU 18.4), 573.48(vGPU 18.4), 539.41(vGPU 16.11), 570.172.08(vGPU 18.4), 535.261.03(vGPU 16.11)
CVE-2025-23278;7.1;HIGH;CVSS:3.1/AV:L/AC:L/PR:L/UI:N/S:U/C:N/I:H/A:H;CWE-129;5670;GeForce;All driver versions prior to 577.00;577.00, 570.172.07(vGPU 18.4), 535.261.04(vGPU 16.11), 573.55(vGPU 18.4), 573.48(vGPU 18.4), 539.41(vGPU 16.11), 570.172.08(vGPU 18.4), 535.261.03(vGPU 16.11)
CVE-2025-23278;7.1;HIGH;CVSS:3.1/AV:L/AC:L/PR:L/UI:N/S:U/C:N/I:H/A:H;CWE-129;5670;Guest driver;535.247.01(All versions prior to and including vGPU 16.10);577.00, 570.172.07(vGPU 18.4), 535.261.04(vGPU 16.11), 573.55(vGPU 18.4), 573.48(vGPU 18.4), 539.41(vGPU 16.11), 570.172.08(vGPU 18.4), 535.261.03(vGPU 16.11)
CVE-2025-23278;7.1;HIGH;CVSS:3.1/AV:L/AC:L/PR:L/UI:N/S:U/C:N/I:H/A:H;CWE-129;5670;Guest driver;539.28(All versions prior to and including vGPU 16.10);577.00, 570.172.07(vGPU 18.4), 535.261.04(vGPU 16.11), 573.55(vGPU 18.4), 573.48(vGPU 18.4), 539.41(vGPU 16.11), 570.172.08(vGPU 18.4), 535.261.03(vGPU 16.11)
CVE-2025-23278;7.1;HIGH;CVSS:3.1/AV:L/AC:L/PR:L/UI:N/S:U/C:N/I:H/A:H;CWE-129;5670;Guest driver;570.158.01(All versions prior to and including vGPU 18.3);577.00, 570.172.07(vGPU 18.4), 535.261.04(vGPU 16.11), 573.55(vGPU 18.4), 573.48(vGPU 18.4), 539.41(vGPU 16.11), 570.172.08(vGPU 18.4), 535.261.03(vGPU 16.11)
CVE-2025-23278;7.1;HIGH;CVSS:3.1/AV:L/AC:L/PR:L/UI:N/S:U/C:N/I:H/A:H;CWE-129;5670;Guest driver;573.39(All versions prior to and including vGPU 18.3);577.00, 570.172.07(vGPU 18.4), 535.261.04(vGPU 16.11), 573.55(vGPU 18.4), 573.48(vGPU 18.4), 539.41(vGPU 16.11), 570.172.08(vGPU 18.4), 535.261.03(vGPU 16.11)
CVE-2025-23278;7.1;HIGH;CVSS:3.1/AV:L/AC:L/PR:L/UI:N/S:U/C:N/I:H/A:H;CWE-129;5670;Virtual GPU Manager;535.247.02(All versions prior to and including vGPU 16.10);577.00, 570.172.07(vGPU 18.4), 535.261.04(vGPU 16.11), 573.55(vGPU 18.4), 573.48(vGPU 18.4), 539.41(vGPU 16.11), 570.172.08(vGPU 18.4), 535.261.03(vGPU 16.11)
CVE-2025-23278;7.1;HIGH;CVSS:3.1/AV:L/AC:L/PR:L/UI:N/S:U/C:N/I:H/A:H;CWE-129;5670;Virtual GPU Manager;535.247.02(All versions prior to and including vGPU 16.10);577.00, 570.172.07(vGPU 18.4), 535.261.04(vGPU 16.11), 573.55(vGPU 18.4), 573.48(vGPU 18.4), 539.41(vGPU 16.11), 570.172.08(vGPU 18.4), 535.261.03(vGPU 16.11)
CVE-2025-23278;7.1;HIGH;CVSS:3.1/AV:L/AC:L/PR:L/UI:N/S:U/C:N/I:H/A:H;CWE-129;5670;Virtual GPU Manager;535.247.02(All versions prior to and including vGPU 16.10);577.00, 570.172.07(vGPU 18.4), 535.261.04(vGPU 16.11), 573.55(vGPU 18.4), 573.48(vGPU 18.4), 539.41(vGPU 16.11), 570.172.08(vGPU 18.4), 535.261.03(vGPU 16.11)
CVE-2025-23278;7.1;HIGH;CVSS:3.1/AV:L/AC:L/PR:L/UI:N/S:U/C:N/I:H/A:H;CWE-129;5670;Virtual GPU Manager;535.247.02(All versions prior to and including vGPU 16.10);577.00, 570.172.07(vGPU 18.4), 535.261.04(vGPU 16.11), 573.55(vGPU 18.4), 573.48(vGPU 18.4), 539.41(vGPU 16.11), 570.172.08(vGPU 18.4), 535.261.03(vGPU 16.11)
CVE-2025-23278;7.1;HIGH;CVSS:3.1/AV:L/AC:L/PR:L/UI:N/S:U/C:N/I:H/A:H;CWE-129;5670;Virtual GPU Manager;539.28(All versions prior to and including vGPU 18.3);577.00, 570.172.07(vGPU 18.4), 535.261.04(vGPU 16.11), 573.55(vGPU 18.4), 573.48(vGPU 18.4), 539.41(vGPU 16.11), 570.172.08(vGPU 18.4), 535.261.03(vGPU 16.11)
CVE-2025-23278;7.1;HIGH;CVSS:3.1/AV:L/AC:L/PR:L/UI:N/S:U/C:N/I:H/A:H;CWE-129;5670;Virtual GPU Manager;570.158.02(All versions prior to and including vGPU 18.3);577.00, 570.172.07(vGPU 18.4), 535.261.04(vGPU 16.11), 573.55(vGPU 18.4), 573.48(vGPU 18.4), 539.41(vGPU 16.11), 570.172.08(vGPU 18.4), 535.261.03(vGPU 16.11)
CVE-2025-23278;7.1;HIGH;CVSS:3.1/AV:L/AC:L/PR:L/UI:N/S:U/C:N/I:H/A:H;CWE-129;5670;Virtual GPU Manager;570.158.02(All versions prior to and including vGPU 18.3);577.00, 570.172.07(vGPU 18.4), 535.261.04(vGPU 16.11), 573.55(vGPU 18.4), 573.48(vGPU 18.4), 539.41(vGPU 16.11), 570.172.08(vGPU 18.4), 535.261.03(vGPU 16.11)
CVE-2025-23278;7.1;HIGH;CVSS:3.1/AV:L/AC:L/PR:L/UI:N/S:U/C:N/I:H/A:H;CWE-129;5670;Virtual GPU Manager;570.158.02(All versions prior to and including vGPU 18.3);577.00, 570.172.07(vGPU 18.4), 535.261.04(vGPU 16.11), 573.55(vGPU 18.4), 573.48(vGPU 18.4), 539.41(vGPU 16.11), 570.172.08(vGPU 18.4), 535.261.03(vGPU 16.11)
CVE-2025-23278;7.1;HIGH;CVSS:3.1/AV:L/AC:L/PR:L/UI:N/S:U/C:N/I:H/A:H;CWE-129;5670;Virtual GPU Manager;570.158.02(All versions prior to and including vGPU 18.3);577.00, 570.172.07(vGPU 18.4), 535.261.04(vGPU 16.11), 573.55(vGPU 18.4), 573.48(vGPU 18.4), 539.41(vGPU 16.11), 570.172.08(vGPU 18.4), 535.261.03(vGPU 16.11)
CVE-2025-23279;7;HIGH;CVSS:3.1/AV:L/AC:H/PR:L/UI:N/S:U/C:H/I:H/A:H;CWE-367;5670;GeForce;All driver version prior to 570.172.08;570.172.07(vGPU 18.4), 535.261.04(vGPU 16.11), 570.172.08(vGPU 18.4), 535.261.03(vGPU 16.11), 570.172.08
CVE-2025-23279;7;HIGH;CVSS:3.1/AV:L/AC:H/PR:L/UI:N/S:U/C:H/I:H/A:H;CWE-367;5670;Guest driver;535.247.01(All versions prior to and including vGPU 16.10);570.172.07(vGPU 18.4), 535.261.04(vGPU 16.11), 570.172.08(vGPU 18.4), 535.261.03(vGPU 16.11), 570.172.08
CVE-2025-23279;7;HIGH;CVSS:3.1/AV:L/AC:H/PR:L/UI:N/S:U/C:H/I:H/A:H;CWE-367;5670;Guest driver;570.158.01(All versions prior to and including vGPU 18.3);570.172.07(vGPU 18.4), 535.261.04(vGPU 16.11), 570.172.08(vGPU 18.4), 535.261.03(vGPU 16.11), 570.172.08
CVE-2025-23279;7;HIGH;CVSS:3.1/AV:L/AC:H/PR:L/UI:N/S:U/C:H/I:H/A:H;CWE-367;5670;NVIDIA RTX, Quadro, NVS;All driver version prior to 570.172.08;570.172.07(vGPU 18.4), 535.261.04(vGPU 16.11), 570.172.08(vGPU 18.4), 535.261.03(vGPU 16.11), 570.172.08
CVE-2025-23279;7;HIGH;CVSS:3.1/AV:L/AC:H/PR:L/UI:N/S:U/C:H/I:H/A:H;CWE-367;5670;Tesla;All driver version prior to 570.172.08;570.172.07(vGPU 18.4), 535.261.04(vGPU 16.11), 570.172.08(vGPU 18.4), 535.261.03(vGPU 16.11), 570.172.08
CVE-2025-23279;7;HIGH;CVSS:3.1/AV:L/AC:H/PR:L/UI:N/S:U/C:H/I:H/A:H;CWE-367;5670;Virtual GPU Manager;535.247.02(All versions prior to and including vGPU 16.10);570.172.07(vGPU 18.4), 535.261.04(vGPU 16.11), 570.172.08(vGPU 18.4), 535.261.03(vGPU 16.11), 570.172.08
CVE-2025-23279;7;HIGH;CVSS:3.1/AV:L/AC:H/PR:L/UI:N/S:U/C:H/I:H/A:H;CWE-367;5670;Virtual GPU Manager;535.247.02(All versions prior to and including vGPU 16.10);570.172.07(vGPU 18.4), 535.261.04(vGPU 16.11), 570.172.08(vGPU 18.4), 535.261.03(vGPU 16.11), 570.172.08
CVE-2025-23279;7;HIGH;CVSS:3.1/AV:L/AC:H/PR:L/UI:N/S:U/C:H/I:H/A:H;CWE-367;5670;Virtual GPU Manager;535.247.02(All versions prior to and including vGPU 16.10);570.172.07(vGPU 18.4), 535.261.04(vGPU 16.11), 570.172.08(vGPU 18.4), 535.261.03(vGPU 16.11), 570.172.08
CVE-2025-23279;7;HIGH;CVSS:3.1/AV:L/AC:H/PR:L/UI:N/S:U/C:H/I:H/A:H;CWE-367;5670;Virtual GPU Manager;535.247.02(All versions prior to and including vGPU 16.10);570.172.07(vGPU 18.4), 535.261.04(vGPU 16.11), 570.172.08(vGPU 18.4), 535.261.03(vGPU 16.11), 570.172.08
CVE-2025-23279;7;HIGH;CVSS:3.1/AV:L/AC:H/PR:L/UI:N/S:U/C:H/I:H/A:H;CWE-367;5670;Virtual GPU Manager;570.158.02(All versions prior to and including vGPU 18.3);570.172.07(vGPU 18.4), 535.261.04(vGPU 16.11), 570.172.08(vGPU 18.4), 535.261.03(vGPU 16.11), 570.172.08
CVE-2025-23279;7;HIGH;CVSS:3.1/AV:L/AC:H/PR:L/UI:N/S:U/C:H/I:H/A:H;CWE-367;5670;Virtual GPU Manager;570.158.02(All versions prior to and including vGPU 18.3);570.172.07(vGPU 18.4), 535.261.04(vGPU 16.11), 570.172.08(vGPU 18.4), 535.261.03(vGPU 16.11), 570.172.08
CVE-2025-23279;7;HIGH;CVSS:3.1/AV:L/AC:H/PR:L/UI:N/S:U/C:H/I:H/A:H;CWE-367;5670;Virtual GPU Manager;570.158.02(All versions prior to and including vGPU 18.3);570.172.07(vGPU 18.4), 535.261.04(vGPU 16.11), 570.172.08(vGPU 18.4), 535.261.03(vGPU 16.11), 570.172.08
CVE-2025-23279;7;HIGH;CVSS:3.1/AV:L/AC:H/PR:L/UI:N/S:U/C:H/I:H/A:H;CWE-367;5670;Virtual GPU Manager;570.158.02(All versions prior to and including vGPU 18.3);570.172.07(vGPU 18.4), 535.261.04(vGPU 16.11), 570.172.08(vGPU 18.4), 535.261.03(vGPU 16.11), 570.172.08
CVE-2025-23280;7;HIGH;CVSS:3.1/AV:L/AC:H/PR:L/UI:N/S:U/C:H/I:H/A:H;CWE-416;5703;GeForce;All driver versions prior to 535.274.02;580.95.05, 570.195.03, 535.274.02, 580.95.05(vGPU 19.2), 580.95.05(September 2025 Release), 570.195.03(vGPU 18.5), 575.274.02(vGPU 16.12)
CVE-2025-23280;7;HIGH;CVSS:3.1/AV:L/AC:H/PR:L/UI:N/S:U/C:H/I:H/A:H;CWE-416;5703;GeForce;All driver versions prior to 570.195.03;580.95.05, 570.195.03, 535.274.02, 580.95.05(vGPU 19.2), 580.95.05(September 2025 Release), 570.195.03(vGPU 18.5), 575.274.02(vGPU 16.12)
CVE-2025-23280;7;HIGH;CVSS:3.1/AV:L/AC:H/PR:L/UI:N/S:U/C:H/I:H/A:H;CWE-416;5703;GeForce;All driver versions prior to 580.95.05;580.95.05, 570.195.03, 535.274.02, 580.95.05(vGPU 19.2), 580.95.05(September 2025 Release), 570.195.03(vGPU 18.5), 575.274.02(vGPU 16.12)
CVE-2025-23280;7;HIGH;CVSS:3.1/AV:L/AC:H/PR:L/UI:N/S:U/C:H/I:H/A:H;CWE-416;5703;Guest driver;535.261.03(All versions prior to and including vGPU 16.11);580.95.05, 570.195.03, 535.274.02, 580.95.05(vGPU 19.2), 580.95.05(September 2025 Release), 570.195.03(vGPU 18.5), 575.274.02(vGPU 16.12)
CVE-2025-23280;7;HIGH;CVSS:3.1/AV:L/AC:H/PR:L/UI:N/S:U/C:H/I:H/A:H;CWE-416;5703;Guest driver;570.172.08(All versions prior to and including vGPU 18.4);580.95.05, 570.195.03, 535.274.02, 580.95.05(vGPU 19.2), 580.95.05(September 2025 Release), 570.195.03(vGPU 18.5), 575.274.02(vGPU 16.12)
CVE-2025-23280;7;HIGH;CVSS:3.1/AV:L/AC:H/PR:L/UI:N/S:U/C:H/I:H/A:H;CWE-416;5703;Guest driver;580.82.07(All versions prior to and including vGPU 19.1);580.95.05, 570.195.03, 535.274.02, 580.95.05(vGPU 19.2), 580.95.05(September 2025 Release), 570.195.03(vGPU 18.5), 575.274.02(vGPU 16.12)
CVE-2025-23280;7;HIGH;CVSS:3.1/AV:L/AC:H/PR:L/UI:N/S:U/C:H/I:H/A:H;CWE-416;5703;Guest driver;580.82.07(All versions up to and including the August 2025 release);580.95.05, 570.195.03, 535.274.02, 580.95.05(vGPU 19.2), 580.95.05(September 2025 Release), 570.195.03(vGPU 18.5), 575.274.02(vGPU 16.12)
CVE-2025-23280;7;HIGH;CVSS:3.1/AV:L/AC:H/PR:L/UI:N/S:U/C:H/I:H/A:H;CWE-416;5703;NVIDIA RTX, Quadro, NVS;All driver versions prior to 535.274.02;580.95.05, 570.195.03, 535.274.02, 580.95.05(vGPU 19.2), 580.95.05(September 2025 Release), 570.195.03(vGPU 18.5), 575.274.02(vGPU 16.12)
CVE-2025-23280;7;HIGH;CVSS:3.1/AV:L/AC:H/PR:L/UI:N/S:U/C:H/I:H/A:H;CWE-416;5703;NVIDIA RTX, Quadro, NVS;All driver versions prior to 570.195.03;580.95.05, 570.195.03, 535.274.02, 580.95.05(vGPU 19.2), 580.95.05(September 2025 Release), 570.195.03(vGPU 18.5), 575.274.02(vGPU 16.12)
CVE-2025-23280;7;HIGH;CVSS:3.1/AV:L/AC:H/PR:L/UI:N/S:U/C:H/I:H/A:H;CWE-416;5703;NVIDIA RTX, Quadro, NVS;All driver versions prior to 580.95.05;580.95.05, 570.195.03, 535.274.02, 580.95.05(vGPU 19.2), 580.95.05(September 2025 Release), 570.195.03(vGPU 18.5), 575.274.02(vGPU 16.12)
CVE-2025-23280;7;HIGH;CVSS:3.1/AV:L/AC:H/PR:L/UI:N/S:U/C:H/I:H/A:H;CWE-416;5703;Tesla;All driver versions prior to 535.274.02;580.95.05, 570.195.03, 535.274.02, 580.95.05(vGPU 19.2), 580.95.05(September 2025 Release), 570.195.03(vGPU 18.5), 575.274.02(vGPU 16.12)
CVE-2025-23280;7;HIGH;CVSS:3.1/AV:L/AC:H/PR:L/UI:N/S:U/C:H/I:H/A:H;CWE-416;5703;Tesla;All driver versions prior to 570.195.03;580.95.05, 570.195.03, 535.274.02, 580.95.05(vGPU 19.2), 580.95.05(September 2025 Release), 570.195.03(vGPU 18.5), 575.274.02(vGPU 16.12)
CVE-2025-23280;7;HIGH;CVSS:3.1/AV:L/AC:H/PR:L/UI:N/S:U/C:H/I:H/A:H;CWE-416;5703;Tesla;All driver versions prior to 580.95.05;580.95.05, 570.195.03, 535.274.02, 580.95.05(vGPU 19.2), 580.95.05(September 2025 Release), 570.195.03(vGPU 18.5), 575.274.02(vGPU 16.12)
CVE-2025-23281;7;HIGH;CVSS:3.1/AV:L/AC:H/PR:L/UI:N/S:U/C:H/I:H/A:H;CWE-416;5670;GeForce;All driver versions prior to 577.00;577.00, 573.48, 539.41, 573.48(vGPU 18.4), 539.41(vGPU 16.11)
CVE-2025-23281;7;HIGH;CVSS:3.1/AV:L/AC:H/PR:L/UI:N/S:U/C:H/I:H/A:H;CWE-416;5670;Guest driver;539.28(All versions prior to and including vGPU 16.10);577.00, 573.48, 539.41, 573.48(vGPU 18.4), 539.41(vGPU 16.11)
CVE-2025-23281;7;HIGH;CVSS:3.1/AV:L/AC:H/PR:L/UI:N/S:U/C:H/I:H/A:H;CWE-416;5670;Guest driver;573.39(All versions prior to and including vGPU 18.3);577.00, 573.48, 539.41, 573.48(vGPU 18.4), 539.41(vGPU 16.11)
CVE-2025-23281;7;HIGH;CVSS:3.1/AV:L/AC:H/PR:L/UI:N/S:U/C:H/I:H/A:H;CWE-416;5670;NVIDIA RTX, Quadro, NVS;All driver versions prior to 539.41;577.00, 573.48, 539.41, 573.48(vGPU 18.4), 539.41(vGPU 16.11)
CVE-2025-23281;7;HIGH;CVSS:3.1/AV:L/AC:H/PR:L/UI:N/S:U/C:H/I:H/A:H;CWE-416;5670;NVIDIA RTX, Quadro, NVS;All driver versions prior to 573.48;577.00, 573.48, 539.41, 573.48(vGPU 18.4), 539.41(vGPU 16.11)
CVE-2025-23281;7;HIGH;CVSS:3.1/AV:L/AC:H/PR:L/UI:N/S:U/C:H/I:H/A:H;CWE-416;5670;Tesla;All driver versions prior to 539.41;577.00, 573.48, 539.41, 573.48(vGPU 18.4), 539.41(vGPU 16.11)
CVE-2025-23281;7;HIGH;CVSS:3.1/AV:L/AC:H/PR:L/UI:N/S:U/C:H/I:H/A:H;CWE-416;5670;Tesla;All driver versions prior to 573.48;577.00, 573.48, 539.41, 573.48(vGPU 18.4), 539.41(vGPU 16.11)
CVE-2025-23282;7;HIGH;CVSS:3.1/AV:L/AC:H/PR:L/UI:N/S:U/C:H/I:H/A:H;CWE-415;5703;GeForce;All driver versions prior to 535.274.02;580.95.05, 570.195.03, 535.274.02, 580.95.05(vGPU 19.2), 580.95.05(September 2025 Release), 570.195.03(vGPU 18.5), 575.274.02(vGPU 16.12), 580.95.02(vGPU 19.2), 570.195.02(vGPU 18.5), 575.274.03(vGPU 16.12), 580.95.02(September 2025 Release)
CVE-2025-23282;7;HIGH;CVSS:3.1/AV:L/AC:H/PR:L/UI:N/S:U/C:H/I:H/A:H;CWE-415;5703;GeForce;All driver versions prior to 570.195.03;580.95.05, 570.195.03, 535.274.02, 580.95.05(vGPU 19.2), 580.95.05(September 2025 Release), 570.195.03(vGPU 18.5), 575.274.02(vGPU 16.12), 580.95.02(vGPU 19.2), 570.195.02(vGPU 18.5), 575.274.03(vGPU 16.12), 580.95.02(September 2025 Release)
CVE-2025-23282;7;HIGH;CVSS:3.1/AV:L/AC:H/PR:L/UI:N/S:U/C:H/I:H/A:H;CWE-415;5703;GeForce;All driver versions prior to 580.95.05;580.95.05, 570.195.03, 535.274.02, 580.95.05(vGPU 19.2), 580.95.05(September 2025 Release), 570.195.03(vGPU 18.5), 575.274.02(vGPU 16.12), 580.95.02(vGPU 19.2), 570.195.02(vGPU 18.5), 575.274.03(vGPU 16.12), 580.95.02(September 2025 Release)
CVE-2025-23282;7;HIGH;CVSS:3.1/AV:L/AC:H/PR:L/UI:N/S:U/C:H/I:H/A:H;CWE-415;5703;Guest driver;535.261.03(All versions prior to and including vGPU 16.11);580.95.05, 570.195.03, 535.274.02, 580.95.05(vGPU 19.2), 580.95.05(September 2025 Release), 570.195.03(vGPU 18.5), 575.274.02(vGPU 16.12), 580.95.02(vGPU 19.2), 570.195.02(vGPU 18.5), 575.274.03(vGPU 16.12), 580.95.02(September 2025 Release)
CVE-2025-23282;7;HIGH;CVSS:3.1/AV:L/AC:H/PR:L/UI:N/S:U/C:H/I:H/A:H;CWE-415;5703;Guest driver;570.172.08(All versions prior to and including vGPU 18.4);580.95.05, 570.195.03, 535.274.02, 580.95.05(vGPU 19.2), 580.95.05(September 2025 Release), 570.195.03(vGPU 18.5), 575.274.02(vGPU 16.12), 580.95.02(vGPU 19.2), 570.195.02(vGPU 18.5), 575.274.03(vGPU 16.12), 580.95.02(September 2025 Release)
CVE-2025-23282;7;HIGH;CVSS:3.1/AV:L/AC:H/PR:L/UI:N/S:U/C:H/I:H/A:H;CWE-415;5703;Guest driver;580.82.07(All versions prior to and including vGPU 19.1);580.95.05, 570.195.03, 535.274.02, 580.95.05(vGPU 19.2), 580.95.05(September 2025 Release), 570.195.03(vGPU 18.5), 575.274.02(vGPU 16.12), 580.95.02(vGPU 19.2), 570.195.02(vGPU 18.5), 575.274.03(vGPU 16.12), 580.95.02(September 2025 Release)
CVE-2025-23282;7;HIGH;CVSS:3.1/AV:L/AC:H/PR:L/UI:N/S:U/C:H/I:H/A:H;CWE-415;5703;Guest driver;580.82.07(All versions up to and including the August 2025 release);580.95.05, 570.195.03, 535.274.02, 580.95.05(vGPU 19.2), 580.95.05(September 2025 Release), 570.195.03(vGPU 18.5), 575.274.02(vGPU 16.12), 580.95.02(vGPU 19.2), 570.195.02(vGPU 18.5), 575.274.03(vGPU 16.12), 580.95.02(September 2025 Release)
CVE-2025-23282;7;HIGH;CVSS:3.1/AV:L/AC:H/PR:L/UI:N/S:U/C:H/I:H/A:H;CWE-415;5703;NVIDIA RTX, Quadro, NVS;All driver versions prior to 535.274.02;580.95.05, 570.195.03, 535.274.02, 580.95.05(vGPU 19.2), 580.95.05(September 2025 Release), 570.195.03(vGPU 18.5), 575.274.02(vGPU 16.12), 580.95.02(vGPU 19.2), 570.195.02(vGPU 18.5), 575.274.03(vGPU 16.12), 580.95.02(September 2025 Release)
CVE-2025-23282;7;HIGH;CVSS:3.1/AV:L/AC:H/PR:L/UI:N/S:U/C:H/I:H/A:H;CWE-415;5703;NVIDIA RTX, Quadro, NVS;All driver versions prior to 570.195.03;580.95.05, 570.195.03, 535.274.02, 580.95.05(vGPU 19.2), 580.95.05(September 2025 Release), 570.195.03(vGPU 18.5), 575.274.02(vGPU 16.12), 580.95.02(vGPU 19.2), 570.195.02(vGPU 18.5), 575.274.03(vGPU 16.12), 580.95.02(September 2025 Release)
CVE-2025-23282;7;HIGH;CVSS:3.1/AV:L/AC:H/PR:L/UI:N/S:U/C:H/I:H/A:H;CWE-415;5703;NVIDIA RTX, Quadro, NVS;All driver versions prior to 580.95.05;580.95.05, 570.195.03, 535.274.02, 580.95.05(vGPU 19.2), 580.95.05(September 2025 Release), 570.195.03(vGPU 18.5), 575.274.02(vGPU 16.12), 580.95.02(vGPU 19.2), 570.195.02(vGPU 18.5), 575.274.03(vGPU 16.12), 580.95.02(September 2025 Release)
CVE-2025-23282;7;HIGH;CVSS:3.1/AV:L/AC:H/PR:L/UI:N/S:U/C:H/I:H/A:H;CWE-415;5703;Tesla;All driver versions prior to 535.274.02;580.95.05, 570.195.03, 535.274.02, 580.95.05(vGPU 19.2), 580.95.05(September 2025 Release), 570.195.03(vGPU 18.5), 575.274.02(vGPU 16.12), 580.95.02(vGPU 19.2), 570.195.02(vGPU 18.5), 575.274.03(vGPU 16.12), 580.95.02(September 2025 Release)
CVE-2025-23282;7;HIGH;CVSS:3.1/AV:L/AC:H/PR:L/UI:N/S:U/C:H/I:H/A:H;CWE-415;5703;Tesla;All driver versions prior to 570.195.03;580.95.05, 570.195.03, 535.274.02, 580.95.05(vGPU 19.2), 580.95.05(September 2025 Release), 570.195.03(vGPU 18.5), 575.274.02(vGPU 16.12), 580.95.02(vGPU 19.2), 570.195.02(vGPU 18.5), 575.274.03(vGPU 16.12), 580.95.02(September 2025 Release)
CVE-2025-23282;7;HIGH;CVSS:3.1/AV:L/AC:H/PR:L/UI:N/S:U/C:H/I:H/A:H;CWE-415;5703;Tesla;All driver versions prior to 580.95.05;580.95.05, 570.195.03, 535.274.02, 580.95.05(vGPU 19.2), 580.95.05(September 2025 Release), 570.195.03(vGPU 18.5), 575.274.02(vGPU 16.12), 580.95.02(vGPU 19.2), 570.195.02(vGPU 18.5), 575.274.03(vGPU 16.12), 580.95.02(September 2025 Release)
CVE-2025-23282;7;HIGH;CVSS:3.1/AV:L/AC:H/PR:L/UI:N/S:U/C:H/I:H/A:H;CWE-415;5703;Virtual GPU Manager;535.261.04(All versions prior to and including vGPU 16.11);580.95.05, 570.195.03, 535.274.02, 580.95.05(vGPU 19.2), 580.95.05(September 2025 Release), 570.195.03(vGPU 18.5), 575.274.02(vGPU 16.12), 580.95.02(vGPU 19.2), 570.195.02(vGPU 18.5), 575.274.03(vGPU 16.12), 580.95.02(September 2025 Release)
CVE-2025-23282;7;HIGH;CVSS:3.1/AV:L/AC:H/PR:L/UI:N/S:U/C:H/I:H/A:H;CWE-415;5703;Virtual GPU Manager;570.172.07(All versions prior to and including vGPU 18.4);580.95.05, 570.195.03, 535.274.02, 580.95.05(vGPU 19.2), 580.95.05(September 2025 Release), 570.195.03(vGPU 18.5), 575.274.02(vGPU 16.12), 580.95.02(vGPU 19.2), 570.195.02(vGPU 18.5), 575.274.03(vGPU 16.12), 580.95.02(September 2025 Release)
CVE-2025-23282;7;HIGH;CVSS:3.1/AV:L/AC:H/PR:L/UI:N/S:U/C:H/I:H/A:H;CWE-415;5703;Virtual GPU Manager;580.82.02(All versions prior to and including vGPU 19.1);580.95.05, 570.195.03, 535.274.02, 580.95.05(vGPU 19.2), 580.95.05(September 2025 Release), 570.195.03(vGPU 18.5), 575.274.02(vGPU 16.12), 580.95.02(vGPU 19.2), 570.195.02(vGPU 18.5), 575.274.03(vGPU 16.12), 580.95.02(September 2025 Release)
CVE-2025-23282;7;HIGH;CVSS:3.1/AV:L/AC:H/PR:L/UI:N/S:U/C:H/I:H/A:H;CWE-415;5703;Virtual GPU Manager;580.82.02(All versions up to and including the August 2025 release);580.95.05, 570.195.03, 535.274.02, 580.95.05(vGPU 19.2), 580.95.05(September 2025 Release), 570.195.03(vGPU 18.5), 575.274.02(vGPU 16.12), 580.95.02(vGPU 19.2), 570.195.02(vGPU 18.5), 575.274.03(vGPU 16.12), 580.95.02(September 2025 Release)
CVE-2025-23283;7.8;HIGH;CVSS:3.1/AV:L/AC:L/PR:L/UI:N/S:U/C:H/I:H/A:H;CWE-121;5670;Virtual GPU Manager;535.247.02(All versions prior to and including vGPU 16.10);570.172.07(vGPU 18.4), 535.261.04(vGPU 16.11)
CVE-2025-23283;7.8;HIGH;CVSS:3.1/AV:L/AC:L/PR:L/UI:N/S:U/C:H/I:H/A:H;CWE-121;5670;Virtual GPU Manager;535.247.02(All versions prior to and including vGPU 16.10);570.172.07(vGPU 18.4), 535.261.04(vGPU 16.11)
CVE-2025-23283;7.8;HIGH;CVSS:3.1/AV:L/AC:L/PR:L/UI:N/S:U/C:H/I:H/A:H;CWE-121;5670;Virtual GPU Manager;570.158.02(All versions prior to and including vGPU 18.3);570.172.07(vGPU 18.4), 535.261.04(vGPU 16.11)
CVE-2025-23283;7.8;HIGH;CVSS:3.1/AV:L/AC:L/PR:L/UI:N/S:U/C:H/I:H/A:H;CWE-121;5670;Virtual GPU Manager;570.158.02(All versions prior to and including vGPU 18.3);570.172.07(vGPU 18.4), 535.261.04(vGPU 16.11)
CVE-2025-23284;7.8;HIGH;CVSS:3.1/AV:L/AC:L/PR:L/UI:N/S:U/C:H/I:H/A:H;CWE-121;5670;Virtual GPU Manager;535.247.02(All versions prior to and including vGPU 16.10);570.172.07(vGPU 18.4), 535.261.04(vGPU 16.11), 573.55(vGPU 18.4)
CVE-2025-23284;7.8;HIGH;CVSS:3.1/AV:L/AC:L/PR:L/UI:N/S:U/C:H/I:H/A:H;CWE-121;5670;Virtual GPU Manager;535.247.02(All versions prior to and including vGPU 16.10);570.172.07(vGPU 18.4), 535.261.04(vGPU 16.11), 573.55(vGPU 18.4)
CVE-2025-23284;7.8;HIGH;CVSS:3.1/AV:L/AC:L/PR:L/UI:N/S:U/C:H/I:H/A:H;CWE-121;5670;Virtual GPU Manager;535.247.02(All versions prior to and including vGPU 16.10);570.172.07(vGPU 18.4), 535.261.04(vGPU 16.11), 573.55(vGPU 18.4)
CVE-2025-23284;7.8;HIGH;CVSS:3.1/AV:L/AC:L/PR:L/UI:N/S:U/C:H/I:H/A:H;CWE-121;5670;Virtual GPU Manager;535.247.02(All versions prior to and including vGPU 16.10);570.172.07(vGPU 18.4), 535.261.04(vGPU 16.11), 573.55(vGPU 18.4)
CVE-2025-23284;7.8;HIGH;CVSS:3.1/AV:L/AC:L/PR:L/UI:N/S:U/C:H/I:H/A:H;CWE-121;5670;Virtual GPU Manager;539.28(All versions prior to and including vGPU 18.3);570.172.07(vGPU 18.4), 535.261.04(vGPU 16.11), 573.55(vGPU 18.4)
CVE-2025-23284;7.8;HIGH;CVSS:3.1/AV:L/AC:L/PR:L/UI:N/S:U/C:H/I:H/A:H;CWE-121;5670;Virtual GPU Manager;570.158.02(All versions prior to and including vGPU 18.3);570.172.07(vGPU 18.4), 535.261.04(vGPU 16.11), 573.55(vGPU 18.4)
CVE-2025-23284;7.8;HIGH;CVSS:3.1/AV:L/AC:L/PR:L/UI:N/S:U/C:H/I:H/A:H;CWE-121;5670;Virtual GPU Manager;570.158.02(All versions prior to and including vGPU 18.3);570.172.07(vGPU 18.4), 535.261.04(vGPU 16.11), 573.55(vGPU 18.4)
CVE-2025-23284;7.8;HIGH;CVSS:3.1/AV:L/AC:L/PR:L/UI:N/S:U/C:H/I:H/A:H;CWE-121;5670;Virtual GPU Manager;570.158.02(All versions prior to and including vGPU 18.3);570.172.07(vGPU 18.4), 535.261.04(vGPU 16.11), 573.55(vGPU 18.4)
CVE-2025-23284;7.8;HIGH;CVSS:3.1/AV:L/AC:L/PR:L/UI:N/S:U/C:H/I:H/A:H;CWE-121;5670;Virtual GPU Manager;570.158.02(All versions prior to and including vGPU 18.3);570.172.07(vGPU 18.4), 535.261.04(vGPU 16.11), 573.55(vGPU 18.4)
CVE-2025-23285;5.5;MEDIUM;CVSS:3.1/AV:L/AC:L/PR:L/UI:N/S:U/C:N/I:N/A:H;CWE-732;5670;Virtual GPU Manager;535.247.02(All versions prior to and including vGPU 16.10);570.172.07(vGPU 18.4), 535.261.04(vGPU 16.11), 573.55(vGPU 18.4)
CVE-2025-23285;5.5;MEDIUM;CVSS:3.1/AV:L/AC:L/PR:L/UI:N/S:U/C:N/I:N/A:H;CWE-732;5670;Virtual GPU Manager;535.247.02(All versions prior to and including vGPU 16.10);570.172.07(vGPU 18.4), 535.261.04(vGPU 16.11), 573.55(vGPU 18.4)
CVE-2025-23285;5.5;MEDIUM;CVSS:3.1/AV:L/AC:L/PR:L/UI:N/S:U/C:N/I:N/A:H;CWE-732;5670;Virtual GPU Manager;535.247.02(All versions prior to and including vGPU 16.10);570.172.07(vGPU 18.4), 535.261.04(vGPU 16.11), 573.55(vGPU 18.4)
CVE-2025-23285;5.5;MEDIUM;CVSS:3.1/AV:L/AC:L/PR:L/UI:N/S:U/C:N/I:N/A:H;CWE-732;5670;Virtual GPU Manager;535.247.02(All versions prior to and including vGPU 16.10);570.172.07(vGPU 18.4), 535.261.04(vGPU 16.11), 573.55(vGPU 18.4)
CVE-2025-23285;5.5;MEDIUM;CVSS:3.1/AV:L/AC:L/PR:L/UI:N/S:U/C:N/I:N/A:H;CWE-732;5670;Virtual GPU Manager;539.28(All versions prior to and including vGPU 18.3);570.172.07(vGPU 18.4), 535.261.04(vGPU 16.11), 573.55(vGPU 18.4)
CVE-2025-23285;5.5;MEDIUM;CVSS:3.1/AV:L/AC:L/PR:L/UI:N/S:U/C:N/I:N/A:H;CWE-732;5670;Virtual GPU Manager;570.158.02(All versions prior to and including vGPU 18.3);570.172.07(vGPU 18.4), 535.261.04(vGPU 16.11), 573.55(vGPU 18.4)
CVE-2025-23285;5.5;MEDIUM;CVSS:3.1/AV:L/AC:L/PR:L/UI:N/S:U/C:N/I:N/A:H;CWE-732;5670;Virtual GPU Manager;570.158.02(All versions prior to and including vGPU 18.3);570.172.07(vGPU 18.4), 535.261.04(vGPU 16.11), 573.55(vGPU 18.4)
CVE-2025-23285;5.5;MEDIUM;CVSS:3.1/AV:L/AC:L/PR:L/UI:N/S:U/C:N/I:N/A:H;CWE-732;5670;Virtual GPU Manager;570.158.02(All versions prior to and including vGPU 18.3);570.172.07(vGPU 18.4), 535.261.04(vGPU 16.11), 573.55(vGPU 18.4)
CVE-2025-23285;5.5;MEDIUM;CVSS:3.1/AV:L/AC:L/PR:L/UI:N/S:U/C:N/I:N/A:H;CWE-732;5670;Virtual GPU Manager;570.158.02(All versions prior to and including vGPU 18.3);570.172.07(vGPU 18.4), 535.261.04(vGPU 16.11), 573.55(vGPU 18.4)
CVE-2025-23286;4.4;MEDIUM;CVSS:3.1/AV:L/AC:L/PR:H/UI:N/S:U/C:H/I:N/A:N;CWE-125;5670;GeForce;All driver versions prior to 535.261.03;577.00, 573.48, 539.41, 570.172.07(vGPU 18.4), 535.261.04(vGPU 16.11), 573.55(vGPU 18.4), 535.261.03
CVE-2025-23286;4.4;MEDIUM;CVSS:3.1/AV:L/AC:L/PR:H/UI:N/S:U/C:H/I:N/A:N;CWE-125;5670;GeForce;All driver versions prior to 577.00;577.00, 573.48, 539.41, 570.172.07(vGPU 18.4), 535.261.04(vGPU 16.11), 573.55(vGPU 18.4), 535.261.03
CVE-2025-23286;4.4;MEDIUM;CVSS:3.1/AV:L/AC:L/PR:H/UI:N/S:U/C:H/I:N/A:N;CWE-125;5670;NVIDIA RTX, Quadro, NVS;All driver versions prior to 535.261.03;577.00, 573.48, 539.41, 570.172.07(vGPU 18.4), 535.261.04(vGPU 16.11), 573.55(vGPU 18.4), 535.261.03
CVE-2025-23286;4.4;MEDIUM;CVSS:3.1/AV:L/AC:L/PR:H/UI:N/S:U/C:H/I:N/A:N;CWE-125;5670;NVIDIA RTX, Quadro, NVS;All driver versions prior to 539.41;577.00, 573.48, 539.41, 570.172.07(vGPU 18.4), 535.261.04(vGPU 16.11), 573.55(vGPU 18.4), 535.261.03
CVE-2025-23286;4.4;MEDIUM;CVSS:3.1/AV:L/AC:L/PR:H/UI:N/S:U/C:H/I:N/A:N;CWE-125;5670;NVIDIA RTX, Quadro, NVS;All driver versions prior to 573.48;577.00, 573.48, 539.41, 570.172.07(vGPU 18.4), 535.261.04(vGPU 16.11), 573.55(vGPU 18.4), 535.261.03
CVE-2025-23286;4.4;MEDIUM;CVSS:3.1/AV:L/AC:L/PR:H/UI:N/S:U/C:H/I:N/A:N;CWE-125;5670;Tesla;All driver versions prior to 535.261.03;577.00, 573.48, 539.41, 570.172.07(vGPU 18.4), 535.261.04(vGPU 16.11), 573.55(vGPU 18.4), 535.261.03
CVE-2025-23286;4.4;MEDIUM;CVSS:3.1/AV:L/AC:L/PR:H/UI:N/S:U/C:H/I:N/A:N;CWE-125;5670;Tesla;All driver versions prior to 539.41;577.00, 573.48, 539.41, 570.172.07(vGPU 18.4), 535.261.04(vGPU 16.11), 573.55(vGPU 18.4), 535.261.03
CVE-2025-23286;4.4;MEDIUM;CVSS:3.1/AV:L/AC:L/PR:H/UI:N/S:U/C:H/I:N/A:N;CWE-125;5670;Tesla;All driver versions prior to 573.48;577.00, 573.48, 539.41, 570.172.07(vGPU 18.4), 535.261.04(vGPU 16.11), 573.55(vGPU 18.4), 535.261.03
CVE-2025-23286;4.4;MEDIUM;CVSS:3.1/AV:L/AC:L/PR:H/UI:N/S:U/C:H/I:N/A:N;CWE-125;5670;Virtual GPU Manager;535.247.02(All versions prior to and including vGPU 16.10);577.00, 573.48, 539.41, 570.172.07(vGPU 18.4), 535.261.04(vGPU 16.11), 573.55(vGPU 18.4), 535.261.03
CVE-2025-23286;4.4;MEDIUM;CVSS:3.1/AV:L/AC:L/PR:H/UI:N/S:U/C:H/I:N/A:N;CWE-125;5670;Virtual GPU Manager;535.247.02(All versions prior to and including vGPU 16.10);577.00, 573.48, 539.41, 570.172.07(vGPU 18.4), 535.261.04(vGPU 16.11), 573.55(vGPU 18.4), 535.261.03
CVE-2025-23286;4.4;MEDIUM;CVSS:3.1/AV:L/AC:L/PR:H/UI:N/S:U/C:H/I:N/A:N;CWE-125;5670;Virtual GPU Manager;535.247.02(All versions prior to and including vGPU 16.10);577.00, 573.48, 539.41, 570.172.07(vGPU 18.4), 535.261.04(vGPU 16.11), 573.55(vGPU 18.4), 535.261.03
CVE-2025-23286;4.4;MEDIUM;CVSS:3.1/AV:L/AC:L/PR:H/UI:N/S:U/C:H/I:N/A:N;CWE-125;5670;Virtual GPU Manager;535.247.02(All versions prior to and including vGPU 16.10);577.00, 573.48, 539.41, 570.172.07(vGPU 18.4), 535.261.04(vGPU 16.11), 573.55(vGPU 18.4), 535.261.03
CVE-2025-23286;4.4;MEDIUM;CVSS:3.1/AV:L/AC:L/PR:H/UI:N/S:U/C:H/I:N/A:N;CWE-125;5670;Virtual GPU Manager;539.28(All versions prior to and including vGPU 18.3);577.00, 573.48, 539.41, 570.172.07(vGPU 18.4), 535.261.04(vGPU 16.11), 573.55(vGPU 18.4), 535.261.03
CVE-2025-23286;4.4;MEDIUM;CVSS:3.1/AV:L/AC:L/PR:H/UI:N/S:U/C:H/I:N/A:N;CWE-125;5670;Virtual GPU Manager;570.158.02(All versions prior to and including vGPU 18.3);577.00, 573.48, 539.41, 570.172.07(vGPU 18.4), 535.261.04(vGPU 16.11), 573.55(vGPU 18.4), 535.261.03
CVE-2025-23286;4.4;MEDIUM;CVSS:3.1/AV:L/AC:L/PR:H/UI:N/S:U/C:H/I:N/A:N;CWE-125;5670;Virtual GPU Manager;570.158.02(All versions prior to and including vGPU 18.3);577.00, 573.48, 539.41, 570.172.07(vGPU 18.4), 535.261.04(vGPU 16.11), 573.55(vGPU 18.4), 535.261.03
CVE-2025-23286;4.4;MEDIUM;CVSS:3.1/AV:L/AC:L/PR:H/UI:N/S:U/C:H/I:N/A:N;CWE-125;5670;Virtual GPU Manager;570.158.02(All versions prior to and including vGPU 18.3);577.00, 573.48, 539.41, 570.172.07(vGPU 18.4), 535.261.04(vGPU 16.11), 573.55(vGPU 18.4), 535.261.03
CVE-2025-23286;4.4;MEDIUM;CVSS:3.1/AV:L/AC:L/PR:H/UI:N/S:U/C:H/I:N/A:N;CWE-125;5670;Virtual GPU Manager;570.158.02(All versions prior to and including vGPU 18.3);577.00, 573.48, 539.41, 570.172.07(vGPU 18.4), 535.261.04(vGPU 16.11), 573.55(vGPU 18.4), 535.261.03
CVE-2025-23287;3.3;LOW;CVSS:3.1/AV:L/AC:L/PR:L/UI:N/S:U/C:L/I:N/A:N;CWE-497;5670;GeForce;All driver versions prior to 577.00;577.00, 573.48, 539.41, 573.55(vGPU 18.4), 573.48(vGPU 18.4), 539.41(vGPU 16.11)
CVE-2025-23287;3.3;LOW;CVSS:3.1/AV:L/AC:L/PR:L/UI:N/S:U/C:L/I:N/A:N;CWE-497;5670;Guest driver;539.28(All versions prior to and including vGPU 16.10);577.00, 573.48, 539.41, 573.55(vGPU 18.4), 573.48(vGPU 18.4), 539.41(vGPU 16.11)
CVE-2025-23287;3.3;LOW;CVSS:3.1/AV:L/AC:L/PR:L/UI:N/S:U/C:L/I:N/A:N;CWE-497;5670;Guest driver;573.39(All versions prior to and including vGPU 18.3);577.00, 573.48, 539.41, 573.55(vGPU 18.4), 573.48(vGPU 18.4), 539.41(vGPU 16.11)
CVE-2025-23287;3.3;LOW;CVSS:3.1/AV:L/AC:L/PR:L/UI:N/S:U/C:L/I:N/A:N;CWE-497;5670;NVIDIA RTX, Quadro, NVS;All driver versions prior to 539.41;577.00, 573.48, 539.41, 573.55(vGPU 18.4), 573.48(vGPU 18.4), 539.41(vGPU 16.11)
CVE-2025-23287;3.3;LOW;CVSS:3.1/AV:L/AC:L/PR:L/UI:N/S:U/C:L/I:N/A:N;CWE-497;5670;NVIDIA RTX, Quadro, NVS;All driver versions prior to 573.48;577.00, 573.48, 539.41, 573.55(vGPU 18.4), 573.48(vGPU 18.4), 539.41(vGPU 16.11)
CVE-2025-23287;3.3;LOW;CVSS:3.1/AV:L/AC:L/PR:L/UI:N/S:U/C:L/I:N/A:N;CWE-497;5670;Tesla;All driver versions prior to 539.41;577.00, 573.48, 539.41, 573.55(vGPU 18.4), 573.48(vGPU 18.4), 539.41(vGPU 16.11)
CVE-2025-23287;3.3;LOW;CVSS:3.1/AV:L/AC:L/PR:L/UI:N/S:U/C:L/I:N/A:N;CWE-497;5670;Tesla;All driver versions prior to 573.48;577.00, 573.48, 539.41, 573.55(vGPU 18.4), 573.48(vGPU 18.4), 539.41(vGPU 16.11)
CVE-2025-23287;3.3;LOW;CVSS:3.1/AV:L/AC:L/PR:L/UI:N/S:U/C:L/I:N/A:N;CWE-497;5670;Virtual GPU Manager;539.28(All versions prior to and including vGPU 18.3);577.00, 573.48, 539.41, 573.55(vGPU 18.4), 573.48(vGPU 18.4), 539.41(vGPU 16.11)
CVE-2025-23288;3.3;LOW;CVSS:3.1/AV:L/AC:L/PR:L/UI:N/S:U/C:L/I:N/A:N;CWE-497;5670;GeForce;All driver versions prior to 577.00;577.00, 573.48, 539.41
CVE-2025-23288;3.3;LOW;CVSS:3.1/AV:L/AC:L/PR:L/UI:N/S:U/C:L/I:N/A:N;CWE-497;5670;NVIDIA RTX, Quadro, NVS;All driver versions prior to 539.41;577.00, 573.48, 539.41
CVE-2025-23288;3.3;LOW;CVSS:3.1/AV:L/AC:L/PR:L/UI:N/S:U/C:L/I:N/A:N;CWE-497;5670;NVIDIA RTX, Quadro, NVS;All driver versions prior to 573.48;577.00, 573.48, 539.41
CVE-2025-23288;3.3;LOW;CVSS:3.1/AV:L/AC:L/PR:L/UI:N/S:U/C:L/I:N/A:N;CWE-497;5670;Tesla;All driver versions prior to 539.41;577.00, 573.48, 539.41
CVE-2025-23288;3.3;LOW;CVSS:3.1/AV:L/AC:L/PR:L/UI:N/S:U/C:L/I:N/A:N;CWE-497;5670;Tesla;All driver versions prior to 573.48;577.00, 573.48, 539.41
CVE-2025-23289;5.5;MEDIUM;CVSS:3.1/AV:L/AC:L/PR:L/UI:N/S:U/C:H/I:N/A:N;CWE-532;5679;NVIDIA Omniverse Launcher;All versions prior to and including 1.9.18;1.9.19
CVE-2025-23289;5.5;MEDIUM;CVSS:3.1/AV:L/AC:L/PR:L/UI:N/S:U/C:H/I:N/A:N;CWE-532;5679;NVIDIA Omniverse Launcher;All versions prior to and including 1.9.18;1.9.19
CVE-2025-23290;2.5;LOW;CVSS:3.1/AV:L/AC:H/PR:L/UI:N/S:U/C:L/I:N/A:N;CWE-200;5670;Virtual GPU Manager;535.247.02(All versions prior to and including vGPU 16.10);570.172.07(vGPU 18.4), 535.261.04(vGPU 16.11), 573.55(vGPU 18.4)
CVE-2025-23290;2.5;LOW;CVSS:3.1/AV:L/AC:H/PR:L/UI:N/S:U/C:L/I:N/A:N;CWE-200;5670;Virtual GPU Manager;535.247.02(All versions prior to and including vGPU 16.10);570.172.07(vGPU 18.4), 535.261.04(vGPU 16.11), 573.55(vGPU 18.4)
CVE-2025-23290;2.5;LOW;CVSS:3.1/AV:L/AC:H/PR:L/UI:N/S:U/C:L/I:N/A:N;CWE-200;5670;Virtual GPU Manager;535.247.02(All versions prior to and including vGPU 16.10);570.172.07(vGPU 18.4), 535.261.04(vGPU 16.11), 573.55(vGPU 18.4)
CVE-2025-23290;2.5;LOW;CVSS:3.1/AV:L/AC:H/PR:L/UI:N/S:U/C:L/I:N/A:N;CWE-200;5670;Virtual GPU Manager;535.247.02(All versions prior to and including vGPU 16.10);570.172.07(vGPU 18.4), 535.261.04(vGPU 16.11), 573.55(vGPU 18.4)
CVE-2025-23290;2.5;LOW;CVSS:3.1/AV:L/AC:H/PR:L/UI:N/S:U/C:L/I:N/A:N;CWE-200;5670;Virtual GPU Manager;539.28(All versions prior to and including vGPU 18.3);570.172.07(vGPU 18.4), 535.261.04(vGPU 16.11), 573.55(vGPU 18.4)
CVE-2025-23290;2.5;LOW;CVSS:3.1/AV:L/AC:H/PR:L/UI:N/S:U/C:L/I:N/A:N;CWE-200;5670;Virtual GPU Manager;570.158.02(All versions prior to and including vGPU 18.3);570.172.07(vGPU 18.4), 535.261.04(vGPU 16.11), 573.55(vGPU 18.4)
CVE-2025-23290;2.5;LOW;CVSS:3.1/AV:L/AC:H/PR:L/UI:N/S:U/C:L/I:N/A:N;CWE-200;5670;Virtual GPU Manager;570.158.02(All versions prior to and including vGPU 18.3);570.172.07(vGPU 18.4), 535.261.04(vGPU 16.11), 573.55(vGPU 18.4)
CVE-2025-23290;2.5;LOW;CVSS:3.1/AV:L/AC:H/PR:L/UI:N/S:U/C:L/I:N/A:N;CWE-200;5670;Virtual GPU Manager;570.158.02(All versions prior to and including vGPU 18.3);570.172.07(vGPU 18.4), 535.261.04(vGPU 16.11), 573.55(vGPU 18.4)
CVE-2025-23290;2.5;LOW;CVSS:3.1/AV:L/AC:H/PR:L/UI:N/S:U/C:L/I:N/A:N;CWE-200;5670;Virtual GPU Manager;570.158.02(All versions prior to and including vGPU 18.3);570.172.07(vGPU 18.4), 535.261.04(vGPU 16.11), 573.55(vGPU 18.4)
CVE-2025-23291;2.4;LOW;CVSS:3.1/AV:A/AC:H/PR:H/UI:R/S:C/C:L/I:N/A:N;CWE-312;5705;DLS component of NVIDIA License System;All versions prior to v3.5.1 and v3.1.7;DLS v3.5.1 and v3.1.7
CVE-2025-23292;4.6;MEDIUM;CVSS:3.1/AV:A/AC:H/PR:H/UI:R/S:U/C:N/I:H/A:L;CWE-943;5705;DLS component of NVIDIA License System;All versions prior to v3.5.1 and v3.1.7;DLS v3.5.1 and v3.1.7
CVE-2025-23293;8.7;HIGH;CVSS:3.1/AV:A/AC:L/PR:L/UI:N/S:C/C:N/I:H/A:H;CWE-306;5705;DLS component of NVIDIA License System;All versions prior to v3.5.1 and v3.1.7;DLS v3.5.1 and v3.1.7
CVE-2025-23294;7.8;HIGH;CVSS:3.1/AV:L/AC:L/PR:L/UI:N/S:U/C:H/I:H/A:H;CWE-78;5658;NVIDIA WebDataset;All versions that do not include code commit 9e95f50;Any code branch that includes code commit 9e95f50
CVE-2025-23295;7.8;HIGH;CVSS:3.1/AV:L/AC:L/PR:L/UI:N/S:U/C:H/I:H/A:H;CWE-94;5680;NVIDIA Apex;All versions before release 25.07;Release 25.07
CVE-2025-23296;7.8;HIGH;CVSS:3.1/AV:L/AC:L/PR:L/UI:N/S:U/C:H/I:H/A:H;CWE-94;5681;NVIDIA Isaac-GR00T N1;All versions that do not include code commit 9ca97e1;Any code branch that includes code commit 9ca97e1
CVE-2025-23297;7.8;HIGH;CVSS:3.1/AV:L/AC:L/PR:L/UI:N/S:U/C:H/I:H/A:H;CWE-276;5682;NVIDIA App;All versions prior to 11.0.5.245;11.0.5.245
CVE-2025-23298;7.8;HIGH;CVSS:3.1/AV:L/AC:L/PR:L/UI:N/S:U/C:H/I:H/A:H;CWE-94;5683;NVIDIA Merlin Transformers4Rec;All versions that do not include code commit b7eaea5;Any code branch that includes code commit b7eaea5
CVE-2025-23299;6.7;MEDIUM;CVSS:3.1/AV:L/AC:L/PR:H/UI:N/S:U/C:H/I:H/A:H;CWE-787;5684;BlueField GA;All versions prior to 46.1006;46.1006, 35.4554, 39.5050, 43.3608, 32.1908
CVE-2025-23299;6.7;MEDIUM;CVSS:3.1/AV:L/AC:L/PR:H/UI:N/S:U/C:H/I:H/A:H;CWE-787;5684;BlueField LTS22;All versions prior to 35.4554;46.1006, 35.4554, 39.5050, 43.3608, 32.1908
CVE-2025-23299;6.7;MEDIUM;CVSS:3.1/AV:L/AC:L/PR:H/UI:N/S:U/C:H/I:H/A:H;CWE-787;5684;BlueField LTS23;All versions prior to 39.5050;46.1006, 35.4554, 39.5050, 43.3608, 32.1908
CVE-2025-23299;6.7;MEDIUM;CVSS:3.1/AV:L/AC:L/PR:H/UI:N/S:U/C:H/I:H/A:H;CWE-787;5684;BlueField LTS24;All versions prior to 43.3608;46.1006, 35.4554, 39.5050, 43.3608, 32.1908
CVE-2025-23299;6.7;MEDIUM;CVSS:3.1/AV:L/AC:L/PR:H/UI:N/S:U/C:H/I:H/A:H;CWE-787;5684;ConnectX GA;All versions prior to 46.1006;46.1006, 35.4554, 39.5050, 43.3608, 32.1908
CVE-2025-23299;6.7;MEDIUM;CVSS:3.1/AV:L/AC:L/PR:H/UI:N/S:U/C:H/I:H/A:H;CWE-787;5684;ConnectX LTS22;All versions prior to 35.4554;46.1006, 35.4554, 39.5050, 43.3608, 32.1908
CVE-2025-23299;6.7;MEDIUM;CVSS:3.1/AV:L/AC:L/PR:H/UI:N/S:U/C:H/I:H/A:H;CWE-787;5684;ConnectX LTS23;All versions prior to 39.5050;46.1006, 35.4554, 39.5050, 43.3608, 32.1908
CVE-2025-23299;6.7;MEDIUM;CVSS:3.1/AV:L/AC:L/PR:H/UI:N/S:U/C:H/I:H/A:H;CWE-787;5684;ConnectX LTS24;All versions prior to 43.3608;46.1006, 35.4554, 39.5050, 43.3608, 32.1908
CVE-2025-23299;6.7;MEDIUM;CVSS:3.1/AV:L/AC:L/PR:H/UI:N/S:U/C:H/I:H/A:H;CWE-787;5684;ConnectX-4 LX;All versions prior to 32.1908;46.1006, 35.4554, 39.5050, 43.3608, 32.1908
CVE-2025-23300;5.5;MEDIUM;CVSS:3.1/AV:L/AC:L/PR:L/UI:N/S:U/C:N/I:N/A:H;CWE-476;5703;GeForce;All driver versions prior to 535.274.02;580.95.05, 570.195.03, 535.274.02, 580.95.05(vGPU 19.2), 580.95.05(September 2025 Release), 570.195.03(vGPU 18.5), 575.274.02(vGPU 16.12), 580.95.02(vGPU 19.2), 570.195.02(vGPU 18.5), 575.274.03(vGPU 16.12), 580.95.02(September 2025 Release)
CVE-2025-23300;5.5;MEDIUM;CVSS:3.1/AV:L/AC:L/PR:L/UI:N/S:U/C:N/I:N/A:H;CWE-476;5703;GeForce;All driver versions prior to 570.195.03;580.95.05, 570.195.03, 535.274.02, 580.95.05(vGPU 19.2), 580.95.05(September 2025 Release), 570.195.03(vGPU 18.5), 575.274.02(vGPU 16.12), 580.95.02(vGPU 19.2), 570.195.02(vGPU 18.5), 575.274.03(vGPU 16.12), 580.95.02(September 2025 Release)
CVE-2025-23300;5.5;MEDIUM;CVSS:3.1/AV:L/AC:L/PR:L/UI:N/S:U/C:N/I:N/A:H;CWE-476;5703;GeForce;All driver versions prior to 580.95.05;580.95.05, 570.195.03, 535.274.02, 580.95.05(vGPU 19.2), 580.95.05(September 2025 Release), 570.195.03(vGPU 18.5), 575.274.02(vGPU 16.12), 580.95.02(vGPU 19.2), 570.195.02(vGPU 18.5), 575.274.03(vGPU 16.12), 580.95.02(September 2025 Release)
CVE-2025-23300;5.5;MEDIUM;CVSS:3.1/AV:L/AC:L/PR:L/UI:N/S:U/C:N/I:N/A:H;CWE-476;5703;Guest driver;535.261.03(All versions prior to and including vGPU 16.11);580.95.05, 570.195.03, 535.274.02, 580.95.05(vGPU 19.2), 580.95.05(September 2025 Release), 570.195.03(vGPU 18.5), 575.274.02(vGPU 16.12), 580.95.02(vGPU 19.2), 570.195.02(vGPU 18.5), 575.274.03(vGPU 16.12), 580.95.02(September 2025 Release)
CVE-2025-23300;5.5;MEDIUM;CVSS:3.1/AV:L/AC:L/PR:L/UI:N/S:U/C:N/I:N/A:H;CWE-476;5703;Guest driver;570.172.08(All versions prior to and including vGPU 18.4);580.95.05, 570.195.03, 535.274.02, 580.95.05(vGPU 19.2), 580.95.05(September 2025 Release), 570.195.03(vGPU 18.5), 575.274.02(vGPU 16.12), 580.95.02(vGPU 19.2), 570.195.02(vGPU 18.5), 575.274.03(vGPU 16.12), 580.95.02(September 2025 Release)
CVE-2025-23300;5.5;MEDIUM;CVSS:3.1/AV:L/AC:L/PR:L/UI:N/S:U/C:N/I:N/A:H;CWE-476;5703;Guest driver;580.82.07(All versions prior to and including vGPU 19.1);580.95.05, 570.195.03, 535.274.02, 580.95.05(vGPU 19.2), 580.95.05(September 2025 Release), 570.195.03(vGPU 18.5), 575.274.02(vGPU 16.12), 580.95.02(vGPU 19.2), 570.195.02(vGPU 18.5), 575.274.03(vGPU 16.12), 580.95.02(September 2025 Release)
CVE-2025-23300;5.5;MEDIUM;CVSS:3.1/AV:L/AC:L/PR:L/UI:N/S:U/C:N/I:N/A:H;CWE-476;5703;Guest driver;580.82.07(All versions up to and including the August 2025 release);580.95.05, 570.195.03, 535.274.02, 580.95.05(vGPU 19.2), 580.95.05(September 2025 Release), 570.195.03(vGPU 18.5), 575.274.02(vGPU 16.12), 580.95.02(vGPU 19.2), 570.195.02(vGPU 18.5), 575.274.03(vGPU 16.12), 580.95.02(September 2025 Release)
CVE-2025-23300;5.5;MEDIUM;CVSS:3.1/AV:L/AC:L/PR:L/UI:N/S:U/C:N/I:N/A:H;CWE-476;5703;NVIDIA RTX, Quadro, NVS;All driver versions prior to 535.274.02;580.95.05, 570.195.03, 535.274.02, 580.95.05(vGPU 19.2), 580.95.05(September 2025 Release), 570.195.03(vGPU 18.5), 575.274.02(vGPU 16.12), 580.95.02(vGPU 19.2), 570.195.02(vGPU 18.5), 575.274.03(vGPU 16.12), 580.95.02(September 2025 Release)
CVE-2025-23300;5.5;MEDIUM;CVSS:3.1/AV:L/AC:L/PR:L/UI:N/S:U/C:N/I:N/A:H;CWE-476;5703;NVIDIA RTX, Quadro, NVS;All driver versions prior to 570.195.03;580.95.05, 570.195.03, 535.274.02, 580.95.05(vGPU 19.2), 580.95.05(September 2025 Release), 570.195.03(vGPU 18.5), 575.274.02(vGPU 16.12), 580.95.02(vGPU 19.2), 570.195.02(vGPU 18.5), 575.274.03(vGPU 16.12), 580.95.02(September 2025 Release)
CVE-2025-23300;5.5;MEDIUM;CVSS:3.1/AV:L/AC:L/PR:L/UI:N/S:U/C:N/I:N/A:H;CWE-476;5703;NVIDIA RTX, Quadro, NVS;All driver versions prior to 580.95.05;580.95.05, 570.195.03, 535.274.02, 580.95.05(vGPU 19.2), 580.95.05(September 2025 Release), 570.195.03(vGPU 18.5), 575.274.02(vGPU 16.12), 580.95.02(vGPU 19.2), 570.195.02(vGPU 18.5), 575.274.03(vGPU 16.12), 580.95.02(September 2025 Release)
CVE-2025-23300;5.5;MEDIUM;CVSS:3.1/AV:L/AC:L/PR:L/UI:N/S:U/C:N/I:N/A:H;CWE-476;5703;Tesla;All driver versions prior to 535.274.02;580.95.05, 570.195.03, 535.274.02, 580.95.05(vGPU 19.2), 580.95.05(September 2025 Release), 570.195.03(vGPU 18.5), 575.274.02(vGPU 16.12), 580.95.02(vGPU 19.2), 570.195.02(vGPU 18.5), 575.274.03(vGPU 16.12), 580.95.02(September 2025 Release)
CVE-2025-23300;5.5;MEDIUM;CVSS:3.1/AV:L/AC:L/PR:L/UI:N/S:U/C:N/I:N/A:H;CWE-476;5703;Tesla;All driver versions prior to 570.195.03;580.95.05, 570.195.03, 535.274.02, 580.95.05(vGPU 19.2), 580.95.05(September 2025 Release), 570.195.03(vGPU 18.5), 575.274.02(vGPU 16.12), 580.95.02(vGPU 19.2), 570.195.02(vGPU 18.5), 575.274.03(vGPU 16.12), 580.95.02(September 2025 Release)
CVE-2025-23300;5.5;MEDIUM;CVSS:3.1/AV:L/AC:L/PR:L/UI:N/S:U/C:N/I:N/A:H;CWE-476;5703;Tesla;All driver versions prior to 580.95.05;580.95.05, 570.195.03, 535.274.02, 580.95.05(vGPU 19.2), 580.95.05(September 2025 Release), 570.195.03(vGPU 18.5), 575.274.02(vGPU 16.12), 580.95.02(vGPU 19.2), 570.195.02(vGPU 18.5), 575.274.03(vGPU 16.12), 580.95.02(September 2025 Release)
CVE-2025-23300;5.5;MEDIUM;CVSS:3.1/AV:L/AC:L/PR:L/UI:N/S:U/C:N/I:N/A:H;CWE-476;5703;Virtual GPU Manager;535.261.04(All versions prior to and including vGPU 16.11);580.95.05, 570.195.03, 535.274.02, 580.95.05(vGPU 19.2), 580.95.05(September 2025 Release), 570.195.03(vGPU 18.5), 575.274.02(vGPU 16.12), 580.95.02(vGPU 19.2), 570.195.02(vGPU 18.5), 575.274.03(vGPU 16.12), 580.95.02(September 2025 Release)
CVE-2025-23300;5.5;MEDIUM;CVSS:3.1/AV:L/AC:L/PR:L/UI:N/S:U/C:N/I:N/A:H;CWE-476;5703;Virtual GPU Manager;570.172.07(All versions prior to and including vGPU 18.4);580.95.05, 570.195.03, 535.274.02, 580.95.05(vGPU 19.2), 580.95.05(September 2025 Release), 570.195.03(vGPU 18.5), 575.274.02(vGPU 16.12), 580.95.02(vGPU 19.2), 570.195.02(vGPU 18.5), 575.274.03(vGPU 16.12), 580.95.02(September 2025 Release)
CVE-2025-23300;5.5;MEDIUM;CVSS:3.1/AV:L/AC:L/PR:L/UI:N/S:U/C:N/I:N/A:H;CWE-476;5703;Virtual GPU Manager;580.82.02(All versions prior to and including vGPU 19.1);580.95.05, 570.195.03, 535.274.02, 580.95.05(vGPU 19.2), 580.95.05(September 2025 Release), 570.195.03(vGPU 18.5), 575.274.02(vGPU 16.12), 580.95.02(vGPU 19.2), 570.195.02(vGPU 18.5), 575.274.03(vGPU 16.12), 580.95.02(September 2025 Release)
CVE-2025-23300;5.5;MEDIUM;CVSS:3.1/AV:L/AC:L/PR:L/UI:N/S:U/C:N/I:N/A:H;CWE-476;5703;Virtual GPU Manager;580.82.02(All versions up to and including the August 2025 release);580.95.05, 570.195.03, 535.274.02, 580.95.05(vGPU 19.2), 580.95.05(September 2025 Release), 570.195.03(vGPU 18.5), 575.274.02(vGPU 16.12), 580.95.02(vGPU 19.2), 570.195.02(vGPU 18.5), 575.274.03(vGPU 16.12), 580.95.02(September 2025 Release)
CVE-2025-23301;4.2;MEDIUM;CVSS:3.1/AV:L/AC:H/PR:L/UI:N/S:C/C:N/I:L/A:L;CWE-1244;5674;HGX, DGX Blackwell;All versions prior to and including 1.2.0;1.8.0, 1.2.1
CVE-2025-23301;4.2;MEDIUM;CVSS:3.1/AV:L/AC:H/PR:L/UI:N/S:C/C:N/I:L/A:L;CWE-1244;5674;HGX, DGX Hopper;All versions prior to and including 1.7.1;1.8.0, 1.2.1
CVE-2025-23302;4.2;MEDIUM;CVSS:3.1/AV:L/AC:H/PR:L/UI:N/S:C/C:N/I:L/A:L;CWE-1244;5674;HGX, DGX Blackwell;All versions prior to and including 1.2.0;1.8.0, 1.2.1
CVE-2025-23302;4.2;MEDIUM;CVSS:3.1/AV:L/AC:H/PR:L/UI:N/S:C/C:N/I:L/A:L;CWE-1244;5674;HGX, DGX Hopper;All versions prior to and including 1.7.1;1.8.0, 1.2.1
CVE-2025-23303;7.8;HIGH;CVSS:3.1/AV:L/AC:L/PR:L/UI:N/S:U/C:H/I:H/A:H;CWE-502;5686;NVIDIA NeMo Framework;All versions prior to 2.3.2;2.3.2
CVE-2025-23304;7.8;HIGH;CVSS:3.1/AV:L/AC:L/PR:L/UI:N/S:U/C:H/I:H/A:H;CWE-22;5686;NVIDIA NeMo Framework;All versions prior to 2.3.2;2.3.2
CVE-2025-23305;7.8;HIGH;CVSS:3.1/AV:L/AC:L/PR:L/UI:N/S:U/C:H/I:H/A:H;CWE-94;5685;Megatron-LM;All versions prior to 0.12.2;0.12.2
CVE-2025-23306;7.8;HIGH;CVSS:3.1/AV:L/AC:L/PR:L/UI:N/S:U/C:H/I:H/A:H;CWE-94;5685;Megatron-LM;All versions prior to 0.12.2;0.12.2
CVE-2025-23307;7.8;HIGH;CVSS:3.1/AV:L/AC:L/PR:L/UI:N/S:U/C:H/I:H/A:H;CWE-94;5690;NVIDIA NeMo Curator;All versions prior to Curator 25.07;Curator 25.07
CVE-2025-23308;3.3;LOW;CVSS:3.1/AV:L/AC:L/PR:N/UI:R/S:U/C:L/I:N/A:N;CWE-122;5661;NVIDIA CUDA Toolkit;All versions prior to CUDA Toolkit 13.0;CUDA Toolkit 13.0
CVE-2025-23309;8.2;HIGH;CVSS:3.1/AV:L/AC:L/PR:L/UI:R/S:C/C:H/I:H/A:H;CWE-427;5703;GeForce;All driver versions prior to 581.42;581.42, 573.76, 539.56
CVE-2025-23309;8.2;HIGH;CVSS:3.1/AV:L/AC:L/PR:L/UI:R/S:C/C:H/I:H/A:H;CWE-427;5703;NVIDIA RTX, Quadro, NVS;All driver versions prior to 539.56;581.42, 573.76, 539.56
CVE-2025-23309;8.2;HIGH;CVSS:3.1/AV:L/AC:L/PR:L/UI:R/S:C/C:H/I:H/A:H;CWE-427;5703;NVIDIA RTX, Quadro, NVS;All driver versions prior to 573.76;581.42, 573.76, 539.56
CVE-2025-23309;8.2;HIGH;CVSS:3.1/AV:L/AC:L/PR:L/UI:R/S:C/C:H/I:H/A:H;CWE-427;5703;NVIDIA RTX, Quadro, NVS;All driver versions prior to 581.42;581.42, 573.76, 539.56
CVE-2025-23309;8.2;HIGH;CVSS:3.1/AV:L/AC:L/PR:L/UI:R/S:C/C:H/I:H/A:H;CWE-427;5703;Tesla;All driver versions prior to 539.56;581.42, 573.76, 539.56
CVE-2025-23309;8.2;HIGH;CVSS:3.1/AV:L/AC:L/PR:L/UI:R/S:C/C:H/I:H/A:H;CWE-427;5703;Tesla;All driver versions prior to 573.76;581.42, 573.76, 539.56
CVE-2025-23309;8.2;HIGH;CVSS:3.1/AV:L/AC:L/PR:L/UI:R/S:C/C:H/I:H/A:H;CWE-427;5703;Tesla;All driver versions prior to 581.42;581.42, 573.76, 539.56
CVE-2025-23310;9.8;CRITICAL;CVSS:3.1/AV:N/AC:L/PR:N/UI:N/S:U/C:H/I:H/A:H;CWE-121;5687;Triton Inference Server;All versions prior to 25.07;25.07
CVE-2025-23311;9.8;CRITICAL;CVSS:3.1/AV:N/AC:L/PR:N/UI:N/S:U/C:H/I:H/A:H;CWE-121;5687;Triton Inference Server;All versions prior to 25.07;25.07
CVE-2025-23312;7.8;HIGH;CVSS:3.1/AV:L/AC:L/PR:L/UI:N/S:U/C:H/I:H/A:H;CWE-94;5689;NVIDIA NeMo Framework;All versions prior to 2.4.0;2.4.0
CVE-2025-23313;7.8;HIGH;CVSS:3.1/AV:L/AC:L/PR:L/UI:N/S:U/C:H/I:H/A:H;CWE-94;5689;NVIDIA NeMo Framework;All versions prior to 2.4.0;2.4.0
CVE-2025-23314;7.8;HIGH;CVSS:3.1/AV:L/AC:L/PR:L/UI:N/S:U/C:H/I:H/A:H;CWE-94;5689;NVIDIA NeMo Framework;All versions prior to 2.4.0;2.4.0
CVE-2025-23315;7.8;HIGH;CVSS:3.1/AV:L/AC:L/PR:L/UI:N/S:U/C:H/I:H/A:H;CWE-94;5689;NVIDIA NeMo Framework;All versions prior to 2.4.0;2.4.0
CVE-2025-23316;9.8;CRITICAL;CVSS:3.1/AV:N/AC:L/PR:N/UI:N/S:U/C:H/I:H/A:H;CWE-78;5691;Triton Inference Server;All versions prior to 25.08;25.08
CVE-2025-23317;9.1;CRITICAL;CVSS:3.1/AV:N/AC:L/PR:N/UI:N/S:U/C:N/I:H/A:H;CWE-122;5687;Triton Inference Server;All versions prior to 25.07;25.07
CVE-2025-23318;8.1;HIGH;CVSS:3.1/AV:N/AC:H/PR:N/UI:N/S:U/C:H/I:H/A:H;CWE-805;5687;Triton Inference Server;All versions prior to 25.07;25.07
CVE-2025-23319;8.1;HIGH;CVSS:3.1/AV:N/AC:H/PR:N/UI:N/S:U/C:H/I:H/A:H;CWE-805;5687;Triton Inference Server;All versions prior to 25.07;25.07
CVE-2025-23320;7.5;HIGH;CVSS:3.1/AV:N/AC:L/PR:N/UI:N/S:U/C:H/I:N/A:N;CWE-209;5687;Triton Inference Server;All versions prior to 25.07;25.07
CVE-2025-23321;7.5;HIGH;CVSS:3.1/AV:N/AC:L/PR:N/UI:N/S:U/C:N/I:N/A:H;CWE-369;5687;Triton Inference Server;All versions prior to 25.07;25.07
CVE-2025-23322;7.5;HIGH;CVSS:3.1/AV:N/AC:L/PR:N/UI:N/S:U/C:N/I:N/A:H;CWE-415;5687;Triton Inference Server;All versions prior to 25.06;25.06
CVE-2025-23323;7.5;HIGH;CVSS:3.1/AV:N/AC:L/PR:N/UI:N/S:U/C:N/I:N/A:H;CWE-190;5687;Triton Inference Server;All versions prior to 25.05;25.05
CVE-2025-23324;7.5;HIGH;CVSS:3.1/AV:N/AC:L/PR:N/UI:N/S:U/C:N/I:N/A:H;CWE-190;5687;Triton Inference Server;All versions prior to 25.05;25.05
CVE-2025-23325;7.5;HIGH;CVSS:3.1/AV:N/AC:L/PR:N/UI:N/S:U/C:N/I:N/A:H;CWE-674;5687;Triton Inference Server;All versions prior to 25.05;25.05
CVE-2025-23326;7.5;HIGH;CVSS:3.1/AV:N/AC:L/PR:N/UI:N/S:U/C:N/I:N/A:H;CWE-680;5687;Triton Inference Server;All versions prior to 25.05;25.05
CVE-2025-23327;7.5;HIGH;CVSS:3.1/AV:N/AC:H/PR:L/UI:N/S:U/C:H/I:H/A:H;CWE-190;5687;Triton Inference Server;All versions prior to 25.05;25.05
CVE-2025-23328;7.5;HIGH;CVSS:3.1/AV:N/AC:L/PR:N/UI:N/S:U/C:N/I:N/A:H;CWE-787;5691;Triton Inference Server;All versions prior to 25.08;25.08
CVE-2025-23329;7.5;HIGH;CVSS:3.1/AV:N/AC:L/PR:N/UI:N/S:U/C:N/I:N/A:H;CWE-284;5691;Triton Inference Server;All versions prior to 25.08;25.08
CVE-2025-23330;5.5;MEDIUM;CVSS:3.1/AV:L/AC:L/PR:L/UI:N/S:U/C:N/I:N/A:H;CWE-476;5703;GeForce;All driver versions prior to 535.274.02;580.95.05, 570.195.03, 535.274.02, 580.95.05(vGPU 19.2), 580.95.05(September 2025 Release), 570.195.03(vGPU 18.5), 575.274.02(vGPU 16.12)
CVE-2025-23330;5.5;MEDIUM;CVSS:3.1/AV:L/AC:L/PR:L/UI:N/S:U/C:N/I:N/A:H;CWE-476;5703;GeForce;All driver versions prior to 570.195.03;580.95.05, 570.195.03, 535.274.02, 580.95.05(vGPU 19.2), 580.95.05(September 2025 Release), 570.195.03(vGPU 18.5), 575.274.02(vGPU 16.12)
CVE-2025-23330;5.5;MEDIUM;CVSS:3.1/AV:L/AC:L/PR:L/UI:N/S:U/C:N/I:N/A:H;CWE-476;5703;GeForce;All driver versions prior to 580.95.05;580.95.05, 570.195.03, 535.274.02, 580.95.05(vGPU 19.2), 580.95.05(September 2025 Release), 570.195.03(vGPU 18.5), 575.274.02(vGPU 16.12)
CVE-2025-23330;5.5;MEDIUM;CVSS:3.1/AV:L/AC:L/PR:L/UI:N/S:U/C:N/I:N/A:H;CWE-476;5703;Guest driver;535.261.03(All versions prior to and including vGPU 16.11);580.95.05, 570.195.03, 535.274.02, 580.95.05(vGPU 19.2), 580.95.05(September 2025 Release), 570.195.03(vGPU 18.5), 575.274.02(vGPU 16.12)
CVE-2025-23330;5.5;MEDIUM;CVSS:3.1/AV:L/AC:L/PR:L/UI:N/S:U/C:N/I:N/A:H;CWE-476;5703;Guest driver;570.172.08(All versions prior to and including vGPU 18.4);580.95.05, 570.195.03, 535.274.02, 580.95.05(vGPU 19.2), 580.95.05(September 2025 Release), 570.195.03(vGPU 18.5), 575.274.02(vGPU 16.12)
CVE-2025-23330;5.5;MEDIUM;CVSS:3.1/AV:L/AC:L/PR:L/UI:N/S:U/C:N/I:N/A:H;CWE-476;5703;Guest driver;580.82.07(All versions prior to and including vGPU 19.1);580.95.05, 570.195.03, 535.274.02, 580.95.05(vGPU 19.2), 580.95.05(September 2025 Release), 570.195.03(vGPU 18.5), 575.274.02(vGPU 16.12)
CVE-2025-23330;5.5;MEDIUM;CVSS:3.1/AV:L/AC:L/PR:L/UI:N/S:U/C:N/I:N/A:H;CWE-476;5703;Guest driver;580.82.07(All versions up to and including the August 2025 release);580.95.05, 570.195.03, 535.274.02, 580.95.05(vGPU 19.2), 580.95.05(September 2025 Release), 570.195.03(vGPU 18.5), 575.274.02(vGPU 16.12)
CVE-2025-23330;5.5;MEDIUM;CVSS:3.1/AV:L/AC:L/PR:L/UI:N/S:U/C:N/I:N/A:H;CWE-476;5703;NVIDIA RTX, Quadro, NVS;All driver versions prior to 535.274.02;580.95.05, 570.195.03, 535.274.02, 580.95.05(vGPU 19.2), 580.95.05(September 2025 Release), 570.195.03(vGPU 18.5), 575.274.02(vGPU 16.12)
CVE-2025-23330;5.5;MEDIUM;CVSS:3.1/AV:L/AC:L/PR:L/UI:N/S:U/C:N/I:N/A:H;CWE-476;5703;NVIDIA RTX, Quadro, NVS;All driver versions prior to 570.195.03;580.95.05, 570.195.03, 535.274.02, 580.95.05(vGPU 19.2), 580.95.05(September 2025 Release), 570.195.03(vGPU 18.5), 575.274.02(vGPU 16.12)
CVE-2025-23330;5.5;MEDIUM;CVSS:3.1/AV:L/AC:L/PR:L/UI:N/S:U/C:N/I:N/A:H;CWE-476;5703;NVIDIA RTX, Quadro, NVS;All driver versions prior to 580.95.05;580.95.05, 570.195.03, 535.274.02, 580.95.05(vGPU 19.2), 580.95.05(September 2025 Release), 570.195.03(vGPU 18.5), 575.274.02(vGPU 16.12)
CVE-2025-23330;5.5;MEDIUM;CVSS:3.1/AV:L/AC:L/PR:L/UI:N/S:U/C:N/I:N/A:H;CWE-476;5703;Tesla;All driver versions prior to 535.274.02;580.95.05, 570.195.03, 535.274.02, 580.95.05(vGPU 19.2), 580.95.05(September 2025 Release), 570.195.03(vGPU 18.5), 575.274.02(vGPU 16.12)
CVE-2025-23330;5.5;MEDIUM;CVSS:3.1/AV:L/AC:L/PR:L/UI:N/S:U/C:N/I:N/A:H;CWE-476;5703;Tesla;All driver versions prior to 570.195.03;580.95.05, 570.195.03, 535.274.02, 580.95.05(vGPU 19.2), 580.95.05(September 2025 Release), 570.195.03(vGPU 18.5), 575.274.02(vGPU 16.12)
CVE-2025-23330;5.5;MEDIUM;CVSS:3.1/AV:L/AC:L/PR:L/UI:N/S:U/C:N/I:N/A:H;CWE-476;5703;Tesla;All driver versions prior to 580.95.05;580.95.05, 570.195.03, 535.274.02, 580.95.05(vGPU 19.2), 580.95.05(September 2025 Release), 570.195.03(vGPU 18.5), 575.274.02(vGPU 16.12)
CVE-2025-23331;7.5;HIGH;CVSS:3.1/AV:N/AC:L/PR:N/UI:N/S:U/C:N/I:N/A:H;CWE-789;5687;Triton Inference Server;All versions prior to 25.06;25.06
CVE-2025-23332;5;MEDIUM;CVSS:3.1/AV:L/AC:L/PR:L/UI:R/S:U/C:N/I:N/A:H;CWE-476;5703;GeForce;All driver versions prior to 535.274.02;580.95.05, 570.195.03, 535.274.02, 580.95.05(vGPU 19.2), 580.95.05(September 2025 Release), 570.195.03(vGPU 18.5), 575.274.02(vGPU 16.12), 580.95.02(vGPU 19.2), 570.195.02(vGPU 18.5)
CVE-2025-23332;5;MEDIUM;CVSS:3.1/AV:L/AC:L/PR:L/UI:R/S:U/C:N/I:N/A:H;CWE-476;5703;GeForce;All driver versions prior to 570.195.03;580.95.05, 570.195.03, 535.274.02, 580.95.05(vGPU 19.2), 580.95.05(September 2025 Release), 570.195.03(vGPU 18.5), 575.274.02(vGPU 16.12), 580.95.02(vGPU 19.2), 570.195.02(vGPU 18.5)
CVE-2025-23332;5;MEDIUM;CVSS:3.1/AV:L/AC:L/PR:L/UI:R/S:U/C:N/I:N/A:H;CWE-476;5703;GeForce;All driver versions prior to 580.95.05;580.95.05, 570.195.03, 535.274.02, 580.95.05(vGPU 19.2), 580.95.05(September 2025 Release), 570.195.03(vGPU 18.5), 575.274.02(vGPU 16.12), 580.95.02(vGPU 19.2), 570.195.02(vGPU 18.5)
CVE-2025-23332;5;MEDIUM;CVSS:3.1/AV:L/AC:L/PR:L/UI:R/S:U/C:N/I:N/A:H;CWE-476;5703;Guest driver;535.261.03(All versions prior to and including vGPU 16.11);580.95.05, 570.195.03, 535.274.02, 580.95.05(vGPU 19.2), 580.95.05(September 2025 Release), 570.195.03(vGPU 18.5), 575.274.02(vGPU 16.12), 580.95.02(vGPU 19.2), 570.195.02(vGPU 18.5)
CVE-2025-23332;5;MEDIUM;CVSS:3.1/AV:L/AC:L/PR:L/UI:R/S:U/C:N/I:N/A:H;CWE-476;5703;Guest driver;570.172.08(All versions prior to and including vGPU 18.4);580.95.05, 570.195.03, 535.274.02, 580.95.05(vGPU 19.2), 580.95.05(September 2025 Release), 570.195.03(vGPU 18.5), 575.274.02(vGPU 16.12), 580.95.02(vGPU 19.2), 570.195.02(vGPU 18.5)
CVE-2025-23332;5;MEDIUM;CVSS:3.1/AV:L/AC:L/PR:L/UI:R/S:U/C:N/I:N/A:H;CWE-476;5703;Guest driver;580.82.07(All versions prior to and including vGPU 19.1);580.95.05, 570.195.03, 535.274.02, 580.95.05(vGPU 19.2), 580.95.05(September 2025 Release), 570.195.03(vGPU 18.5), 575.274.02(vGPU 16.12), 580.95.02(vGPU 19.2), 570.195.02(vGPU 18.5)
CVE-2025-23332;5;MEDIUM;CVSS:3.1/AV:L/AC:L/PR:L/UI:R/S:U/C:N/I:N/A:H;CWE-476;5703;Guest driver;580.82.07(All versions up to and including the August 2025 release);580.95.05, 570.195.03, 535.274.02, 580.95.05(vGPU 19.2), 580.95.05(September 2025 Release), 570.195.03(vGPU 18.5), 575.274.02(vGPU 16.12), 580.95.02(vGPU 19.2), 570.195.02(vGPU 18.5)
CVE-2025-23332;5;MEDIUM;CVSS:3.1/AV:L/AC:L/PR:L/UI:R/S:U/C:N/I:N/A:H;CWE-476;5703;NVIDIA RTX, Quadro, NVS;All driver versions prior to 535.274.02;580.95.05, 570.195.03, 535.274.02, 580.95.05(vGPU 19.2), 580.95.05(September 2025 Release), 570.195.03(vGPU 18.5), 575.274.02(vGPU 16.12), 580.95.02(vGPU 19.2), 570.195.02(vGPU 18.5)
CVE-2025-23332;5;MEDIUM;CVSS:3.1/AV:L/AC:L/PR:L/UI:R/S:U/C:N/I:N/A:H;CWE-476;5703;NVIDIA RTX, Quadro, NVS;All driver versions prior to 570.195.03;580.95.05, 570.195.03, 535.274.02, 580.95.05(vGPU 19.2), 580.95.05(September 2025 Release), 570.195.03(vGPU 18.5), 575.274.02(vGPU 16.12), 580.95.02(vGPU 19.2), 570.195.02(vGPU 18.5)
CVE-2025-23332;5;MEDIUM;CVSS:3.1/AV:L/AC:L/PR:L/UI:R/S:U/C:N/I:N/A:H;CWE-476;5703;NVIDIA RTX, Quadro, NVS;All driver versions prior to 580.95.05;580.95.05, 570.195.03, 535.274.02, 580.95.05(vGPU 19.2), 580.95.05(September 2025 Release), 570.195.03(vGPU 18.5), 575.274.02(vGPU 16.12), 580.95.02(vGPU 19.2), 570.195.02(vGPU 18.5)
CVE-2025-23332;5;MEDIUM;CVSS:3.1/AV:L/AC:L/PR:L/UI:R/S:U/C:N/I:N/A:H;CWE-476;5703;Tesla;All driver versions prior to 535.274.02;580.95.05, 570.195.03, 535.274.02, 580.95.05(vGPU 19.2), 580.95.05(September 2025 Release), 570.195.03(vGPU 18.5), 575.274.02(vGPU 16.12), 580.95.02(vGPU 19.2), 570.195.02(vGPU 18.5)
CVE-2025-23332;5;MEDIUM;CVSS:3.1/AV:L/AC:L/PR:L/UI:R/S:U/C:N/I:N/A:H;CWE-476;5703;Tesla;All driver versions prior to 570.195.03;580.95.05, 570.195.03, 535.274.02, 580.95.05(vGPU 19.2), 580.95.05(September 2025 Release), 570.195.03(vGPU 18.5), 575.274.02(vGPU 16.12), 580.95.02(vGPU 19.2), 570.195.02(vGPU 18.5)
CVE-2025-23332;5;MEDIUM;CVSS:3.1/AV:L/AC:L/PR:L/UI:R/S:U/C:N/I:N/A:H;CWE-476;5703;Tesla;All driver versions prior to 580.95.05;580.95.05, 570.195.03, 535.274.02, 580.95.05(vGPU 19.2), 580.95.05(September 2025 Release), 570.195.03(vGPU 18.5), 575.274.02(vGPU 16.12), 580.95.02(vGPU 19.2), 570.195.02(vGPU 18.5)
CVE-2025-23332;5;MEDIUM;CVSS:3.1/AV:L/AC:L/PR:L/UI:R/S:U/C:N/I:N/A:H;CWE-476;5703;Virtual GPU Manager;535.261.04(All versions prior to and including vGPU 16.11);580.95.05, 570.195.03, 535.274.02, 580.95.05(vGPU 19.2), 580.95.05(September 2025 Release), 570.195.03(vGPU 18.5), 575.274.02(vGPU 16.12), 580.95.02(vGPU 19.2), 570.195.02(vGPU 18.5)
CVE-2025-23332;5;MEDIUM;CVSS:3.1/AV:L/AC:L/PR:L/UI:R/S:U/C:N/I:N/A:H;CWE-476;5703;Virtual GPU Manager;570.172.07(All versions prior to and including vGPU 18.4);580.95.05, 570.195.03, 535.274.02, 580.95.05(vGPU 19.2), 580.95.05(September 2025 Release), 570.195.03(vGPU 18.5), 575.274.02(vGPU 16.12), 580.95.02(vGPU 19.2), 570.195.02(vGPU 18.5)
CVE-2025-23332;5;MEDIUM;CVSS:3.1/AV:L/AC:L/PR:L/UI:R/S:U/C:N/I:N/A:H;CWE-476;5703;Virtual GPU Manager;580.82.02(All versions prior to and including vGPU 19.1);580.95.05, 570.195.03, 535.274.02, 580.95.05(vGPU 19.2), 580.95.05(September 2025 Release), 570.195.03(vGPU 18.5), 575.274.02(vGPU 16.12), 580.95.02(vGPU 19.2), 570.195.02(vGPU 18.5)
CVE-2025-23333;5.9;MEDIUM;CVSS:3.1/AV:N/AC:H/PR:N/UI:N/S:U/C:H/I:N/A:N;CWE-125;5687;Triton Inference Server;All versions prior to 25.07;25.07
CVE-2025-23334;5.9;MEDIUM;CVSS:3.1/AV:N/AC:H/PR:N/UI:N/S:U/C:H/I:N/A:N;CWE-125;5687;Triton Inference Server;All versions prior to 25.07;25.07
CVE-2025-23335;4.4;MEDIUM;CVSS:3.1/AV:N/AC:H/PR:H/UI:N/S:U/C:N/I:N/A:H;CWE-191;5687;Triton Inference Server;All versions prior to 25.05;25.05
CVE-2025-23336;4.4;MEDIUM;CVSS:3.1/AV:N/AC:H/PR:H/UI:N/S:U/C:N/I:N/A:H;CWE-20;5691;Triton Inference Server;All versions prior to 25.08;25.08
CVE-2025-23337;6.7;MEDIUM;CVSS:3.1/AV:L/AC:L/PR:H/UI:N/S:U/C:H/I:H/A:H;CWE-1244;5692;HGX & DGX B300;B300 0.6;GB200 1.3, GB300 0.8, B300 0.8
CVE-2025-23337;6.7;MEDIUM;CVSS:3.1/AV:L/AC:L/PR:H/UI:N/S:U/C:H/I:H/A:H;CWE-1244;5692;HGX & DGX GB200;GB200 1.2;GB200 1.3, GB300 0.8, B300 0.8
CVE-2025-23337;6.7;MEDIUM;CVSS:3.1/AV:L/AC:L/PR:H/UI:N/S:U/C:H/I:H/A:H;CWE-1244;5692;HGX & DGX GB300;GB300 0.8 dev drop;GB200 1.3, GB300 0.8, B300 0.8
CVE-2025-23338;3.3;LOW;CVSS:3.1/AV:L/AC:L/PR:N/UI:R/S:U/C:N/I:N/A:L;CWE-129;5661;NVIDIA CUDA Toolkit;All versions prior to CUDA Toolkit 13.0;CUDA Toolkit 13.0
CVE-2025-23339;3.3;LOW;CVSS:3.1/AV:L/AC:L/PR:N/UI:R/S:U/C:L/I:N/A:N;CWE-121;5661;NVIDIA CUDA Toolkit;All versions prior to CUDA Toolkit 13.0;CUDA Toolkit 13.0
CVE-2025-23340;3.3;LOW;CVSS:3.1/AV:L/AC:L/PR:N/UI:R/S:U/C:N/I:N/A:L;CWE-125;5661;NVIDIA CUDA Toolkit;All versions prior to CUDA Toolkit 13.0;CUDA Toolkit 13.0
CVE-2025-23342;8.2;HIGH;CVSS:3.1/AV:L/AC:L/PR:L/UI:R/S:C/C:H/I:H/A:H;CWE-522;5696;NVDebug tool;All versions prior to 1.7.0;1.7.0 and later
CVE-2025-23343;7.6;HIGH;CVSS:3.1/AV:A/AC:H/PR:L/UI:R/S:C/C:H/I:H/A:H;CWE-22;5696;NVDebug tool;All versions prior to 1.7.0;1.7.0 and later
CVE-2025-23344;7.3;HIGH;CVSS:3.1/AV:L/AC:L/PR:L/UI:R/S:U/C:H/I:H/A:H;CWE-78;5696;NVDebug tool;All versions prior to 1.7.0;1.7.0 and later
CVE-2025-23345;4.4;MEDIUM;CVSS:3.1/AV:L/AC:L/PR:L/UI:N/S:U/C:N/I:L/A:L;CWE-125;5703;GeForce;All driver versions prior to 535.274.02;581.42, 573.76, 539.56, 580.95.05, 570.195.03, 535.274.02, 580.95.05(September 2025 Release), 581.42(vGPU 19.2), 573.76(vGPU 18.5), 539.56(vGPU 16.12), 580.95.05(vGPU 19.2), 570.195.03(vGPU 18.5), 575.274.02(vGPU 16.12)
CVE-2025-23345;4.4;MEDIUM;CVSS:3.1/AV:L/AC:L/PR:L/UI:N/S:U/C:N/I:L/A:L;CWE-125;5703;GeForce;All driver versions prior to 570.195.03;581.42, 573.76, 539.56, 580.95.05, 570.195.03, 535.274.02, 580.95.05(September 2025 Release), 581.42(vGPU 19.2), 573.76(vGPU 18.5), 539.56(vGPU 16.12), 580.95.05(vGPU 19.2), 570.195.03(vGPU 18.5), 575.274.02(vGPU 16.12)
CVE-2025-23345;4.4;MEDIUM;CVSS:3.1/AV:L/AC:L/PR:L/UI:N/S:U/C:N/I:L/A:L;CWE-125;5703;GeForce;All driver versions prior to 580.95.05;581.42, 573.76, 539.56, 580.95.05, 570.195.03, 535.274.02, 580.95.05(September 2025 Release), 581.42(vGPU 19.2), 573.76(vGPU 18.5), 539.56(vGPU 16.12), 580.95.05(vGPU 19.2), 570.195.03(vGPU 18.5), 575.274.02(vGPU 16.12)
CVE-2025-23345;4.4;MEDIUM;CVSS:3.1/AV:L/AC:L/PR:L/UI:N/S:U/C:N/I:L/A:L;CWE-125;5703;GeForce;All driver versions prior to 581.42;581.42, 573.76, 539.56, 580.95.05, 570.195.03, 535.274.02, 580.95.05(September 2025 Release), 581.42(vGPU 19.2), 573.76(vGPU 18.5), 539.56(vGPU 16.12), 580.95.05(vGPU 19.2), 570.195.03(vGPU 18.5), 575.274.02(vGPU 16.12)
CVE-2025-23345;4.4;MEDIUM;CVSS:3.1/AV:L/AC:L/PR:L/UI:N/S:U/C:N/I:L/A:L;CWE-125;5703;Guest driver;535.261.03(All versions prior to and including vGPU 16.11);581.42, 573.76, 539.56, 580.95.05, 570.195.03, 535.274.02, 580.95.05(September 2025 Release), 581.42(vGPU 19.2), 573.76(vGPU 18.5), 539.56(vGPU 16.12), 580.95.05(vGPU 19.2), 570.195.03(vGPU 18.5), 575.274.02(vGPU 16.12)
CVE-2025-23345;4.4;MEDIUM;CVSS:3.1/AV:L/AC:L/PR:L/UI:N/S:U/C:N/I:L/A:L;CWE-125;5703;Guest driver;539.41(All versions prior to and including vGPU 16.11);581.42, 573.76, 539.56, 580.95.05, 570.195.03, 535.274.02, 580.95.05(September 2025 Release), 581.42(vGPU 19.2), 573.76(vGPU 18.5), 539.56(vGPU 16.12), 580.95.05(vGPU 19.2), 570.195.03(vGPU 18.5), 575.274.02(vGPU 16.12)
CVE-2025-23345;4.4;MEDIUM;CVSS:3.1/AV:L/AC:L/PR:L/UI:N/S:U/C:N/I:L/A:L;CWE-125;5703;Guest driver;570.172.08(All versions prior to and including vGPU 18.4);581.42, 573.76, 539.56, 580.95.05, 570.195.03, 535.274.02, 580.95.05(September 2025 Release), 581.42(vGPU 19.2), 573.76(vGPU 18.5), 539.56(vGPU 16.12), 580.95.05(vGPU 19.2), 570.195.03(vGPU 18.5), 575.274.02(vGPU 16.12)
CVE-2025-23345;4.4;MEDIUM;CVSS:3.1/AV:L/AC:L/PR:L/UI:N/S:U/C:N/I:L/A:L;CWE-125;5703;Guest driver;573.48(All versions prior to and including vGPU 18.4);581.42, 573.76, 539.56, 580.95.05, 570.195.03, 535.274.02, 580.95.05(September 2025 Release), 581.42(vGPU 19.2), 573.76(vGPU 18.5), 539.56(vGPU 16.12), 580.95.05(vGPU 19.2), 570.195.03(vGPU 18.5), 575.274.02(vGPU 16.12)
CVE-2025-23345;4.4;MEDIUM;CVSS:3.1/AV:L/AC:L/PR:L/UI:N/S:U/C:N/I:L/A:L;CWE-125;5703;Guest driver;580.82.07(All versions prior to and including vGPU 19.1);581.42, 573.76, 539.56, 580.95.05, 570.195.03, 535.274.02, 580.95.05(September 2025 Release), 581.42(vGPU 19.2), 573.76(vGPU 18.5), 539.56(vGPU 16.12), 580.95.05(vGPU 19.2), 570.195.03(vGPU 18.5), 575.274.02(vGPU 16.12)
CVE-2025-23345;4.4;MEDIUM;CVSS:3.1/AV:L/AC:L/PR:L/UI:N/S:U/C:N/I:L/A:L;CWE-125;5703;Guest driver;580.82.07(All versions up to and including the August 2025 release);581.42, 573.76, 539.56, 580.95.05, 570.195.03, 535.274.02, 580.95.05(September 2025 Release), 581.42(vGPU 19.2), 573.76(vGPU 18.5), 539.56(vGPU 16.12), 580.95.05(vGPU 19.2), 570.195.03(vGPU 18.5), 575.274.02(vGPU 16.12)
CVE-2025-23345;4.4;MEDIUM;CVSS:3.1/AV:L/AC:L/PR:L/UI:N/S:U/C:N/I:L/A:L;CWE-125;5703;Guest driver;581.15(All versions prior to and including vGPU19.1);581.42, 573.76, 539.56, 580.95.05, 570.195.03, 535.274.02, 580.95.05(September 2025 Release), 581.42(vGPU 19.2), 573.76(vGPU 18.5), 539.56(vGPU 16.12), 580.95.05(vGPU 19.2), 570.195.03(vGPU 18.5), 575.274.02(vGPU 16.12)
CVE-2025-23345;4.4;MEDIUM;CVSS:3.1/AV:L/AC:L/PR:L/UI:N/S:U/C:N/I:L/A:L;CWE-125;5703;NVIDIA RTX, Quadro, NVS;All driver versions prior to 535.274.02;581.42, 573.76, 539.56, 580.95.05, 570.195.03, 535.274.02, 580.95.05(September 2025 Release), 581.42(vGPU 19.2), 573.76(vGPU 18.5), 539.56(vGPU 16.12), 580.95.05(vGPU 19.2), 570.195.03(vGPU 18.5), 575.274.02(vGPU 16.12)
CVE-2025-23345;4.4;MEDIUM;CVSS:3.1/AV:L/AC:L/PR:L/UI:N/S:U/C:N/I:L/A:L;CWE-125;5703;NVIDIA RTX, Quadro, NVS;All driver versions prior to 539.56;581.42, 573.76, 539.56, 580.95.05, 570.195.03, 535.274.02, 580.95.05(September 2025 Release), 581.42(vGPU 19.2), 573.76(vGPU 18.5), 539.56(vGPU 16.12), 580.95.05(vGPU 19.2), 570.195.03(vGPU 18.5), 575.274.02(vGPU 16.12)
CVE-2025-23345;4.4;MEDIUM;CVSS:3.1/AV:L/AC:L/PR:L/UI:N/S:U/C:N/I:L/A:L;CWE-125;5703;NVIDIA RTX, Quadro, NVS;All driver versions prior to 570.195.03;581.42, 573.76, 539.56, 580.95.05, 570.195.03, 535.274.02, 580.95.05(September 2025 Release), 581.42(vGPU 19.2), 573.76(vGPU 18.5), 539.56(vGPU 16.12), 580.95.05(vGPU 19.2), 570.195.03(vGPU 18.5), 575.274.02(vGPU 16.12)
CVE-2025-23345;4.4;MEDIUM;CVSS:3.1/AV:L/AC:L/PR:L/UI:N/S:U/C:N/I:L/A:L;CWE-125;5703;NVIDIA RTX, Quadro, NVS;All driver versions prior to 573.76;581.42, 573.76, 539.56, 580.95.05, 570.195.03, 535.274.02, 580.95.05(September 2025 Release), 581.42(vGPU 19.2), 573.76(vGPU 18.5), 539.56(vGPU 16.12), 580.95.05(vGPU 19.2), 570.195.03(vGPU 18.5), 575.274.02(vGPU 16.12)
CVE-2025-23345;4.4;MEDIUM;CVSS:3.1/AV:L/AC:L/PR:L/UI:N/S:U/C:N/I:L/A:L;CWE-125;5703;NVIDIA RTX, Quadro, NVS;All driver versions prior to 580.95.05;581.42, 573.76, 539.56, 580.95.05, 570.195.03, 535.274.02, 580.95.05(September 2025 Release), 581.42(vGPU 19.2), 573.76(vGPU 18.5), 539.56(vGPU 16.12), 580.95.05(vGPU 19.2), 570.195.03(vGPU 18.5), 575.274.02(vGPU 16.12)
CVE-2025-23345;4.4;MEDIUM;CVSS:3.1/AV:L/AC:L/PR:L/UI:N/S:U/C:N/I:L/A:L;CWE-125;5703;NVIDIA RTX, Quadro, NVS;All driver versions prior to 581.42;581.42, 573.76, 539.56, 580.95.05, 570.195.03, 535.274.02, 580.95.05(September 2025 Release), 581.42(vGPU 19.2), 573.76(vGPU 18.5), 539.56(vGPU 16.12), 580.95.05(vGPU 19.2), 570.195.03(vGPU 18.5), 575.274.02(vGPU 16.12)
CVE-2025-23345;4.4;MEDIUM;CVSS:3.1/AV:L/AC:L/PR:L/UI:N/S:U/C:N/I:L/A:L;CWE-125;5703;Tesla;All driver versions prior to 535.274.02;581.42, 573.76, 539.56, 580.95.05, 570.195.03, 535.274.02, 580.95.05(September 2025 Release), 581.42(vGPU 19.2), 573.76(vGPU 18.5), 539.56(vGPU 16.12), 580.95.05(vGPU 19.2), 570.195.03(vGPU 18.5), 575.274.02(vGPU 16.12)
CVE-2025-23345;4.4;MEDIUM;CVSS:3.1/AV:L/AC:L/PR:L/UI:N/S:U/C:N/I:L/A:L;CWE-125;5703;Tesla;All driver versions prior to 539.56;581.42, 573.76, 539.56, 580.95.05, 570.195.03, 535.274.02, 580.95.05(September 2025 Release), 581.42(vGPU 19.2), 573.76(vGPU 18.5), 539.56(vGPU 16.12), 580.95.05(vGPU 19.2), 570.195.03(vGPU 18.5), 575.274.02(vGPU 16.12)
CVE-2025-23345;4.4;MEDIUM;CVSS:3.1/AV:L/AC:L/PR:L/UI:N/S:U/C:N/I:L/A:L;CWE-125;5703;Tesla;All driver versions prior to 570.195.03;581.42, 573.76, 539.56, 580.95.05, 570.195.03, 535.274.02, 580.95.05(September 2025 Release), 581.42(vGPU 19.2), 573.76(vGPU 18.5), 539.56(vGPU 16.12), 580.95.05(vGPU 19.2), 570.195.03(vGPU 18.5), 575.274.02(vGPU 16.12)
CVE-2025-23345;4.4;MEDIUM;CVSS:3.1/AV:L/AC:L/PR:L/UI:N/S:U/C:N/I:L/A:L;CWE-125;5703;Tesla;All driver versions prior to 573.76;581.42, 573.76, 539.56, 580.95.05, 570.195.03, 535.274.02, 580.95.05(September 2025 Release), 581.42(vGPU 19.2), 573.76(vGPU 18.5), 539.56(vGPU 16.12), 580.95.05(vGPU 19.2), 570.195.03(vGPU 18.5), 575.274.02(vGPU 16.12)
CVE-2025-23345;4.4;MEDIUM;CVSS:3.1/AV:L/AC:L/PR:L/UI:N/S:U/C:N/I:L/A:L;CWE-125;5703;Tesla;All driver versions prior to 580.95.05;581.42, 573.76, 539.56, 580.95.05, 570.195.03, 535.274.02, 580.95.05(September 2025 Release), 581.42(vGPU 19.2), 573.76(vGPU 18.5), 539.56(vGPU 16.12), 580.95.05(vGPU 19.2), 570.195.03(vGPU 18.5), 575.274.02(vGPU 16.12)
CVE-2025-23345;4.4;MEDIUM;CVSS:3.1/AV:L/AC:L/PR:L/UI:N/S:U/C:N/I:L/A:L;CWE-125;5703;Tesla;All driver versions prior to 581.42;581.42, 573.76, 539.56, 580.95.05, 570.195.03, 535.274.02, 580.95.05(September 2025 Release), 581.42(vGPU 19.2), 573.76(vGPU 18.5), 539.56(vGPU 16.12), 580.95.05(vGPU 19.2), 570.195.03(vGPU 18.5), 575.274.02(vGPU 16.12)
CVE-2025-23346;3.3;LOW;CVSS:3.1/AV:L/AC:L/PR:N/UI:R/S:U/C:N/I:N/A:L;CWE-476;5661;NVIDIA CUDA Toolkit;All versions prior to CUDA Toolkit 13.0;CUDA Toolkit 13.0
CVE-2025-23347;7.8;HIGH;CVSS:3.1/AV:L/AC:L/PR:L/UI:N/S:U/C:H/I:H/A:H;CWE-276;5703;GeForce;All driver versions prior to 581.42;581.42, 573.76
CVE-2025-23347;7.8;HIGH;CVSS:3.1/AV:L/AC:L/PR:L/UI:N/S:U/C:H/I:H/A:H;CWE-276;5703;NVIDIA RTX, Quadro, NVS;All driver versions prior to 573.76;581.42, 573.76
CVE-2025-23347;7.8;HIGH;CVSS:3.1/AV:L/AC:L/PR:L/UI:N/S:U/C:H/I:H/A:H;CWE-276;5703;NVIDIA RTX, Quadro, NVS;All driver versions prior to 581.42;581.42, 573.76
CVE-2025-23347;7.8;HIGH;CVSS:3.1/AV:L/AC:L/PR:L/UI:N/S:U/C:H/I:H/A:H;CWE-276;5703;Tesla;All driver versions prior to 573.76;581.42, 573.76
CVE-2025-23347;7.8;HIGH;CVSS:3.1/AV:L/AC:L/PR:L/UI:N/S:U/C:H/I:H/A:H;CWE-276;5703;Tesla;All driver versions prior to 581.42;581.42, 573.76
CVE-2025-23348;7.8;HIGH;CVSS:3.1/AV:L/AC:L/PR:L/UI:N/S:U/C:H/I:H/A:H;CWE-94;5698;Megatron-LM;All versions prior to 0.13.1 and 0.12.3;0.13.1 and 0.12.3
CVE-2025-23349;7.8;HIGH;CVSS:3.1/AV:L/AC:L/PR:L/UI:N/S:U/C:H/I:H/A:H;CWE-94;5698;Megatron-LM;All versions prior to 0.13.1 and 0.12.3;0.13.1 and 0.12.3
CVE-2025-23352;7.8;HIGH;CVSS:3.1/AV:L/AC:L/PR:L/UI:N/S:U/C:H/I:H/A:H;CWE-824;5703;Virtual GPU Manager;535.261.04(All versions prior to and including vGPU 16.11);580.95.02(September 2025 Release), 580.95.02(vGPU 19.2), 570.195.02(vGPU 18.5), 575.274.02(vGPU 16.12)
CVE-2025-23352;7.8;HIGH;CVSS:3.1/AV:L/AC:L/PR:L/UI:N/S:U/C:H/I:H/A:H;CWE-824;5703;Virtual GPU Manager;570.172.07(All versions prior to and including vGPU 18.4);580.95.02(September 2025 Release), 580.95.02(vGPU 19.2), 570.195.02(vGPU 18.5), 575.274.02(vGPU 16.12)
CVE-2025-23352;7.8;HIGH;CVSS:3.1/AV:L/AC:L/PR:L/UI:N/S:U/C:H/I:H/A:H;CWE-824;5703;Virtual GPU Manager;580.82.02(All versions prior to and including vGPU 19.1);580.95.02(September 2025 Release), 580.95.02(vGPU 19.2), 570.195.02(vGPU 18.5), 575.274.02(vGPU 16.12)
CVE-2025-23352;7.8;HIGH;CVSS:3.1/AV:L/AC:L/PR:L/UI:N/S:U/C:H/I:H/A:H;CWE-824;5703;Virtual GPU Manager;580.82.02(All versions up to and including the August 2025 release);580.95.02(September 2025 Release), 580.95.02(vGPU 19.2), 570.195.02(vGPU 18.5), 575.274.02(vGPU 16.12)
CVE-2025-23353;7.8;HIGH;CVSS:3.1/AV:L/AC:L/PR:L/UI:N/S:U/C:H/I:H/A:H;CWE-94;5698;Megatron-LM;All versions prior to 0.13.1 and 0.12.3;0.13.1 and 0.12.3
CVE-2025-23354;7.8;HIGH;CVSS:3.1/AV:L/AC:L/PR:L/UI:N/S:U/C:H/I:H/A:H;CWE-94;5698;Megatron-LM;All versions prior to 0.13.1 and 0.12.3;0.13.1 and 0.12.3
CVE-2025-23355;6.7;MEDIUM;CVSS:3.1/AV:L/AC:H/PR:L/UI:R/S:U/C:H/I:H/A:H;CWE-427;5704;Nsight Graphics;All versions prior to Nsight Graphics 2025.3;Nsight Graphics 2025.3
CVE-2025-23356;8.4;HIGH;CVSS:3.1/AV:L/AC:L/PR:N/UI:N/S:U/C:H/I:H/A:H;CWE-306;5708;Isaac Lab component of NVIDIA Isaac Sim;All versions prior to v2.2.1;Isaac Sim  v2.2.1
CVE-2025-23357;7.8;HIGH;CVSS:3.1/AV:L/AC:L/PR:L/UI:N/S:U/C:H/I:H/A:H;CWE-94;5712;Megatron-LM;All versions prior to 0.14.0;0.14.0
CVE-2025-23358;8.2;HIGH;CVSS:3.1/AV:L/AC:L/PR:L/UI:R/S:C/C:H/I:H/A:H;CWE-427;5717;NVApp;All versions prior to 11.0.5.260;11.0.5.260
CVE-2025-23359;8.3;HIGH;CVSS:3.1/AV:N/AC:H/PR:N/UI:R/S:C/C:H/I:H/A:H;CWE-367;5616;NVIDIA Container Toolkit;All versions up to and including 1.17.3;1.17.4, 24.9.2
CVE-2025-23359;8.3;HIGH;CVSS:3.1/AV:N/AC:H/PR:N/UI:R/S:C/C:H/I:H/A:H;CWE-367;5616;NVIDIA GPU Operator;All versions up to and including 24.9.1;1.17.4, 24.9.2
CVE-2025-23360;7.1;HIGH;CVSS:3.1/AV:L/AC:L/PR:N/UI:R/S:U/C:N/I:H/A:H;CWE-23;5623;NVIDIA NeMo Framework;All versions prior to 24.12;24.12
CVE-2025-23360;7.1;HIGH;CVSS:3.1/AV:L/AC:L/PR:N/UI:R/S:U/C:N/I:H/A:H;CWE-23;5623;NVIDIA NeMo Framework;All versions prior to 24.12;24.12
CVE-2025-23360;7.1;HIGH;CVSS:3.1/AV:L/AC:L/PR:N/UI:R/S:U/C:N/I:H/A:H;CWE-23;5623;NVIDIA NeMo Framework;All versions prior to 24.12;24.12
CVE-2025-23361;7.8;HIGH;CVSS:3.1/AV:L/AC:L/PR:L/UI:N/S:U/C:H/I:H/A:H;CWE-94;5718;NeMo Framework;All versions prior to 2.5.0;2.5.0
CVE-2025-33176;6.2;MEDIUM;CVSS:3.1/AV:A/AC:H/PR:L/UI:R/S:C/C:L/I:H/A:N;CWE-923;5719;RunAI;All versions prior to 2.22.48;2.22.48
CVE-2025-33177;5.5;MEDIUM;CVSS:3.1/AV:L/AC:L/PR:L/UI:N/S:U/C:N/I:N/A:H;CWE-400;5716;IGX Orin;IGX 1.1.2 and earlier;35.6.3 and newer, 36.4.6 and newer, 38.2.2 and newer, Kernel SRU 1035 and newer
CVE-2025-33177;5.5;MEDIUM;CVSS:3.1/AV:L/AC:L/PR:L/UI:N/S:U/C:N/I:N/A:H;CWE-400;5716;Jetson Orin Series (including Orin NX and Orin Nano);35.6.2 and earlier;35.6.3 and newer, 36.4.6 and newer, 38.2.2 and newer, Kernel SRU 1035 and newer
CVE-2025-33177;5.5;MEDIUM;CVSS:3.1/AV:L/AC:L/PR:L/UI:N/S:U/C:N/I:N/A:H;CWE-400;5716;Jetson Orin Series (including Orin NX and Orin Nano);36.4.4 and earlier;35.6.3 and newer, 36.4.6 and newer, 38.2.2 and newer, Kernel SRU 1035 and newer
CVE-2025-33177;5.5;MEDIUM;CVSS:3.1/AV:L/AC:L/PR:L/UI:N/S:U/C:N/I:N/A:H;CWE-400;5716;Jetson Thor Series;38.2.1 and earlier;35.6.3 and newer, 36.4.6 and newer, 38.2.2 and newer, Kernel SRU 1035 and newer
CVE-2025-33177;5.5;MEDIUM;CVSS:3.1/AV:L/AC:L/PR:L/UI:N/S:U/C:N/I:N/A:H;CWE-400;5716;Jetson Xavier Series;35.6.2 and earlier;35.6.3 and newer, 36.4.6 and newer, 38.2.2 and newer, Kernel SRU 1035 and newer
CVE-2025-33178;7.8;HIGH;CVSS:3.1/AV:L/AC:L/PR:L/UI:N/S:U/C:H/I:H/A:H;CWE-94;5718;NeMo Framework;All versions prior to 2.5.0;2.5.0
CVE-2025-33182;7.6;HIGH;CVSS:3.1/AV:N/AC:L/PR:H/UI:N/S:C/C:N/I:H/A:L;CWE-862;5716;Jetson Orin Series (including Orin NX and Orin Nano);35.6.2 and earlier;35.6.3 and newer
CVE-2025-33182;7.6;HIGH;CVSS:3.1/AV:N/AC:L/PR:H/UI:N/S:C/C:N/I:H/A:L;CWE-862;5716;Jetson Xavier Series;35.6.2 and earlier;35.6.3 and newer
CVE-2025-33183;7.8;HIGH;CVSS:3.1/AV:L/AC:L/PR:L/UI:N/S:U/C:H/I:H/A:H;CWE-94;5725;NVIDIA Isaac-GR00T N1.5;All versions that do not include code commit 7f53666;Any code branch that includes code commit 7f53666
CVE-2025-33184;7.8;HIGH;CVSS:3.1/AV:L/AC:L/PR:L/UI:N/S:U/C:H/I:H/A:H;CWE-94;5725;NVIDIA Isaac-GR00T N1.5;All versions that do not include code commit 7f53666;Any code branch that includes code commit 7f53666
CVE-2025-33185;5.3;MEDIUM;CVSS:3.1/AV:N/AC:L/PR:N/UI:N/S:U/C:L/I:N/A:N;CWE-862;5724;AuthN component of NVIDIA AIStore;All versions prior to 3.31;3.31
CVE-2025-33186;8.8;HIGH;CVSS:3.1/AV:N/AC:L/PR:N/UI:R/S:U/C:H/I:H/A:H;CWE-798;5724;AuthN component of NVIDIA AIStore;All versions prior to 3.31;3.31
CVE-2025-33187;9.3;CRITICAL;CVSS:3.1/AV:L/AC:L/PR:N/UI:N/S:C/C:H/I:H/A:H;CWE-269;5720;DGX Spark;All versions prior to OTA0;OTA0
CVE-2025-33188;8;HIGH;CVSS:3.1/AV:L/AC:L/PR:N/UI:N/S:U/C:L/I:H/A:H;CWE-269;5720;DGX Spark;All versions prior to OTA0;OTA0
CVE-2025-33189;7.8;HIGH;CVSS:3.1/AV:L/AC:L/PR:L/UI:N/S:U/C:H/I:H/A:H;CWE-787;5720;DGX Spark;All versions prior to OTA0;OTA0
CVE-2025-33190;6.7;MEDIUM;CVSS:3.1/AV:L/AC:L/PR:H/UI:N/S:U/C:H/I:H/A:H;CWE-787;5720;DGX Spark;All versions prior to OTA0;OTA0
CVE-2025-33191;5.7;MEDIUM;CVSS:3.1/AV:L/AC:L/PR:N/UI:N/S:C/C:L/I:N/A:L;CWE-20;5720;DGX Spark;All versions prior to OTA0;OTA0
CVE-2025-33192;5.7;MEDIUM;CVSS:3.1/AV:L/AC:L/PR:N/UI:N/S:C/C:L/I:N/A:L;CWE-690;5720;DGX Spark;All versions prior to OTA0;OTA0
CVE-2025-33193;5.7;MEDIUM;CVSS:3.1/AV:L/AC:L/PR:N/UI:N/S:C/C:L/I:N/A:L;CWE-354;5720;DGX Spark;All versions prior to OTA0;OTA0
CVE-2025-33194;5.7;MEDIUM;CVSS:3.1/AV:L/AC:L/PR:N/UI:N/S:C/C:L/I:N/A:L;CWE-180;5720;DGX Spark;All versions prior to OTA0;OTA0
CVE-2025-33195;4.4;MEDIUM;CVSS:3.1/AV:L/AC:L/PR:L/UI:N/S:U/C:N/I:L/A:L;CWE-119;5720;DGX Spark;All versions prior to OTA0;OTA0
CVE-2025-33196;4.4;MEDIUM;CVSS:3.1/AV:L/AC:L/PR:H/UI:N/S:U/C:H/I:N/A:N;CWE-226;5720;DGX Spark;All versions prior to OTA0;OTA0
CVE-2025-33197;4.3;MEDIUM;CVSS:3.1/AV:L/AC:L/PR:N/UI:N/S:C/C:N/I:N/A:L;CWE-476;5720;DGX Spark;All versions prior to OTA0;OTA0
CVE-2025-33198;3.3;LOW;CVSS:3.1/AV:L/AC:L/PR:L/UI:N/S:U/C:L/I:N/A:N;CWE-226;5720;DGX Spark;All versions prior to OTA0;OTA0
CVE-2025-33199;3.2;LOW;CVSS:3.1/AV:L/AC:L/PR:H/UI:N/S:C/C:N/I:L/A:N;CWE-670;5720;DGX Spark;All versions prior to OTA0;OTA0
CVE-2025-33200;2.3;LOW;CVSS:3.1/AV:L/AC:L/PR:H/UI:N/S:U/C:L/I:N/A:N;CWE-226;5720;DGX Spark;All versions prior to OTA0;OTA0
CVE-2025-33201;7.5;HIGH;CVSS:3.1/AV:N/AC:L/PR:N/UI:N/S:U/C:N/I:N/A:H;CWE-754;5734;Triton Inference Server;All versions prior to r25.10;r25.10
CVE-2025-33202;7.5;HIGH;CVSS:3.1/AV:N/AC:L/PR:N/UI:N/S:U/C:N/I:N/A:H;CWE-121;5723;Triton Inference Server;All versions prior to 25.09;25.09
CVE-2025-33203;7.6;HIGH;CVSS:3.1/AV:N/AC:L/PR:L/UI:N/S:U/C:H/I:L/A:L;CWE-918;5726;NeMo Agent ToolKit;All versions prior to 1.3.0;1.3.0
CVE-2025-33204;7.8;HIGH;CVSS:3.1/AV:L/AC:L/PR:L/UI:N/S:U/C:H/I:H/A:H;CWE-94;5729;NeMo Framework;All versions prior to 2.5.1;2.5.1
CVE-2025-33205;7.3;HIGH;CVSS:3.1/AV:L/AC:L/PR:L/UI:R/S:U/C:H/I:H/A:H;CWE-829;5729;NeMo Framework;All versions prior to 2.5.1;2.5.1
CVE-2025-33208;8.8;HIGH;CVSS:3.1/AV:N/AC:L/PR:N/UI:R/S:U/C:H/I:H/A:H;CWE-427;5730;NVIDIA TAO;6.25.7;6.25.9
CVE-2025-33210;9;CRITICAL;CVSS:3.1/AV:N/AC:L/PR:L/UI:R/S:C/C:H/I:H/A:H;CWE-502;5733;Isaac Lab;All versions prior to 2.3.0;Isaac Sim v2.3.0
CVE-2025-33211;7.5;HIGH;CVSS:3.1/AV:N/AC:L/PR:N/UI:N/S:U/C:N/I:N/A:H;CWE-1284;5734;Triton Inference Server;All versions prior to r25.10;r25.10
CVE-2025-33212;7.3;HIGH;CVSS:3.1/AV:L/AC:L/PR:L/UI:R/S:U/C:H/I:H/A:H;CWE-502;5736;NeMo Framework;All versions prior to 2.5.3;2.5.3
CVE-2025-33213;8.8;HIGH;CVSS:3.1/AV:N/AC:L/PR:N/UI:R/S:U/C:H/I:H/A:H;CWE-502;5739;NVIDIA Merlin Transformers4Rec;All versions that do not include commit 876f19e;Any code branch that includes commit 876f19e
CVE-2025-33214;8.8;HIGH;CVSS:3.1/AV:N/AC:L/PR:N/UI:R/S:U/C:H/I:H/A:H;CWE-502;5739;NVIDIA NVTabular;All versions that do not include commit 5dd11f4;Any code branch that includes commit 5dd11f4
CVE-2025-33222;9.8;CRITICAL;CVSS:3.1/AV:N/AC:L/PR:N/UI:N/S:U/C:H/I:H/A:H;CWE-798;5749;Isaac Launchable;All versions prior to 1.1;1.1
CVE-2025-33223;9.8;CRITICAL;CVSS:3.1/AV:N/AC:L/PR:N/UI:N/S:U/C:H/I:H/A:H;CWE-250;5749;Isaac Launchable;All versions prior to 1.1;1.1
CVE-2025-33224;9.8;CRITICAL;CVSS:3.1/AV:N/AC:L/PR:N/UI:N/S:U/C:H/I:H/A:H;CWE-250;5749;Isaac Launchable;All versions prior to 1.1;1.1
CVE-2025-33225;8.4;HIGH;CVSS:3.1/AV:L/AC:L/PR:N/UI:N/S:U/C:H/I:H/A:H;CWE-61;5746;NVIDIA Resiliency Extension;Main branch prior to 0.5.0 release;0.5.0
CVE-2025-33226;7.8;HIGH;CVSS:3.1/AV:L/AC:L/PR:L/UI:N/S:U/C:H/I:H/A:H;CWE-502;5736;NeMo Framework;All versions prior to 2.5.3;2.5.3
CVE-2025-33235;7.8;HIGH;CVSS:3.1/AV:L/AC:L/PR:L/UI:N/S:U/C:H/I:H/A:H;CWE-362;5746;NVIDIA Resiliency Extension;Main branch prior to 0.5.0 release and 0.4.1;0.5.0
CVE-2026-24149;7.8;HIGH;CVSS:3.1/AV:L/AC:L/PR:L/UI:N/S:U/C:H/I:H/A:H;CWE-94;5712;Megatron-LM;All versions prior to 0.14.0;0.14.0
