CVE;CVSS;Severity;Vector;CWE;Bulletin;Affected Product;Affected Version;Fixed In
CVE-2022-31611;6.8;MEDIUM;CVSS:3.1/AV:L/AC:L/PR:L/UI:R/S:U/C:L/I:H/A:H;CWE-427;5384;GeForce Experience;All versions prior to 3.27.0.112;3.27.0.112
CVE-2022-34671;8.5;HIGH;CVSS:3.1/AV:N/AC:H/PR:L/UI:N/S:C/C:H/I:H/A:H;CWE-787;5468;GeForce;All driver versions prior to 474.44;536.23, 474.44, Available the week of June 29, 2023, 536.25, 529.11, 454.23, 529.11(vGPU 15.3), 474.44(vGPU 13.8), 454.23(vGPU 11.13), 536.25(June 2023 release)
CVE-2022-34671;8.5;HIGH;CVSS:3.1/AV:N/AC:H/PR:L/UI:N/S:C/C:H/I:H/A:H;CWE-787;5468;GeForce;All driver versions prior to 536.23;536.23, 474.44, Available the week of June 29, 2023, 536.25, 529.11, 454.23, 529.11(vGPU 15.3), 474.44(vGPU 13.8), 454.23(vGPU 11.13), 536.25(June 2023 release)
CVE-2022-34671;8.5;HIGH;CVSS:3.1/AV:N/AC:H/PR:L/UI:N/S:C/C:H/I:H/A:H;CWE-787;5468;GeForce;All drivers versions prior to 474.44 for support of GeForce Kepler desktop;536.23, 474.44, Available the week of June 29, 2023, 536.25, 529.11, 454.23, 529.11(vGPU 15.3), 474.44(vGPU 13.8), 454.23(vGPU 11.13), 536.25(June 2023 release)
CVE-2022-34671;8.5;HIGH;CVSS:3.1/AV:N/AC:H/PR:L/UI:N/S:C/C:H/I:H/A:H;CWE-787;5468;NVIDIA Cloud Gaming (guest driver);All versions prior to 531.79(All versions prior to and including May 2023 release	);536.23, 474.44, Available the week of June 29, 2023, 536.25, 529.11, 454.23, 529.11(vGPU 15.3), 474.44(vGPU 13.8), 454.23(vGPU 11.13), 536.25(June 2023 release)
CVE-2022-34671;8.5;HIGH;CVSS:3.1/AV:N/AC:H/PR:L/UI:N/S:C/C:H/I:H/A:H;CWE-787;5468;NVIDIA RTX, Quadro, NVS;All driver versions prior to 474.44;536.23, 474.44, Available the week of June 29, 2023, 536.25, 529.11, 454.23, 529.11(vGPU 15.3), 474.44(vGPU 13.8), 454.23(vGPU 11.13), 536.25(June 2023 release)
CVE-2022-34671;8.5;HIGH;CVSS:3.1/AV:N/AC:H/PR:L/UI:N/S:C/C:H/I:H/A:H;CWE-787;5468;NVIDIA RTX, Quadro, NVS;All driver versions prior to 529.11;536.23, 474.44, Available the week of June 29, 2023, 536.25, 529.11, 454.23, 529.11(vGPU 15.3), 474.44(vGPU 13.8), 454.23(vGPU 11.13), 536.25(June 2023 release)
CVE-2022-34671;8.5;HIGH;CVSS:3.1/AV:N/AC:H/PR:L/UI:N/S:C/C:H/I:H/A:H;CWE-787;5468;NVIDIA RTX, Quadro, NVS;All driver versions prior to 536.25;536.23, 474.44, Available the week of June 29, 2023, 536.25, 529.11, 454.23, 529.11(vGPU 15.3), 474.44(vGPU 13.8), 454.23(vGPU 11.13), 536.25(June 2023 release)
CVE-2022-34671;8.5;HIGH;CVSS:3.1/AV:N/AC:H/PR:L/UI:N/S:C/C:H/I:H/A:H;CWE-787;5468;Studio;All driver versions;536.23, 474.44, Available the week of June 29, 2023, 536.25, 529.11, 454.23, 529.11(vGPU 15.3), 474.44(vGPU 13.8), 454.23(vGPU 11.13), 536.25(June 2023 release)
CVE-2022-34671;8.5;HIGH;CVSS:3.1/AV:N/AC:H/PR:L/UI:N/S:C/C:H/I:H/A:H;CWE-787;5468;Tesla;All driver versions prior to 454.23;536.23, 474.44, Available the week of June 29, 2023, 536.25, 529.11, 454.23, 529.11(vGPU 15.3), 474.44(vGPU 13.8), 454.23(vGPU 11.13), 536.25(June 2023 release)
CVE-2022-34671;8.5;HIGH;CVSS:3.1/AV:N/AC:H/PR:L/UI:N/S:C/C:H/I:H/A:H;CWE-787;5468;Tesla;All driver versions prior to 474.44;536.23, 474.44, Available the week of June 29, 2023, 536.25, 529.11, 454.23, 529.11(vGPU 15.3), 474.44(vGPU 13.8), 454.23(vGPU 11.13), 536.25(June 2023 release)
CVE-2022-34671;8.5;HIGH;CVSS:3.1/AV:N/AC:H/PR:L/UI:N/S:C/C:H/I:H/A:H;CWE-787;5468;Tesla;All driver versions prior to 529.11;536.23, 474.44, Available the week of June 29, 2023, 536.25, 529.11, 454.23, 529.11(vGPU 15.3), 474.44(vGPU 13.8), 454.23(vGPU 11.13), 536.25(June 2023 release)
CVE-2022-34671;8.5;HIGH;CVSS:3.1/AV:N/AC:H/PR:L/UI:N/S:C/C:H/I:H/A:H;CWE-787;5468;Tesla;All driver versions prior to 536.25;536.23, 474.44, Available the week of June 29, 2023, 536.25, 529.11, 454.23, 529.11(vGPU 15.3), 474.44(vGPU 13.8), 454.23(vGPU 11.13), 536.25(June 2023 release)
CVE-2022-34671;8.5;HIGH;CVSS:3.1/AV:N/AC:H/PR:L/UI:N/S:C/C:H/I:H/A:H;CWE-787;5468;vGPU software (guest driver);454.14(All versions prior to and including vGPU 11.12);536.23, 474.44, Available the week of June 29, 2023, 536.25, 529.11, 454.23, 529.11(vGPU 15.3), 474.44(vGPU 13.8), 454.23(vGPU 11.13), 536.25(June 2023 release)
CVE-2022-34671;8.5;HIGH;CVSS:3.1/AV:N/AC:H/PR:L/UI:N/S:C/C:H/I:H/A:H;CWE-787;5468;vGPU software (guest driver);474.30(All versions prior to and including vGPU 13.7);536.23, 474.44, Available the week of June 29, 2023, 536.25, 529.11, 454.23, 529.11(vGPU 15.3), 474.44(vGPU 13.8), 454.23(vGPU 11.13), 536.25(June 2023 release)
CVE-2022-34671;8.5;HIGH;CVSS:3.1/AV:N/AC:H/PR:L/UI:N/S:C/C:H/I:H/A:H;CWE-787;5468;vGPU software (guest driver);528.89(All versions prior to and including vGPU 15.2);536.23, 474.44, Available the week of June 29, 2023, 536.25, 529.11, 454.23, 529.11(vGPU 15.3), 474.44(vGPU 13.8), 454.23(vGPU 11.13), 536.25(June 2023 release)
CVE-2022-42268;7.8;HIGH;CVSS:3.1/AV:L/AC:L/PR:N/UI:R/S:U/C:H/I:H/A:H;CWE-74;5418;NVIDIA Isaac Sim;All versions prior to 2022.2.0;2022.2, 2022.3, 2022.2.0, 2022.3.0, 2022.2.1
CVE-2022-42268;7.8;HIGH;CVSS:3.1/AV:L/AC:L/PR:N/UI:R/S:U/C:H/I:H/A:H;CWE-74;5418;Omniverse Audio2Face;All versions prior to 2022.2;2022.2, 2022.3, 2022.2.0, 2022.3.0, 2022.2.1
CVE-2022-42268;7.8;HIGH;CVSS:3.1/AV:L/AC:L/PR:N/UI:R/S:U/C:H/I:H/A:H;CWE-74;5418;Omniverse Code;All versions prior to 2022.3.0;2022.2, 2022.3, 2022.2.0, 2022.3.0, 2022.2.1
CVE-2022-42268;7.8;HIGH;CVSS:3.1/AV:L/AC:L/PR:N/UI:R/S:U/C:H/I:H/A:H;CWE-74;5418;Omniverse Create;All versions prior to 2022.3;2022.2, 2022.3, 2022.2.0, 2022.3.0, 2022.2.1
CVE-2022-42268;7.8;HIGH;CVSS:3.1/AV:L/AC:L/PR:N/UI:R/S:U/C:H/I:H/A:H;CWE-74;5418;Omniverse Machinima;All versions prior to 2022.3;2022.2, 2022.3, 2022.2.0, 2022.3.0, 2022.2.1
CVE-2022-42268;7.8;HIGH;CVSS:3.1/AV:L/AC:L/PR:N/UI:R/S:U/C:H/I:H/A:H;CWE-74;5418;Omniverse View;All versions prior to 2022.2.1;2022.2, 2022.3, 2022.2.0, 2022.3.0, 2022.2.1
CVE-2022-42270;7.8;HIGH;CVSS:3.1/AV:L/AC:L/PR:L/UI:N/S:U/C:H/I:H/A:H;CWE-121;5442;NVIDIA Jetson AGX Xavier Series, Jetson Xavier NX, Jetson AGX Orin Series;32.7.2 and prior releases;35.2.1, 32.7.3
CVE-2022-42270;7.8;HIGH;CVSS:3.1/AV:L/AC:L/PR:L/UI:N/S:U/C:H/I:H/A:H;CWE-121;5442;NVIDIA Jetson AGX Xavier Series, Jetson Xavier NX, Jetson AGX Orin Series;Versions 35.1 and 34.1.1;35.2.1, 32.7.3
CVE-2022-42274;7.8;HIGH;CVSS:3.1/AV:L/AC:L/PR:L/UI:N/S:U/C:H/I:H/A:H;CWE-120;5449;DGX-2;All BMC versions prior to 1.08.00;1.08.00
CVE-2022-42280;7.1;HIGH;CVSS:3.1/AV:L/AC:L/PR:L/UI:N/S:U/C:H/I:H/A:N;CWE-22;5449;DGX-2;All BMC versions prior to 1.08.00;1.08.00
CVE-2022-42282;6.5;MEDIUM;CVSS:3.1/AV:N/AC:L/PR:L/UI:N/S:U/C:H/I:N/A:N;CWE-22;5449;DGX-2;All BMC versions prior to 1.08.00;1.08.00
CVE-2022-42283;6.4;MEDIUM;CVSS:3.1/AV:L/AC:H/PR:H/UI:N/S:U/C:H/I:H/A:H;CWE-120;5449;DGX-2;All BMC versions prior to 1.08.00;1.08.00
CVE-2022-42286;6;MEDIUM;CVSS:3.1/AV:L/AC:L/PR:H/UI:N/S:U/C:N/I:H/A:H;CWE-119;5449;DGX-2;All SBIOS versions prior to 0.33;0.33
CVE-2022-42287;6;MEDIUM;CVSS:3.1/AV:L/AC:L/PR:H/UI:N/S:U/C:H/I:H/A:N;CWE-22;5449;DGX-2;All BMC versions prior to 1.08.00;1.08.00
CVE-2022-42289;7.2;HIGH;CVSS:3.1/AV:N/AC:L/PR:H/UI:N/S:U/C:H/I:H/A:H;CWE-78;5449;DGX-2;All SBIOS versions prior to 0.33;0.33
CVE-2022-42290;7.2;HIGH;CVSS:3.1/AV:N/AC:L/PR:H/UI:N/S:U/C:H/I:H/A:H;CWE-78;5449;DGX-2;All SBIOS versions prior to 0.33;0.33
CVE-2022-42291;8.2;HIGH;CVSS:3.1/AV:L/AC:L/PR:N/UI:R/S:C/C:N/I:H/A:H;CWE-1386;5384;GeForce Experience;All versions prior to 3.27.0.112;3.27.0.112
CVE-2022-42292;5;MEDIUM;CVSS:3.1/AV:L/AC:H/PR:L/UI:R/S:U/C:N/I:L/A:H;CWE-59;5384;GeForce Experience;All versions prior to 3.27.0.112;3.27.0.112
CVE-2023-0180;7.1;HIGH;CVSS:3.1/AV:L/AC:L/PR:L/UI:N/S:U/C:H/I:N/A:H;CWE-125;5452;GeForce;All driver versions prior to 470.182.03;530.41.03, 525.105.17, 515.105.01, 470.182.03, 450.236.01, 525.105.17(vGPU 15.2), 470.182.03(vGPU 13.7), 450.236.01(vGPU 11.12), 530.41.03(March 2023 release), 525.105.14(vGPU 15.2), 470.182.02(vGPU 13.7), 450.236.03(vGPU 11.12)
CVE-2023-0180;7.1;HIGH;CVSS:3.1/AV:L/AC:L/PR:L/UI:N/S:U/C:H/I:N/A:H;CWE-125;5452;GeForce;All driver versions prior to 515.105.01;530.41.03, 525.105.17, 515.105.01, 470.182.03, 450.236.01, 525.105.17(vGPU 15.2), 470.182.03(vGPU 13.7), 450.236.01(vGPU 11.12), 530.41.03(March 2023 release), 525.105.14(vGPU 15.2), 470.182.02(vGPU 13.7), 450.236.03(vGPU 11.12)
CVE-2023-0180;7.1;HIGH;CVSS:3.1/AV:L/AC:L/PR:L/UI:N/S:U/C:H/I:N/A:H;CWE-125;5452;GeForce;All driver versions prior to 525.105.17;530.41.03, 525.105.17, 515.105.01, 470.182.03, 450.236.01, 525.105.17(vGPU 15.2), 470.182.03(vGPU 13.7), 450.236.01(vGPU 11.12), 530.41.03(March 2023 release), 525.105.14(vGPU 15.2), 470.182.02(vGPU 13.7), 450.236.03(vGPU 11.12)
CVE-2023-0180;7.1;HIGH;CVSS:3.1/AV:L/AC:L/PR:L/UI:N/S:U/C:H/I:N/A:H;CWE-125;5452;GeForce;All driver versions prior to 530.41.03;530.41.03, 525.105.17, 515.105.01, 470.182.03, 450.236.01, 525.105.17(vGPU 15.2), 470.182.03(vGPU 13.7), 450.236.01(vGPU 11.12), 530.41.03(March 2023 release), 525.105.14(vGPU 15.2), 470.182.02(vGPU 13.7), 450.236.03(vGPU 11.12)
CVE-2023-0180;7.1;HIGH;CVSS:3.1/AV:L/AC:L/PR:L/UI:N/S:U/C:H/I:N/A:H;CWE-125;5452;NVIDIA Cloud Gaming (guest driver);All versions prior to 525.89.02(All versions prior to and including February 2023 release);530.41.03, 525.105.17, 515.105.01, 470.182.03, 450.236.01, 525.105.17(vGPU 15.2), 470.182.03(vGPU 13.7), 450.236.01(vGPU 11.12), 530.41.03(March 2023 release), 525.105.14(vGPU 15.2), 470.182.02(vGPU 13.7), 450.236.03(vGPU 11.12)
CVE-2023-0180;7.1;HIGH;CVSS:3.1/AV:L/AC:L/PR:L/UI:N/S:U/C:H/I:N/A:H;CWE-125;5452;NVIDIA Cloud Gaming (Virtual GPU Manager);All versions prior to 525.89.02(All versions prior to and including February 2023 release);530.41.03, 525.105.17, 515.105.01, 470.182.03, 450.236.01, 525.105.17(vGPU 15.2), 470.182.03(vGPU 13.7), 450.236.01(vGPU 11.12), 530.41.03(March 2023 release), 525.105.14(vGPU 15.2), 470.182.02(vGPU 13.7), 450.236.03(vGPU 11.12)
CVE-2023-0180;7.1;HIGH;CVSS:3.1/AV:L/AC:L/PR:L/UI:N/S:U/C:H/I:N/A:H;CWE-125;5452;NVIDIA RTX, Quadro, NVS;All driver versions prior to 470.182.03;530.41.03, 525.105.17, 515.105.01, 470.182.03, 450.236.01, 525.105.17(vGPU 15.2), 470.182.03(vGPU 13.7), 450.236.01(vGPU 11.12), 530.41.03(March 2023 release), 525.105.14(vGPU 15.2), 470.182.02(vGPU 13.7), 450.236.03(vGPU 11.12)
CVE-2023-0180;7.1;HIGH;CVSS:3.1/AV:L/AC:L/PR:L/UI:N/S:U/C:H/I:N/A:H;CWE-125;5452;NVIDIA RTX, Quadro, NVS;All driver versions prior to 515.105.01;530.41.03, 525.105.17, 515.105.01, 470.182.03, 450.236.01, 525.105.17(vGPU 15.2), 470.182.03(vGPU 13.7), 450.236.01(vGPU 11.12), 530.41.03(March 2023 release), 525.105.14(vGPU 15.2), 470.182.02(vGPU 13.7), 450.236.03(vGPU 11.12)
CVE-2023-0180;7.1;HIGH;CVSS:3.1/AV:L/AC:L/PR:L/UI:N/S:U/C:H/I:N/A:H;CWE-125;5452;NVIDIA RTX, Quadro, NVS;All driver versions prior to 525.105.17;530.41.03, 525.105.17, 515.105.01, 470.182.03, 450.236.01, 525.105.17(vGPU 15.2), 470.182.03(vGPU 13.7), 450.236.01(vGPU 11.12), 530.41.03(March 2023 release), 525.105.14(vGPU 15.2), 470.182.02(vGPU 13.7), 450.236.03(vGPU 11.12)
CVE-2023-0180;7.1;HIGH;CVSS:3.1/AV:L/AC:L/PR:L/UI:N/S:U/C:H/I:N/A:H;CWE-125;5452;NVIDIA RTX, Quadro, NVS;All driver versions prior to 530.41.03;530.41.03, 525.105.17, 515.105.01, 470.182.03, 450.236.01, 525.105.17(vGPU 15.2), 470.182.03(vGPU 13.7), 450.236.01(vGPU 11.12), 530.41.03(March 2023 release), 525.105.14(vGPU 15.2), 470.182.02(vGPU 13.7), 450.236.03(vGPU 11.12)
CVE-2023-0180;7.1;HIGH;CVSS:3.1/AV:L/AC:L/PR:L/UI:N/S:U/C:H/I:N/A:H;CWE-125;5452;Tesla;All driver versions prior to 450.236.01;530.41.03, 525.105.17, 515.105.01, 470.182.03, 450.236.01, 525.105.17(vGPU 15.2), 470.182.03(vGPU 13.7), 450.236.01(vGPU 11.12), 530.41.03(March 2023 release), 525.105.14(vGPU 15.2), 470.182.02(vGPU 13.7), 450.236.03(vGPU 11.12)
CVE-2023-0180;7.1;HIGH;CVSS:3.1/AV:L/AC:L/PR:L/UI:N/S:U/C:H/I:N/A:H;CWE-125;5452;Tesla;All driver versions prior to 470.182.03;530.41.03, 525.105.17, 515.105.01, 470.182.03, 450.236.01, 525.105.17(vGPU 15.2), 470.182.03(vGPU 13.7), 450.236.01(vGPU 11.12), 530.41.03(March 2023 release), 525.105.14(vGPU 15.2), 470.182.02(vGPU 13.7), 450.236.03(vGPU 11.12)
CVE-2023-0180;7.1;HIGH;CVSS:3.1/AV:L/AC:L/PR:L/UI:N/S:U/C:H/I:N/A:H;CWE-125;5452;Tesla;All driver versions prior to 515.105.01;530.41.03, 525.105.17, 515.105.01, 470.182.03, 450.236.01, 525.105.17(vGPU 15.2), 470.182.03(vGPU 13.7), 450.236.01(vGPU 11.12), 530.41.03(March 2023 release), 525.105.14(vGPU 15.2), 470.182.02(vGPU 13.7), 450.236.03(vGPU 11.12)
CVE-2023-0180;7.1;HIGH;CVSS:3.1/AV:L/AC:L/PR:L/UI:N/S:U/C:H/I:N/A:H;CWE-125;5452;Tesla;All driver versions prior to 525.105.17;530.41.03, 525.105.17, 515.105.01, 470.182.03, 450.236.01, 525.105.17(vGPU 15.2), 470.182.03(vGPU 13.7), 450.236.01(vGPU 11.12), 530.41.03(March 2023 release), 525.105.14(vGPU 15.2), 470.182.02(vGPU 13.7), 450.236.03(vGPU 11.12)
CVE-2023-0180;7.1;HIGH;CVSS:3.1/AV:L/AC:L/PR:L/UI:N/S:U/C:H/I:N/A:H;CWE-125;5452;vGPU software (guest driver);450.216.04(All versions prior to and including vGPU 11.11);530.41.03, 525.105.17, 515.105.01, 470.182.03, 450.236.01, 525.105.17(vGPU 15.2), 470.182.03(vGPU 13.7), 450.236.01(vGPU 11.12), 530.41.03(March 2023 release), 525.105.14(vGPU 15.2), 470.182.02(vGPU 13.7), 450.236.03(vGPU 11.12)
CVE-2023-0180;7.1;HIGH;CVSS:3.1/AV:L/AC:L/PR:L/UI:N/S:U/C:H/I:N/A:H;CWE-125;5452;vGPU software (guest driver);470.161.03(All versions prior to and including vGPU 13.6);530.41.03, 525.105.17, 515.105.01, 470.182.03, 450.236.01, 525.105.17(vGPU 15.2), 470.182.03(vGPU 13.7), 450.236.01(vGPU 11.12), 530.41.03(March 2023 release), 525.105.14(vGPU 15.2), 470.182.02(vGPU 13.7), 450.236.03(vGPU 11.12)
CVE-2023-0180;7.1;HIGH;CVSS:3.1/AV:L/AC:L/PR:L/UI:N/S:U/C:H/I:N/A:H;CWE-125;5452;vGPU software (guest driver);525.85.05(All versions prior to and including vGPU 15.1);530.41.03, 525.105.17, 515.105.01, 470.182.03, 450.236.01, 525.105.17(vGPU 15.2), 470.182.03(vGPU 13.7), 450.236.01(vGPU 11.12), 530.41.03(March 2023 release), 525.105.14(vGPU 15.2), 470.182.02(vGPU 13.7), 450.236.03(vGPU 11.12)
CVE-2023-0180;7.1;HIGH;CVSS:3.1/AV:L/AC:L/PR:L/UI:N/S:U/C:H/I:N/A:H;CWE-125;5452;vGPU software (Virtual GPU Manager);450.216.04(All versions prior to and including vGPU 11.11);530.41.03, 525.105.17, 515.105.01, 470.182.03, 450.236.01, 525.105.17(vGPU 15.2), 470.182.03(vGPU 13.7), 450.236.01(vGPU 11.12), 530.41.03(March 2023 release), 525.105.14(vGPU 15.2), 470.182.02(vGPU 13.7), 450.236.03(vGPU 11.12)
CVE-2023-0180;7.1;HIGH;CVSS:3.1/AV:L/AC:L/PR:L/UI:N/S:U/C:H/I:N/A:H;CWE-125;5452;vGPU software (Virtual GPU Manager);470.161.02(All versions prior to and including vGPU 13.6);530.41.03, 525.105.17, 515.105.01, 470.182.03, 450.236.01, 525.105.17(vGPU 15.2), 470.182.03(vGPU 13.7), 450.236.01(vGPU 11.12), 530.41.03(March 2023 release), 525.105.14(vGPU 15.2), 470.182.02(vGPU 13.7), 450.236.03(vGPU 11.12)
CVE-2023-0180;7.1;HIGH;CVSS:3.1/AV:L/AC:L/PR:L/UI:N/S:U/C:H/I:N/A:H;CWE-125;5452;vGPU software (Virtual GPU Manager);525.85.07(All versions prior to and including vGPU 15.1);530.41.03, 525.105.17, 515.105.01, 470.182.03, 450.236.01, 525.105.17(vGPU 15.2), 470.182.03(vGPU 13.7), 450.236.01(vGPU 11.12), 530.41.03(March 2023 release), 525.105.14(vGPU 15.2), 470.182.02(vGPU 13.7), 450.236.03(vGPU 11.12)
CVE-2023-0181;7.1;HIGH;CVSS:3.1/AV:L/AC:L/PR:L/UI:N/S:U/C:N/I:H/A:H;CWE-280;5452;GeForce;All driver versions prior to 474.30;470.182.03(vGPU 13.7), 530.41.03(March 2023 release), 531.41, 474.30, 528.89, 518.03, 531.41(March 2023 release), 525.105.14(vGPU 15.2), 470.182.02(vGPU 13.7)
CVE-2023-0181;7.1;HIGH;CVSS:3.1/AV:L/AC:L/PR:L/UI:N/S:U/C:N/I:H/A:H;CWE-280;5452;GeForce;All driver versions prior to 531.41;470.182.03(vGPU 13.7), 530.41.03(March 2023 release), 531.41, 474.30, 528.89, 518.03, 531.41(March 2023 release), 525.105.14(vGPU 15.2), 470.182.02(vGPU 13.7)
CVE-2023-0181;7.1;HIGH;CVSS:3.1/AV:L/AC:L/PR:L/UI:N/S:U/C:N/I:H/A:H;CWE-280;5452;GeForce;All drivers versions prior to 474.30 for support of GeForce Kepler desktop;470.182.03(vGPU 13.7), 530.41.03(March 2023 release), 531.41, 474.30, 528.89, 518.03, 531.41(March 2023 release), 525.105.14(vGPU 15.2), 470.182.02(vGPU 13.7)
CVE-2023-0181;7.1;HIGH;CVSS:3.1/AV:L/AC:L/PR:L/UI:N/S:U/C:N/I:H/A:H;CWE-280;5452;NVIDIA Cloud Gaming (guest driver);All versions prior to 525.89.02(All versions prior to and including February 2023 release);470.182.03(vGPU 13.7), 530.41.03(March 2023 release), 531.41, 474.30, 528.89, 518.03, 531.41(March 2023 release), 525.105.14(vGPU 15.2), 470.182.02(vGPU 13.7)
CVE-2023-0181;7.1;HIGH;CVSS:3.1/AV:L/AC:L/PR:L/UI:N/S:U/C:N/I:H/A:H;CWE-280;5452;NVIDIA Cloud Gaming (guest driver);All versions prior to 528.49(All versions prior to and including February 2023 release);470.182.03(vGPU 13.7), 530.41.03(March 2023 release), 531.41, 474.30, 528.89, 518.03, 531.41(March 2023 release), 525.105.14(vGPU 15.2), 470.182.02(vGPU 13.7)
CVE-2023-0181;7.1;HIGH;CVSS:3.1/AV:L/AC:L/PR:L/UI:N/S:U/C:N/I:H/A:H;CWE-280;5452;NVIDIA Cloud Gaming (Virtual GPU Manager);All versions prior to 525.89.02(All versions prior to and including February 2023 release);470.182.03(vGPU 13.7), 530.41.03(March 2023 release), 531.41, 474.30, 528.89, 518.03, 531.41(March 2023 release), 525.105.14(vGPU 15.2), 470.182.02(vGPU 13.7)
CVE-2023-0181;7.1;HIGH;CVSS:3.1/AV:L/AC:L/PR:L/UI:N/S:U/C:N/I:H/A:H;CWE-280;5452;NVIDIA RTX, Quadro, NVS;All driver versions prior to 474.30;470.182.03(vGPU 13.7), 530.41.03(March 2023 release), 531.41, 474.30, 528.89, 518.03, 531.41(March 2023 release), 525.105.14(vGPU 15.2), 470.182.02(vGPU 13.7)
CVE-2023-0181;7.1;HIGH;CVSS:3.1/AV:L/AC:L/PR:L/UI:N/S:U/C:N/I:H/A:H;CWE-280;5452;NVIDIA RTX, Quadro, NVS;All driver versions prior to 518.03;470.182.03(vGPU 13.7), 530.41.03(March 2023 release), 531.41, 474.30, 528.89, 518.03, 531.41(March 2023 release), 525.105.14(vGPU 15.2), 470.182.02(vGPU 13.7)
CVE-2023-0181;7.1;HIGH;CVSS:3.1/AV:L/AC:L/PR:L/UI:N/S:U/C:N/I:H/A:H;CWE-280;5452;NVIDIA RTX, Quadro, NVS;All driver versions prior to 528.89;470.182.03(vGPU 13.7), 530.41.03(March 2023 release), 531.41, 474.30, 528.89, 518.03, 531.41(March 2023 release), 525.105.14(vGPU 15.2), 470.182.02(vGPU 13.7)
CVE-2023-0181;7.1;HIGH;CVSS:3.1/AV:L/AC:L/PR:L/UI:N/S:U/C:N/I:H/A:H;CWE-280;5452;NVIDIA RTX, Quadro, NVS;All driver versions prior to 531.41;470.182.03(vGPU 13.7), 530.41.03(March 2023 release), 531.41, 474.30, 528.89, 518.03, 531.41(March 2023 release), 525.105.14(vGPU 15.2), 470.182.02(vGPU 13.7)
CVE-2023-0181;7.1;HIGH;CVSS:3.1/AV:L/AC:L/PR:L/UI:N/S:U/C:N/I:H/A:H;CWE-280;5452;Studio;All driver versions prior to 528.89;470.182.03(vGPU 13.7), 530.41.03(March 2023 release), 531.41, 474.30, 528.89, 518.03, 531.41(March 2023 release), 525.105.14(vGPU 15.2), 470.182.02(vGPU 13.7)
CVE-2023-0181;7.1;HIGH;CVSS:3.1/AV:L/AC:L/PR:L/UI:N/S:U/C:N/I:H/A:H;CWE-280;5452;Studio;All driver versions prior to 531.41;470.182.03(vGPU 13.7), 530.41.03(March 2023 release), 531.41, 474.30, 528.89, 518.03, 531.41(March 2023 release), 525.105.14(vGPU 15.2), 470.182.02(vGPU 13.7)
CVE-2023-0181;7.1;HIGH;CVSS:3.1/AV:L/AC:L/PR:L/UI:N/S:U/C:N/I:H/A:H;CWE-280;5452;Tesla;All driver versions prior to 474.30;470.182.03(vGPU 13.7), 530.41.03(March 2023 release), 531.41, 474.30, 528.89, 518.03, 531.41(March 2023 release), 525.105.14(vGPU 15.2), 470.182.02(vGPU 13.7)
CVE-2023-0181;7.1;HIGH;CVSS:3.1/AV:L/AC:L/PR:L/UI:N/S:U/C:N/I:H/A:H;CWE-280;5452;Tesla;All driver versions prior to 518.03;470.182.03(vGPU 13.7), 530.41.03(March 2023 release), 531.41, 474.30, 528.89, 518.03, 531.41(March 2023 release), 525.105.14(vGPU 15.2), 470.182.02(vGPU 13.7)
CVE-2023-0181;7.1;HIGH;CVSS:3.1/AV:L/AC:L/PR:L/UI:N/S:U/C:N/I:H/A:H;CWE-280;5452;Tesla;All driver versions prior to 528.89;470.182.03(vGPU 13.7), 530.41.03(March 2023 release), 531.41, 474.30, 528.89, 518.03, 531.41(March 2023 release), 525.105.14(vGPU 15.2), 470.182.02(vGPU 13.7)
CVE-2023-0181;7.1;HIGH;CVSS:3.1/AV:L/AC:L/PR:L/UI:N/S:U/C:N/I:H/A:H;CWE-280;5452;vGPU software (guest driver);470.161.03(All versions prior to and including vGPU 13.6);470.182.03(vGPU 13.7), 530.41.03(March 2023 release), 531.41, 474.30, 528.89, 518.03, 531.41(March 2023 release), 525.105.14(vGPU 15.2), 470.182.02(vGPU 13.7)
CVE-2023-0181;7.1;HIGH;CVSS:3.1/AV:L/AC:L/PR:L/UI:N/S:U/C:N/I:H/A:H;CWE-280;5452;vGPU software (Virtual GPU Manager);470.161.02(All versions prior to and including vGPU 13.6);470.182.03(vGPU 13.7), 530.41.03(March 2023 release), 531.41, 474.30, 528.89, 518.03, 531.41(March 2023 release), 525.105.14(vGPU 15.2), 470.182.02(vGPU 13.7)
CVE-2023-0181;7.1;HIGH;CVSS:3.1/AV:L/AC:L/PR:L/UI:N/S:U/C:N/I:H/A:H;CWE-280;5452;vGPU software (Virtual GPU Manager);525.85.07(All versions prior to and including vGPU 15.1);470.182.03(vGPU 13.7), 530.41.03(March 2023 release), 531.41, 474.30, 528.89, 518.03, 531.41(March 2023 release), 525.105.14(vGPU 15.2), 470.182.02(vGPU 13.7)
CVE-2023-0182;7.8;HIGH;CVSS:3.1/AV:L/AC:L/PR:L/UI:N/S:U/C:H/I:H/A:H;CWE-787;5452;GeForce;All driver versions prior to 531.41;531.41, 528.89, 518.03, 531.41(March 2023 release)
CVE-2023-0182;7.8;HIGH;CVSS:3.1/AV:L/AC:L/PR:L/UI:N/S:U/C:H/I:H/A:H;CWE-787;5452;NVIDIA Cloud Gaming (guest driver);All versions prior to 528.49(All versions prior to and including February 2023 release);531.41, 528.89, 518.03, 531.41(March 2023 release)
CVE-2023-0182;7.8;HIGH;CVSS:3.1/AV:L/AC:L/PR:L/UI:N/S:U/C:H/I:H/A:H;CWE-787;5452;NVIDIA RTX, Quadro, NVS;All driver versions prior to 518.03;531.41, 528.89, 518.03, 531.41(March 2023 release)
CVE-2023-0182;7.8;HIGH;CVSS:3.1/AV:L/AC:L/PR:L/UI:N/S:U/C:H/I:H/A:H;CWE-787;5452;NVIDIA RTX, Quadro, NVS;All driver versions prior to 528.89;531.41, 528.89, 518.03, 531.41(March 2023 release)
CVE-2023-0182;7.8;HIGH;CVSS:3.1/AV:L/AC:L/PR:L/UI:N/S:U/C:H/I:H/A:H;CWE-787;5452;NVIDIA RTX, Quadro, NVS;All driver versions prior to 531.41;531.41, 528.89, 518.03, 531.41(March 2023 release)
CVE-2023-0182;7.8;HIGH;CVSS:3.1/AV:L/AC:L/PR:L/UI:N/S:U/C:H/I:H/A:H;CWE-787;5452;Studio;All driver versions prior to 528.89;531.41, 528.89, 518.03, 531.41(March 2023 release)
CVE-2023-0182;7.8;HIGH;CVSS:3.1/AV:L/AC:L/PR:L/UI:N/S:U/C:H/I:H/A:H;CWE-787;5452;Studio;All driver versions prior to 531.41;531.41, 528.89, 518.03, 531.41(March 2023 release)
CVE-2023-0182;7.8;HIGH;CVSS:3.1/AV:L/AC:L/PR:L/UI:N/S:U/C:H/I:H/A:H;CWE-787;5452;Tesla;All driver versions prior to 518.03;531.41, 528.89, 518.03, 531.41(March 2023 release)
CVE-2023-0182;7.8;HIGH;CVSS:3.1/AV:L/AC:L/PR:L/UI:N/S:U/C:H/I:H/A:H;CWE-787;5452;Tesla;All driver versions prior to 528.89;531.41, 528.89, 518.03, 531.41(March 2023 release)
CVE-2023-0183;7.1;HIGH;CVSS:3.1/AV:L/AC:L/PR:L/UI:N/S:U/C:N/I:H/A:H;CWE-787;5452;GeForce;All driver versions prior to 515.105.01;530.41.03, 525.105.17, 515.105.01, 525.105.17(vGPU 15.2), 530.41.03(March 2023 release), 525.105.14(vGPU 15.2)
CVE-2023-0183;7.1;HIGH;CVSS:3.1/AV:L/AC:L/PR:L/UI:N/S:U/C:N/I:H/A:H;CWE-787;5452;GeForce;All driver versions prior to 525.105.17;530.41.03, 525.105.17, 515.105.01, 525.105.17(vGPU 15.2), 530.41.03(March 2023 release), 525.105.14(vGPU 15.2)
CVE-2023-0183;7.1;HIGH;CVSS:3.1/AV:L/AC:L/PR:L/UI:N/S:U/C:N/I:H/A:H;CWE-787;5452;GeForce;All driver versions prior to 530.41.03;530.41.03, 525.105.17, 515.105.01, 525.105.17(vGPU 15.2), 530.41.03(March 2023 release), 525.105.14(vGPU 15.2)
CVE-2023-0183;7.1;HIGH;CVSS:3.1/AV:L/AC:L/PR:L/UI:N/S:U/C:N/I:H/A:H;CWE-787;5452;NVIDIA Cloud Gaming (guest driver);All versions prior to 525.89.02(All versions prior to and including February 2023 release);530.41.03, 525.105.17, 515.105.01, 525.105.17(vGPU 15.2), 530.41.03(March 2023 release), 525.105.14(vGPU 15.2)
CVE-2023-0183;7.1;HIGH;CVSS:3.1/AV:L/AC:L/PR:L/UI:N/S:U/C:N/I:H/A:H;CWE-787;5452;NVIDIA Cloud Gaming (Virtual GPU Manager);All versions prior to 525.89.02(All versions prior to and including February 2023 release);530.41.03, 525.105.17, 515.105.01, 525.105.17(vGPU 15.2), 530.41.03(March 2023 release), 525.105.14(vGPU 15.2)
CVE-2023-0183;7.1;HIGH;CVSS:3.1/AV:L/AC:L/PR:L/UI:N/S:U/C:N/I:H/A:H;CWE-787;5452;NVIDIA RTX, Quadro, NVS;All driver versions prior to 515.105.01;530.41.03, 525.105.17, 515.105.01, 525.105.17(vGPU 15.2), 530.41.03(March 2023 release), 525.105.14(vGPU 15.2)
CVE-2023-0183;7.1;HIGH;CVSS:3.1/AV:L/AC:L/PR:L/UI:N/S:U/C:N/I:H/A:H;CWE-787;5452;NVIDIA RTX, Quadro, NVS;All driver versions prior to 525.105.17;530.41.03, 525.105.17, 515.105.01, 525.105.17(vGPU 15.2), 530.41.03(March 2023 release), 525.105.14(vGPU 15.2)
CVE-2023-0183;7.1;HIGH;CVSS:3.1/AV:L/AC:L/PR:L/UI:N/S:U/C:N/I:H/A:H;CWE-787;5452;NVIDIA RTX, Quadro, NVS;All driver versions prior to 530.41.03;530.41.03, 525.105.17, 515.105.01, 525.105.17(vGPU 15.2), 530.41.03(March 2023 release), 525.105.14(vGPU 15.2)
CVE-2023-0183;7.1;HIGH;CVSS:3.1/AV:L/AC:L/PR:L/UI:N/S:U/C:N/I:H/A:H;CWE-787;5452;Tesla;All driver versions prior to 515.105.01;530.41.03, 525.105.17, 515.105.01, 525.105.17(vGPU 15.2), 530.41.03(March 2023 release), 525.105.14(vGPU 15.2)
CVE-2023-0183;7.1;HIGH;CVSS:3.1/AV:L/AC:L/PR:L/UI:N/S:U/C:N/I:H/A:H;CWE-787;5452;Tesla;All driver versions prior to 525.105.17;530.41.03, 525.105.17, 515.105.01, 525.105.17(vGPU 15.2), 530.41.03(March 2023 release), 525.105.14(vGPU 15.2)
CVE-2023-0183;7.1;HIGH;CVSS:3.1/AV:L/AC:L/PR:L/UI:N/S:U/C:N/I:H/A:H;CWE-787;5452;vGPU software (guest driver);525.85.05(All versions prior to and including vGPU 15.1);530.41.03, 525.105.17, 515.105.01, 525.105.17(vGPU 15.2), 530.41.03(March 2023 release), 525.105.14(vGPU 15.2)
CVE-2023-0183;7.1;HIGH;CVSS:3.1/AV:L/AC:L/PR:L/UI:N/S:U/C:N/I:H/A:H;CWE-787;5452;vGPU software (Virtual GPU Manager);525.85.07(All versions prior to and including vGPU 15.1);530.41.03, 525.105.17, 515.105.01, 525.105.17(vGPU 15.2), 530.41.03(March 2023 release), 525.105.14(vGPU 15.2)
CVE-2023-0184;8.8;HIGH;CVSS:3.1/AV:L/AC:L/PR:L/UI:N/S:C/C:H/I:H/A:H;CWE-822;5452;GeForce;All driver versions prior to 470.182.03;530.41.03, 525.105.17, 515.105.01, 470.182.03, 450.236.01, 531.41, 474.30, 528.89, 518.03, 454.14
CVE-2023-0184;8.8;HIGH;CVSS:3.1/AV:L/AC:L/PR:L/UI:N/S:C/C:H/I:H/A:H;CWE-822;5452;GeForce;All driver versions prior to 474.30;530.41.03, 525.105.17, 515.105.01, 470.182.03, 450.236.01, 531.41, 474.30, 528.89, 518.03, 454.14
CVE-2023-0184;8.8;HIGH;CVSS:3.1/AV:L/AC:L/PR:L/UI:N/S:C/C:H/I:H/A:H;CWE-822;5452;GeForce;All driver versions prior to 515.105.01;530.41.03, 525.105.17, 515.105.01, 470.182.03, 450.236.01, 531.41, 474.30, 528.89, 518.03, 454.14
CVE-2023-0184;8.8;HIGH;CVSS:3.1/AV:L/AC:L/PR:L/UI:N/S:C/C:H/I:H/A:H;CWE-822;5452;GeForce;All driver versions prior to 525.105.17;530.41.03, 525.105.17, 515.105.01, 470.182.03, 450.236.01, 531.41, 474.30, 528.89, 518.03, 454.14
CVE-2023-0184;8.8;HIGH;CVSS:3.1/AV:L/AC:L/PR:L/UI:N/S:C/C:H/I:H/A:H;CWE-822;5452;GeForce;All driver versions prior to 530.41.03;530.41.03, 525.105.17, 515.105.01, 470.182.03, 450.236.01, 531.41, 474.30, 528.89, 518.03, 454.14
CVE-2023-0184;8.8;HIGH;CVSS:3.1/AV:L/AC:L/PR:L/UI:N/S:C/C:H/I:H/A:H;CWE-822;5452;GeForce;All driver versions prior to 531.41;530.41.03, 525.105.17, 515.105.01, 470.182.03, 450.236.01, 531.41, 474.30, 528.89, 518.03, 454.14
CVE-2023-0184;8.8;HIGH;CVSS:3.1/AV:L/AC:L/PR:L/UI:N/S:C/C:H/I:H/A:H;CWE-822;5452;GeForce;All drivers versions prior to 474.30 for support of GeForce Kepler desktop;530.41.03, 525.105.17, 515.105.01, 470.182.03, 450.236.01, 531.41, 474.30, 528.89, 518.03, 454.14
CVE-2023-0184;8.8;HIGH;CVSS:3.1/AV:L/AC:L/PR:L/UI:N/S:C/C:H/I:H/A:H;CWE-822;5452;NVIDIA RTX, Quadro, NVS;All driver versions prior to 470.182.03;530.41.03, 525.105.17, 515.105.01, 470.182.03, 450.236.01, 531.41, 474.30, 528.89, 518.03, 454.14
CVE-2023-0184;8.8;HIGH;CVSS:3.1/AV:L/AC:L/PR:L/UI:N/S:C/C:H/I:H/A:H;CWE-822;5452;NVIDIA RTX, Quadro, NVS;All driver versions prior to 474.30;530.41.03, 525.105.17, 515.105.01, 470.182.03, 450.236.01, 531.41, 474.30, 528.89, 518.03, 454.14
CVE-2023-0184;8.8;HIGH;CVSS:3.1/AV:L/AC:L/PR:L/UI:N/S:C/C:H/I:H/A:H;CWE-822;5452;NVIDIA RTX, Quadro, NVS;All driver versions prior to 515.105.01;530.41.03, 525.105.17, 515.105.01, 470.182.03, 450.236.01, 531.41, 474.30, 528.89, 518.03, 454.14
CVE-2023-0184;8.8;HIGH;CVSS:3.1/AV:L/AC:L/PR:L/UI:N/S:C/C:H/I:H/A:H;CWE-822;5452;NVIDIA RTX, Quadro, NVS;All driver versions prior to 518.03;530.41.03, 525.105.17, 515.105.01, 470.182.03, 450.236.01, 531.41, 474.30, 528.89, 518.03, 454.14
CVE-2023-0184;8.8;HIGH;CVSS:3.1/AV:L/AC:L/PR:L/UI:N/S:C/C:H/I:H/A:H;CWE-822;5452;NVIDIA RTX, Quadro, NVS;All driver versions prior to 525.105.17;530.41.03, 525.105.17, 515.105.01, 470.182.03, 450.236.01, 531.41, 474.30, 528.89, 518.03, 454.14
CVE-2023-0184;8.8;HIGH;CVSS:3.1/AV:L/AC:L/PR:L/UI:N/S:C/C:H/I:H/A:H;CWE-822;5452;NVIDIA RTX, Quadro, NVS;All driver versions prior to 528.89;530.41.03, 525.105.17, 515.105.01, 470.182.03, 450.236.01, 531.41, 474.30, 528.89, 518.03, 454.14
CVE-2023-0184;8.8;HIGH;CVSS:3.1/AV:L/AC:L/PR:L/UI:N/S:C/C:H/I:H/A:H;CWE-822;5452;NVIDIA RTX, Quadro, NVS;All driver versions prior to 530.41.03;530.41.03, 525.105.17, 515.105.01, 470.182.03, 450.236.01, 531.41, 474.30, 528.89, 518.03, 454.14
CVE-2023-0184;8.8;HIGH;CVSS:3.1/AV:L/AC:L/PR:L/UI:N/S:C/C:H/I:H/A:H;CWE-822;5452;NVIDIA RTX, Quadro, NVS;All driver versions prior to 531.41;530.41.03, 525.105.17, 515.105.01, 470.182.03, 450.236.01, 531.41, 474.30, 528.89, 518.03, 454.14
CVE-2023-0184;8.8;HIGH;CVSS:3.1/AV:L/AC:L/PR:L/UI:N/S:C/C:H/I:H/A:H;CWE-822;5452;Studio;All driver versions prior to 528.89;530.41.03, 525.105.17, 515.105.01, 470.182.03, 450.236.01, 531.41, 474.30, 528.89, 518.03, 454.14
CVE-2023-0184;8.8;HIGH;CVSS:3.1/AV:L/AC:L/PR:L/UI:N/S:C/C:H/I:H/A:H;CWE-822;5452;Studio;All driver versions prior to 531.41;530.41.03, 525.105.17, 515.105.01, 470.182.03, 450.236.01, 531.41, 474.30, 528.89, 518.03, 454.14
CVE-2023-0184;8.8;HIGH;CVSS:3.1/AV:L/AC:L/PR:L/UI:N/S:C/C:H/I:H/A:H;CWE-822;5452;Tesla;All driver versions prior to 450.236.01;530.41.03, 525.105.17, 515.105.01, 470.182.03, 450.236.01, 531.41, 474.30, 528.89, 518.03, 454.14
CVE-2023-0184;8.8;HIGH;CVSS:3.1/AV:L/AC:L/PR:L/UI:N/S:C/C:H/I:H/A:H;CWE-822;5452;Tesla;All driver versions prior to 454.14;530.41.03, 525.105.17, 515.105.01, 470.182.03, 450.236.01, 531.41, 474.30, 528.89, 518.03, 454.14
CVE-2023-0184;8.8;HIGH;CVSS:3.1/AV:L/AC:L/PR:L/UI:N/S:C/C:H/I:H/A:H;CWE-822;5452;Tesla;All driver versions prior to 470.182.03;530.41.03, 525.105.17, 515.105.01, 470.182.03, 450.236.01, 531.41, 474.30, 528.89, 518.03, 454.14
CVE-2023-0184;8.8;HIGH;CVSS:3.1/AV:L/AC:L/PR:L/UI:N/S:C/C:H/I:H/A:H;CWE-822;5452;Tesla;All driver versions prior to 474.30;530.41.03, 525.105.17, 515.105.01, 470.182.03, 450.236.01, 531.41, 474.30, 528.89, 518.03, 454.14
CVE-2023-0184;8.8;HIGH;CVSS:3.1/AV:L/AC:L/PR:L/UI:N/S:C/C:H/I:H/A:H;CWE-822;5452;Tesla;All driver versions prior to 515.105.01;530.41.03, 525.105.17, 515.105.01, 470.182.03, 450.236.01, 531.41, 474.30, 528.89, 518.03, 454.14
CVE-2023-0184;8.8;HIGH;CVSS:3.1/AV:L/AC:L/PR:L/UI:N/S:C/C:H/I:H/A:H;CWE-822;5452;Tesla;All driver versions prior to 518.03;530.41.03, 525.105.17, 515.105.01, 470.182.03, 450.236.01, 531.41, 474.30, 528.89, 518.03, 454.14
CVE-2023-0184;8.8;HIGH;CVSS:3.1/AV:L/AC:L/PR:L/UI:N/S:C/C:H/I:H/A:H;CWE-822;5452;Tesla;All driver versions prior to 525.105.17;530.41.03, 525.105.17, 515.105.01, 470.182.03, 450.236.01, 531.41, 474.30, 528.89, 518.03, 454.14
CVE-2023-0184;8.8;HIGH;CVSS:3.1/AV:L/AC:L/PR:L/UI:N/S:C/C:H/I:H/A:H;CWE-822;5452;Tesla;All driver versions prior to 528.89;530.41.03, 525.105.17, 515.105.01, 470.182.03, 450.236.01, 531.41, 474.30, 528.89, 518.03, 454.14
CVE-2023-0185;6.7;MEDIUM;CVSS:3.1/AV:L/AC:H/PR:H/UI:N/S:C/C:L/I:L/A:H;CWE-196;5452;GeForce;All driver versions prior to 470.182.03;530.41.03, 525.105.17, 515.105.01, 470.182.03, 450.236.01, 525.105.14(vGPU 15.2), 470.182.02(vGPU 13.7), 530.41.03(March 2023 release), 450.236.03(vGPU 11.12)
CVE-2023-0185;6.7;MEDIUM;CVSS:3.1/AV:L/AC:H/PR:H/UI:N/S:C/C:L/I:L/A:H;CWE-196;5452;GeForce;All driver versions prior to 515.105.01;530.41.03, 525.105.17, 515.105.01, 470.182.03, 450.236.01, 525.105.14(vGPU 15.2), 470.182.02(vGPU 13.7), 530.41.03(March 2023 release), 450.236.03(vGPU 11.12)
CVE-2023-0185;6.7;MEDIUM;CVSS:3.1/AV:L/AC:H/PR:H/UI:N/S:C/C:L/I:L/A:H;CWE-196;5452;GeForce;All driver versions prior to 525.105.17;530.41.03, 525.105.17, 515.105.01, 470.182.03, 450.236.01, 525.105.14(vGPU 15.2), 470.182.02(vGPU 13.7), 530.41.03(March 2023 release), 450.236.03(vGPU 11.12)
CVE-2023-0185;6.7;MEDIUM;CVSS:3.1/AV:L/AC:H/PR:H/UI:N/S:C/C:L/I:L/A:H;CWE-196;5452;GeForce;All driver versions prior to 530.41.03;530.41.03, 525.105.17, 515.105.01, 470.182.03, 450.236.01, 525.105.14(vGPU 15.2), 470.182.02(vGPU 13.7), 530.41.03(March 2023 release), 450.236.03(vGPU 11.12)
CVE-2023-0185;6.7;MEDIUM;CVSS:3.1/AV:L/AC:H/PR:H/UI:N/S:C/C:L/I:L/A:H;CWE-196;5452;NVIDIA Cloud Gaming (Virtual GPU Manager);All versions prior to 525.89.02(All versions prior to and including February 2023 release);530.41.03, 525.105.17, 515.105.01, 470.182.03, 450.236.01, 525.105.14(vGPU 15.2), 470.182.02(vGPU 13.7), 530.41.03(March 2023 release), 450.236.03(vGPU 11.12)
CVE-2023-0185;6.7;MEDIUM;CVSS:3.1/AV:L/AC:H/PR:H/UI:N/S:C/C:L/I:L/A:H;CWE-196;5452;NVIDIA RTX, Quadro, NVS;All driver versions prior to 470.182.03;530.41.03, 525.105.17, 515.105.01, 470.182.03, 450.236.01, 525.105.14(vGPU 15.2), 470.182.02(vGPU 13.7), 530.41.03(March 2023 release), 450.236.03(vGPU 11.12)
CVE-2023-0185;6.7;MEDIUM;CVSS:3.1/AV:L/AC:H/PR:H/UI:N/S:C/C:L/I:L/A:H;CWE-196;5452;NVIDIA RTX, Quadro, NVS;All driver versions prior to 515.105.01;530.41.03, 525.105.17, 515.105.01, 470.182.03, 450.236.01, 525.105.14(vGPU 15.2), 470.182.02(vGPU 13.7), 530.41.03(March 2023 release), 450.236.03(vGPU 11.12)
CVE-2023-0185;6.7;MEDIUM;CVSS:3.1/AV:L/AC:H/PR:H/UI:N/S:C/C:L/I:L/A:H;CWE-196;5452;NVIDIA RTX, Quadro, NVS;All driver versions prior to 525.105.17;530.41.03, 525.105.17, 515.105.01, 470.182.03, 450.236.01, 525.105.14(vGPU 15.2), 470.182.02(vGPU 13.7), 530.41.03(March 2023 release), 450.236.03(vGPU 11.12)
CVE-2023-0185;6.7;MEDIUM;CVSS:3.1/AV:L/AC:H/PR:H/UI:N/S:C/C:L/I:L/A:H;CWE-196;5452;NVIDIA RTX, Quadro, NVS;All driver versions prior to 530.41.03;530.41.03, 525.105.17, 515.105.01, 470.182.03, 450.236.01, 525.105.14(vGPU 15.2), 470.182.02(vGPU 13.7), 530.41.03(March 2023 release), 450.236.03(vGPU 11.12)
CVE-2023-0185;6.7;MEDIUM;CVSS:3.1/AV:L/AC:H/PR:H/UI:N/S:C/C:L/I:L/A:H;CWE-196;5452;Tesla;All driver versions prior to 450.236.01;530.41.03, 525.105.17, 515.105.01, 470.182.03, 450.236.01, 525.105.14(vGPU 15.2), 470.182.02(vGPU 13.7), 530.41.03(March 2023 release), 450.236.03(vGPU 11.12)
CVE-2023-0185;6.7;MEDIUM;CVSS:3.1/AV:L/AC:H/PR:H/UI:N/S:C/C:L/I:L/A:H;CWE-196;5452;Tesla;All driver versions prior to 470.182.03;530.41.03, 525.105.17, 515.105.01, 470.182.03, 450.236.01, 525.105.14(vGPU 15.2), 470.182.02(vGPU 13.7), 530.41.03(March 2023 release), 450.236.03(vGPU 11.12)
CVE-2023-0185;6.7;MEDIUM;CVSS:3.1/AV:L/AC:H/PR:H/UI:N/S:C/C:L/I:L/A:H;CWE-196;5452;Tesla;All driver versions prior to 515.105.01;530.41.03, 525.105.17, 515.105.01, 470.182.03, 450.236.01, 525.105.14(vGPU 15.2), 470.182.02(vGPU 13.7), 530.41.03(March 2023 release), 450.236.03(vGPU 11.12)
CVE-2023-0185;6.7;MEDIUM;CVSS:3.1/AV:L/AC:H/PR:H/UI:N/S:C/C:L/I:L/A:H;CWE-196;5452;Tesla;All driver versions prior to 525.105.17;530.41.03, 525.105.17, 515.105.01, 470.182.03, 450.236.01, 525.105.14(vGPU 15.2), 470.182.02(vGPU 13.7), 530.41.03(March 2023 release), 450.236.03(vGPU 11.12)
CVE-2023-0185;6.7;MEDIUM;CVSS:3.1/AV:L/AC:H/PR:H/UI:N/S:C/C:L/I:L/A:H;CWE-196;5452;vGPU software (Virtual GPU Manager);450.216.04(All versions prior to and including vGPU 11.11);530.41.03, 525.105.17, 515.105.01, 470.182.03, 450.236.01, 525.105.14(vGPU 15.2), 470.182.02(vGPU 13.7), 530.41.03(March 2023 release), 450.236.03(vGPU 11.12)
CVE-2023-0185;6.7;MEDIUM;CVSS:3.1/AV:L/AC:H/PR:H/UI:N/S:C/C:L/I:L/A:H;CWE-196;5452;vGPU software (Virtual GPU Manager);470.161.02(All versions prior to and including vGPU 13.6);530.41.03, 525.105.17, 515.105.01, 470.182.03, 450.236.01, 525.105.14(vGPU 15.2), 470.182.02(vGPU 13.7), 530.41.03(March 2023 release), 450.236.03(vGPU 11.12)
CVE-2023-0185;6.7;MEDIUM;CVSS:3.1/AV:L/AC:H/PR:H/UI:N/S:C/C:L/I:L/A:H;CWE-196;5452;vGPU software (Virtual GPU Manager);525.85.07(All versions prior to and including vGPU 15.1);530.41.03, 525.105.17, 515.105.01, 470.182.03, 450.236.01, 525.105.14(vGPU 15.2), 470.182.02(vGPU 13.7), 530.41.03(March 2023 release), 450.236.03(vGPU 11.12)
CVE-2023-0186;6.1;MEDIUM;CVSS:3.1/AV:L/AC:L/PR:L/UI:N/S:U/C:N/I:L/A:H;CWE-787;5452;GeForce;All driver versions prior to 474.30;531.41, 474.30, 528.89, 518.03, 454.14, 531.41(March 2023 release)
CVE-2023-0186;6.1;MEDIUM;CVSS:3.1/AV:L/AC:L/PR:L/UI:N/S:U/C:N/I:L/A:H;CWE-787;5452;GeForce;All driver versions prior to 531.41;531.41, 474.30, 528.89, 518.03, 454.14, 531.41(March 2023 release)
CVE-2023-0186;6.1;MEDIUM;CVSS:3.1/AV:L/AC:L/PR:L/UI:N/S:U/C:N/I:L/A:H;CWE-787;5452;GeForce;All drivers versions prior to 474.30 for support of GeForce Kepler desktop;531.41, 474.30, 528.89, 518.03, 454.14, 531.41(March 2023 release)
CVE-2023-0186;6.1;MEDIUM;CVSS:3.1/AV:L/AC:L/PR:L/UI:N/S:U/C:N/I:L/A:H;CWE-787;5452;NVIDIA Cloud Gaming (guest driver);All versions prior to 528.49(All versions prior to and including February 2023 release);531.41, 474.30, 528.89, 518.03, 454.14, 531.41(March 2023 release)
CVE-2023-0186;6.1;MEDIUM;CVSS:3.1/AV:L/AC:L/PR:L/UI:N/S:U/C:N/I:L/A:H;CWE-787;5452;NVIDIA RTX, Quadro, NVS;All driver versions prior to 474.30;531.41, 474.30, 528.89, 518.03, 454.14, 531.41(March 2023 release)
CVE-2023-0186;6.1;MEDIUM;CVSS:3.1/AV:L/AC:L/PR:L/UI:N/S:U/C:N/I:L/A:H;CWE-787;5452;NVIDIA RTX, Quadro, NVS;All driver versions prior to 518.03;531.41, 474.30, 528.89, 518.03, 454.14, 531.41(March 2023 release)
CVE-2023-0186;6.1;MEDIUM;CVSS:3.1/AV:L/AC:L/PR:L/UI:N/S:U/C:N/I:L/A:H;CWE-787;5452;NVIDIA RTX, Quadro, NVS;All driver versions prior to 528.89;531.41, 474.30, 528.89, 518.03, 454.14, 531.41(March 2023 release)
CVE-2023-0186;6.1;MEDIUM;CVSS:3.1/AV:L/AC:L/PR:L/UI:N/S:U/C:N/I:L/A:H;CWE-787;5452;NVIDIA RTX, Quadro, NVS;All driver versions prior to 531.41;531.41, 474.30, 528.89, 518.03, 454.14, 531.41(March 2023 release)
CVE-2023-0186;6.1;MEDIUM;CVSS:3.1/AV:L/AC:L/PR:L/UI:N/S:U/C:N/I:L/A:H;CWE-787;5452;Studio;All driver versions prior to 528.89;531.41, 474.30, 528.89, 518.03, 454.14, 531.41(March 2023 release)
CVE-2023-0186;6.1;MEDIUM;CVSS:3.1/AV:L/AC:L/PR:L/UI:N/S:U/C:N/I:L/A:H;CWE-787;5452;Studio;All driver versions prior to 531.41;531.41, 474.30, 528.89, 518.03, 454.14, 531.41(March 2023 release)
CVE-2023-0186;6.1;MEDIUM;CVSS:3.1/AV:L/AC:L/PR:L/UI:N/S:U/C:N/I:L/A:H;CWE-787;5452;Tesla;All driver versions prior to 454.14;531.41, 474.30, 528.89, 518.03, 454.14, 531.41(March 2023 release)
CVE-2023-0186;6.1;MEDIUM;CVSS:3.1/AV:L/AC:L/PR:L/UI:N/S:U/C:N/I:L/A:H;CWE-787;5452;Tesla;All driver versions prior to 474.30;531.41, 474.30, 528.89, 518.03, 454.14, 531.41(March 2023 release)
CVE-2023-0186;6.1;MEDIUM;CVSS:3.1/AV:L/AC:L/PR:L/UI:N/S:U/C:N/I:L/A:H;CWE-787;5452;Tesla;All driver versions prior to 518.03;531.41, 474.30, 528.89, 518.03, 454.14, 531.41(March 2023 release)
CVE-2023-0186;6.1;MEDIUM;CVSS:3.1/AV:L/AC:L/PR:L/UI:N/S:U/C:N/I:L/A:H;CWE-787;5452;Tesla;All driver versions prior to 528.89;531.41, 474.30, 528.89, 518.03, 454.14, 531.41(March 2023 release)
CVE-2023-0187;6.1;MEDIUM;CVSS:3.1/AV:L/AC:L/PR:L/UI:N/S:U/C:L/I:N/A:H;CWE-125;5452;GeForce;All driver versions prior to 470.182.03;530.41.03, 525.105.17, 515.105.01, 470.182.03, 531.41, 474.30, 528.89, 518.03, 531.41(March 2023 release)
CVE-2023-0187;6.1;MEDIUM;CVSS:3.1/AV:L/AC:L/PR:L/UI:N/S:U/C:L/I:N/A:H;CWE-125;5452;GeForce;All driver versions prior to 474.30;530.41.03, 525.105.17, 515.105.01, 470.182.03, 531.41, 474.30, 528.89, 518.03, 531.41(March 2023 release)
CVE-2023-0187;6.1;MEDIUM;CVSS:3.1/AV:L/AC:L/PR:L/UI:N/S:U/C:L/I:N/A:H;CWE-125;5452;GeForce;All driver versions prior to 515.105.01;530.41.03, 525.105.17, 515.105.01, 470.182.03, 531.41, 474.30, 528.89, 518.03, 531.41(March 2023 release)
CVE-2023-0187;6.1;MEDIUM;CVSS:3.1/AV:L/AC:L/PR:L/UI:N/S:U/C:L/I:N/A:H;CWE-125;5452;GeForce;All driver versions prior to 525.105.17;530.41.03, 525.105.17, 515.105.01, 470.182.03, 531.41, 474.30, 528.89, 518.03, 531.41(March 2023 release)
CVE-2023-0187;6.1;MEDIUM;CVSS:3.1/AV:L/AC:L/PR:L/UI:N/S:U/C:L/I:N/A:H;CWE-125;5452;GeForce;All driver versions prior to 530.41.03;530.41.03, 525.105.17, 515.105.01, 470.182.03, 531.41, 474.30, 528.89, 518.03, 531.41(March 2023 release)
CVE-2023-0187;6.1;MEDIUM;CVSS:3.1/AV:L/AC:L/PR:L/UI:N/S:U/C:L/I:N/A:H;CWE-125;5452;GeForce;All driver versions prior to 531.41;530.41.03, 525.105.17, 515.105.01, 470.182.03, 531.41, 474.30, 528.89, 518.03, 531.41(March 2023 release)
CVE-2023-0187;6.1;MEDIUM;CVSS:3.1/AV:L/AC:L/PR:L/UI:N/S:U/C:L/I:N/A:H;CWE-125;5452;GeForce;All drivers versions prior to 474.30 for support of GeForce Kepler desktop;530.41.03, 525.105.17, 515.105.01, 470.182.03, 531.41, 474.30, 528.89, 518.03, 531.41(March 2023 release)
CVE-2023-0187;6.1;MEDIUM;CVSS:3.1/AV:L/AC:L/PR:L/UI:N/S:U/C:L/I:N/A:H;CWE-125;5452;NVIDIA Cloud Gaming (guest driver);All versions prior to 528.49(All versions prior to and including February 2023 release);530.41.03, 525.105.17, 515.105.01, 470.182.03, 531.41, 474.30, 528.89, 518.03, 531.41(March 2023 release)
CVE-2023-0187;6.1;MEDIUM;CVSS:3.1/AV:L/AC:L/PR:L/UI:N/S:U/C:L/I:N/A:H;CWE-125;5452;NVIDIA RTX, Quadro, NVS;All driver versions prior to 470.182.03;530.41.03, 525.105.17, 515.105.01, 470.182.03, 531.41, 474.30, 528.89, 518.03, 531.41(March 2023 release)
CVE-2023-0187;6.1;MEDIUM;CVSS:3.1/AV:L/AC:L/PR:L/UI:N/S:U/C:L/I:N/A:H;CWE-125;5452;NVIDIA RTX, Quadro, NVS;All driver versions prior to 474.30;530.41.03, 525.105.17, 515.105.01, 470.182.03, 531.41, 474.30, 528.89, 518.03, 531.41(March 2023 release)
CVE-2023-0187;6.1;MEDIUM;CVSS:3.1/AV:L/AC:L/PR:L/UI:N/S:U/C:L/I:N/A:H;CWE-125;5452;NVIDIA RTX, Quadro, NVS;All driver versions prior to 515.105.01;530.41.03, 525.105.17, 515.105.01, 470.182.03, 531.41, 474.30, 528.89, 518.03, 531.41(March 2023 release)
CVE-2023-0187;6.1;MEDIUM;CVSS:3.1/AV:L/AC:L/PR:L/UI:N/S:U/C:L/I:N/A:H;CWE-125;5452;NVIDIA RTX, Quadro, NVS;All driver versions prior to 518.03;530.41.03, 525.105.17, 515.105.01, 470.182.03, 531.41, 474.30, 528.89, 518.03, 531.41(March 2023 release)
CVE-2023-0187;6.1;MEDIUM;CVSS:3.1/AV:L/AC:L/PR:L/UI:N/S:U/C:L/I:N/A:H;CWE-125;5452;NVIDIA RTX, Quadro, NVS;All driver versions prior to 525.105.17;530.41.03, 525.105.17, 515.105.01, 470.182.03, 531.41, 474.30, 528.89, 518.03, 531.41(March 2023 release)
CVE-2023-0187;6.1;MEDIUM;CVSS:3.1/AV:L/AC:L/PR:L/UI:N/S:U/C:L/I:N/A:H;CWE-125;5452;NVIDIA RTX, Quadro, NVS;All driver versions prior to 528.89;530.41.03, 525.105.17, 515.105.01, 470.182.03, 531.41, 474.30, 528.89, 518.03, 531.41(March 2023 release)
CVE-2023-0187;6.1;MEDIUM;CVSS:3.1/AV:L/AC:L/PR:L/UI:N/S:U/C:L/I:N/A:H;CWE-125;5452;NVIDIA RTX, Quadro, NVS;All driver versions prior to 530.41.03;530.41.03, 525.105.17, 515.105.01, 470.182.03, 531.41, 474.30, 528.89, 518.03, 531.41(March 2023 release)
CVE-2023-0187;6.1;MEDIUM;CVSS:3.1/AV:L/AC:L/PR:L/UI:N/S:U/C:L/I:N/A:H;CWE-125;5452;NVIDIA RTX, Quadro, NVS;All driver versions prior to 531.41;530.41.03, 525.105.17, 515.105.01, 470.182.03, 531.41, 474.30, 528.89, 518.03, 531.41(March 2023 release)
CVE-2023-0187;6.1;MEDIUM;CVSS:3.1/AV:L/AC:L/PR:L/UI:N/S:U/C:L/I:N/A:H;CWE-125;5452;Studio;All driver versions prior to 528.89;530.41.03, 525.105.17, 515.105.01, 470.182.03, 531.41, 474.30, 528.89, 518.03, 531.41(March 2023 release)
CVE-2023-0187;6.1;MEDIUM;CVSS:3.1/AV:L/AC:L/PR:L/UI:N/S:U/C:L/I:N/A:H;CWE-125;5452;Studio;All driver versions prior to 531.41;530.41.03, 525.105.17, 515.105.01, 470.182.03, 531.41, 474.30, 528.89, 518.03, 531.41(March 2023 release)
CVE-2023-0187;6.1;MEDIUM;CVSS:3.1/AV:L/AC:L/PR:L/UI:N/S:U/C:L/I:N/A:H;CWE-125;5452;Tesla;All driver versions prior to 470.182.03;530.41.03, 525.105.17, 515.105.01, 470.182.03, 531.41, 474.30, 528.89, 518.03, 531.41(March 2023 release)
CVE-2023-0187;6.1;MEDIUM;CVSS:3.1/AV:L/AC:L/PR:L/UI:N/S:U/C:L/I:N/A:H;CWE-125;5452;Tesla;All driver versions prior to 474.30;530.41.03, 525.105.17, 515.105.01, 470.182.03, 531.41, 474.30, 528.89, 518.03, 531.41(March 2023 release)
CVE-2023-0187;6.1;MEDIUM;CVSS:3.1/AV:L/AC:L/PR:L/UI:N/S:U/C:L/I:N/A:H;CWE-125;5452;Tesla;All driver versions prior to 515.105.01;530.41.03, 525.105.17, 515.105.01, 470.182.03, 531.41, 474.30, 528.89, 518.03, 531.41(March 2023 release)
CVE-2023-0187;6.1;MEDIUM;CVSS:3.1/AV:L/AC:L/PR:L/UI:N/S:U/C:L/I:N/A:H;CWE-125;5452;Tesla;All driver versions prior to 518.03;530.41.03, 525.105.17, 515.105.01, 470.182.03, 531.41, 474.30, 528.89, 518.03, 531.41(March 2023 release)
CVE-2023-0187;6.1;MEDIUM;CVSS:3.1/AV:L/AC:L/PR:L/UI:N/S:U/C:L/I:N/A:H;CWE-125;5452;Tesla;All driver versions prior to 525.105.17;530.41.03, 525.105.17, 515.105.01, 470.182.03, 531.41, 474.30, 528.89, 518.03, 531.41(March 2023 release)
CVE-2023-0187;6.1;MEDIUM;CVSS:3.1/AV:L/AC:L/PR:L/UI:N/S:U/C:L/I:N/A:H;CWE-125;5452;Tesla;All driver versions prior to 528.89;530.41.03, 525.105.17, 515.105.01, 470.182.03, 531.41, 474.30, 528.89, 518.03, 531.41(March 2023 release)
CVE-2023-0188;5.5;MEDIUM;CVSS:3.1/AV:L/AC:L/PR:L/UI:N/S:U/C:N/I:N/A:H;CWE-119;5452;GeForce;All driver versions prior to 470.182.03;530.41.03, 525.105.17, 515.105.01, 470.182.03, 450.236.01, 525.105.17(vGPU 15.2), 530.41.03(March 2023 release), 531.41, 474.30, 528.89, 518.03, 454.14, 531.41(March 2023 release), 525.105.14(vGPU 15.2)
CVE-2023-0188;5.5;MEDIUM;CVSS:3.1/AV:L/AC:L/PR:L/UI:N/S:U/C:N/I:N/A:H;CWE-119;5452;GeForce;All driver versions prior to 474.30;530.41.03, 525.105.17, 515.105.01, 470.182.03, 450.236.01, 525.105.17(vGPU 15.2), 530.41.03(March 2023 release), 531.41, 474.30, 528.89, 518.03, 454.14, 531.41(March 2023 release), 525.105.14(vGPU 15.2)
CVE-2023-0188;5.5;MEDIUM;CVSS:3.1/AV:L/AC:L/PR:L/UI:N/S:U/C:N/I:N/A:H;CWE-119;5452;GeForce;All driver versions prior to 515.105.01;530.41.03, 525.105.17, 515.105.01, 470.182.03, 450.236.01, 525.105.17(vGPU 15.2), 530.41.03(March 2023 release), 531.41, 474.30, 528.89, 518.03, 454.14, 531.41(March 2023 release), 525.105.14(vGPU 15.2)
CVE-2023-0188;5.5;MEDIUM;CVSS:3.1/AV:L/AC:L/PR:L/UI:N/S:U/C:N/I:N/A:H;CWE-119;5452;GeForce;All driver versions prior to 525.105.17;530.41.03, 525.105.17, 515.105.01, 470.182.03, 450.236.01, 525.105.17(vGPU 15.2), 530.41.03(March 2023 release), 531.41, 474.30, 528.89, 518.03, 454.14, 531.41(March 2023 release), 525.105.14(vGPU 15.2)
CVE-2023-0188;5.5;MEDIUM;CVSS:3.1/AV:L/AC:L/PR:L/UI:N/S:U/C:N/I:N/A:H;CWE-119;5452;GeForce;All driver versions prior to 530.41.03;530.41.03, 525.105.17, 515.105.01, 470.182.03, 450.236.01, 525.105.17(vGPU 15.2), 530.41.03(March 2023 release), 531.41, 474.30, 528.89, 518.03, 454.14, 531.41(March 2023 release), 525.105.14(vGPU 15.2)
CVE-2023-0188;5.5;MEDIUM;CVSS:3.1/AV:L/AC:L/PR:L/UI:N/S:U/C:N/I:N/A:H;CWE-119;5452;GeForce;All driver versions prior to 531.41;530.41.03, 525.105.17, 515.105.01, 470.182.03, 450.236.01, 525.105.17(vGPU 15.2), 530.41.03(March 2023 release), 531.41, 474.30, 528.89, 518.03, 454.14, 531.41(March 2023 release), 525.105.14(vGPU 15.2)
CVE-2023-0188;5.5;MEDIUM;CVSS:3.1/AV:L/AC:L/PR:L/UI:N/S:U/C:N/I:N/A:H;CWE-119;5452;GeForce;All drivers versions prior to 474.30 for support of GeForce Kepler desktop;530.41.03, 525.105.17, 515.105.01, 470.182.03, 450.236.01, 525.105.17(vGPU 15.2), 530.41.03(March 2023 release), 531.41, 474.30, 528.89, 518.03, 454.14, 531.41(March 2023 release), 525.105.14(vGPU 15.2)
CVE-2023-0188;5.5;MEDIUM;CVSS:3.1/AV:L/AC:L/PR:L/UI:N/S:U/C:N/I:N/A:H;CWE-119;5452;NVIDIA Cloud Gaming (guest driver);All versions prior to 525.89.02(All versions prior to and including February 2023 release);530.41.03, 525.105.17, 515.105.01, 470.182.03, 450.236.01, 525.105.17(vGPU 15.2), 530.41.03(March 2023 release), 531.41, 474.30, 528.89, 518.03, 454.14, 531.41(March 2023 release), 525.105.14(vGPU 15.2)
CVE-2023-0188;5.5;MEDIUM;CVSS:3.1/AV:L/AC:L/PR:L/UI:N/S:U/C:N/I:N/A:H;CWE-119;5452;NVIDIA Cloud Gaming (guest driver);All versions prior to 528.49(All versions prior to and including February 2023 release);530.41.03, 525.105.17, 515.105.01, 470.182.03, 450.236.01, 525.105.17(vGPU 15.2), 530.41.03(March 2023 release), 531.41, 474.30, 528.89, 518.03, 454.14, 531.41(March 2023 release), 525.105.14(vGPU 15.2)
CVE-2023-0188;5.5;MEDIUM;CVSS:3.1/AV:L/AC:L/PR:L/UI:N/S:U/C:N/I:N/A:H;CWE-119;5452;NVIDIA Cloud Gaming (Virtual GPU Manager);All versions prior to 525.89.02(All versions prior to and including February 2023 release);530.41.03, 525.105.17, 515.105.01, 470.182.03, 450.236.01, 525.105.17(vGPU 15.2), 530.41.03(March 2023 release), 531.41, 474.30, 528.89, 518.03, 454.14, 531.41(March 2023 release), 525.105.14(vGPU 15.2)
CVE-2023-0188;5.5;MEDIUM;CVSS:3.1/AV:L/AC:L/PR:L/UI:N/S:U/C:N/I:N/A:H;CWE-119;5452;NVIDIA RTX, Quadro, NVS;All driver versions prior to 470.182.03;530.41.03, 525.105.17, 515.105.01, 470.182.03, 450.236.01, 525.105.17(vGPU 15.2), 530.41.03(March 2023 release), 531.41, 474.30, 528.89, 518.03, 454.14, 531.41(March 2023 release), 525.105.14(vGPU 15.2)
CVE-2023-0188;5.5;MEDIUM;CVSS:3.1/AV:L/AC:L/PR:L/UI:N/S:U/C:N/I:N/A:H;CWE-119;5452;NVIDIA RTX, Quadro, NVS;All driver versions prior to 474.30;530.41.03, 525.105.17, 515.105.01, 470.182.03, 450.236.01, 525.105.17(vGPU 15.2), 530.41.03(March 2023 release), 531.41, 474.30, 528.89, 518.03, 454.14, 531.41(March 2023 release), 525.105.14(vGPU 15.2)
CVE-2023-0188;5.5;MEDIUM;CVSS:3.1/AV:L/AC:L/PR:L/UI:N/S:U/C:N/I:N/A:H;CWE-119;5452;NVIDIA RTX, Quadro, NVS;All driver versions prior to 515.105.01;530.41.03, 525.105.17, 515.105.01, 470.182.03, 450.236.01, 525.105.17(vGPU 15.2), 530.41.03(March 2023 release), 531.41, 474.30, 528.89, 518.03, 454.14, 531.41(March 2023 release), 525.105.14(vGPU 15.2)
CVE-2023-0188;5.5;MEDIUM;CVSS:3.1/AV:L/AC:L/PR:L/UI:N/S:U/C:N/I:N/A:H;CWE-119;5452;NVIDIA RTX, Quadro, NVS;All driver versions prior to 518.03;530.41.03, 525.105.17, 515.105.01, 470.182.03, 450.236.01, 525.105.17(vGPU 15.2), 530.41.03(March 2023 release), 531.41, 474.30, 528.89, 518.03, 454.14, 531.41(March 2023 release), 525.105.14(vGPU 15.2)
CVE-2023-0188;5.5;MEDIUM;CVSS:3.1/AV:L/AC:L/PR:L/UI:N/S:U/C:N/I:N/A:H;CWE-119;5452;NVIDIA RTX, Quadro, NVS;All driver versions prior to 525.105.17;530.41.03, 525.105.17, 515.105.01, 470.182.03, 450.236.01, 525.105.17(vGPU 15.2), 530.41.03(March 2023 release), 531.41, 474.30, 528.89, 518.03, 454.14, 531.41(March 2023 release), 525.105.14(vGPU 15.2)
CVE-2023-0188;5.5;MEDIUM;CVSS:3.1/AV:L/AC:L/PR:L/UI:N/S:U/C:N/I:N/A:H;CWE-119;5452;NVIDIA RTX, Quadro, NVS;All driver versions prior to 528.89;530.41.03, 525.105.17, 515.105.01, 470.182.03, 450.236.01, 525.105.17(vGPU 15.2), 530.41.03(March 2023 release), 531.41, 474.30, 528.89, 518.03, 454.14, 531.41(March 2023 release), 525.105.14(vGPU 15.2)
CVE-2023-0188;5.5;MEDIUM;CVSS:3.1/AV:L/AC:L/PR:L/UI:N/S:U/C:N/I:N/A:H;CWE-119;5452;NVIDIA RTX, Quadro, NVS;All driver versions prior to 530.41.03;530.41.03, 525.105.17, 515.105.01, 470.182.03, 450.236.01, 525.105.17(vGPU 15.2), 530.41.03(March 2023 release), 531.41, 474.30, 528.89, 518.03, 454.14, 531.41(March 2023 release), 525.105.14(vGPU 15.2)
CVE-2023-0188;5.5;MEDIUM;CVSS:3.1/AV:L/AC:L/PR:L/UI:N/S:U/C:N/I:N/A:H;CWE-119;5452;NVIDIA RTX, Quadro, NVS;All driver versions prior to 531.41;530.41.03, 525.105.17, 515.105.01, 470.182.03, 450.236.01, 525.105.17(vGPU 15.2), 530.41.03(March 2023 release), 531.41, 474.30, 528.89, 518.03, 454.14, 531.41(March 2023 release), 525.105.14(vGPU 15.2)
CVE-2023-0188;5.5;MEDIUM;CVSS:3.1/AV:L/AC:L/PR:L/UI:N/S:U/C:N/I:N/A:H;CWE-119;5452;Studio;All driver versions prior to 528.89;530.41.03, 525.105.17, 515.105.01, 470.182.03, 450.236.01, 525.105.17(vGPU 15.2), 530.41.03(March 2023 release), 531.41, 474.30, 528.89, 518.03, 454.14, 531.41(March 2023 release), 525.105.14(vGPU 15.2)
CVE-2023-0188;5.5;MEDIUM;CVSS:3.1/AV:L/AC:L/PR:L/UI:N/S:U/C:N/I:N/A:H;CWE-119;5452;Studio;All driver versions prior to 531.41;530.41.03, 525.105.17, 515.105.01, 470.182.03, 450.236.01, 525.105.17(vGPU 15.2), 530.41.03(March 2023 release), 531.41, 474.30, 528.89, 518.03, 454.14, 531.41(March 2023 release), 525.105.14(vGPU 15.2)
CVE-2023-0188;5.5;MEDIUM;CVSS:3.1/AV:L/AC:L/PR:L/UI:N/S:U/C:N/I:N/A:H;CWE-119;5452;Tesla;All driver versions prior to 450.236.01;530.41.03, 525.105.17, 515.105.01, 470.182.03, 450.236.01, 525.105.17(vGPU 15.2), 530.41.03(March 2023 release), 531.41, 474.30, 528.89, 518.03, 454.14, 531.41(March 2023 release), 525.105.14(vGPU 15.2)
CVE-2023-0188;5.5;MEDIUM;CVSS:3.1/AV:L/AC:L/PR:L/UI:N/S:U/C:N/I:N/A:H;CWE-119;5452;Tesla;All driver versions prior to 454.14;530.41.03, 525.105.17, 515.105.01, 470.182.03, 450.236.01, 525.105.17(vGPU 15.2), 530.41.03(March 2023 release), 531.41, 474.30, 528.89, 518.03, 454.14, 531.41(March 2023 release), 525.105.14(vGPU 15.2)
CVE-2023-0188;5.5;MEDIUM;CVSS:3.1/AV:L/AC:L/PR:L/UI:N/S:U/C:N/I:N/A:H;CWE-119;5452;Tesla;All driver versions prior to 470.182.03;530.41.03, 525.105.17, 515.105.01, 470.182.03, 450.236.01, 525.105.17(vGPU 15.2), 530.41.03(March 2023 release), 531.41, 474.30, 528.89, 518.03, 454.14, 531.41(March 2023 release), 525.105.14(vGPU 15.2)
CVE-2023-0188;5.5;MEDIUM;CVSS:3.1/AV:L/AC:L/PR:L/UI:N/S:U/C:N/I:N/A:H;CWE-119;5452;Tesla;All driver versions prior to 474.30;530.41.03, 525.105.17, 515.105.01, 470.182.03, 450.236.01, 525.105.17(vGPU 15.2), 530.41.03(March 2023 release), 531.41, 474.30, 528.89, 518.03, 454.14, 531.41(March 2023 release), 525.105.14(vGPU 15.2)
CVE-2023-0188;5.5;MEDIUM;CVSS:3.1/AV:L/AC:L/PR:L/UI:N/S:U/C:N/I:N/A:H;CWE-119;5452;Tesla;All driver versions prior to 515.105.01;530.41.03, 525.105.17, 515.105.01, 470.182.03, 450.236.01, 525.105.17(vGPU 15.2), 530.41.03(March 2023 release), 531.41, 474.30, 528.89, 518.03, 454.14, 531.41(March 2023 release), 525.105.14(vGPU 15.2)
CVE-2023-0188;5.5;MEDIUM;CVSS:3.1/AV:L/AC:L/PR:L/UI:N/S:U/C:N/I:N/A:H;CWE-119;5452;Tesla;All driver versions prior to 518.03;530.41.03, 525.105.17, 515.105.01, 470.182.03, 450.236.01, 525.105.17(vGPU 15.2), 530.41.03(March 2023 release), 531.41, 474.30, 528.89, 518.03, 454.14, 531.41(March 2023 release), 525.105.14(vGPU 15.2)
CVE-2023-0188;5.5;MEDIUM;CVSS:3.1/AV:L/AC:L/PR:L/UI:N/S:U/C:N/I:N/A:H;CWE-119;5452;Tesla;All driver versions prior to 525.105.17;530.41.03, 525.105.17, 515.105.01, 470.182.03, 450.236.01, 525.105.17(vGPU 15.2), 530.41.03(March 2023 release), 531.41, 474.30, 528.89, 518.03, 454.14, 531.41(March 2023 release), 525.105.14(vGPU 15.2)
CVE-2023-0188;5.5;MEDIUM;CVSS:3.1/AV:L/AC:L/PR:L/UI:N/S:U/C:N/I:N/A:H;CWE-119;5452;Tesla;All driver versions prior to 528.89;530.41.03, 525.105.17, 515.105.01, 470.182.03, 450.236.01, 525.105.17(vGPU 15.2), 530.41.03(March 2023 release), 531.41, 474.30, 528.89, 518.03, 454.14, 531.41(March 2023 release), 525.105.14(vGPU 15.2)
CVE-2023-0188;5.5;MEDIUM;CVSS:3.1/AV:L/AC:L/PR:L/UI:N/S:U/C:N/I:N/A:H;CWE-119;5452;vGPU software (guest driver);525.85.05(All versions prior to and including vGPU 15.1);530.41.03, 525.105.17, 515.105.01, 470.182.03, 450.236.01, 525.105.17(vGPU 15.2), 530.41.03(March 2023 release), 531.41, 474.30, 528.89, 518.03, 454.14, 531.41(March 2023 release), 525.105.14(vGPU 15.2)
CVE-2023-0188;5.5;MEDIUM;CVSS:3.1/AV:L/AC:L/PR:L/UI:N/S:U/C:N/I:N/A:H;CWE-119;5452;vGPU software (Virtual GPU Manager);525.85.07(All versions prior to and including vGPU 15.1);530.41.03, 525.105.17, 515.105.01, 470.182.03, 450.236.01, 525.105.17(vGPU 15.2), 530.41.03(March 2023 release), 531.41, 474.30, 528.89, 518.03, 454.14, 531.41(March 2023 release), 525.105.14(vGPU 15.2)
CVE-2023-0189;8.8;HIGH;CVSS:3.1/AV:L/AC:L/PR:L/UI:N/S:C/C:H/I:H/A:H;CWE-822;5452;GeForce;All driver versions prior to 470.182.03;530.41.03, 525.105.17, 515.105.01, 470.182.03, 450.236.01, 525.105.17(vGPU 15.2), 470.182.03(vGPU 13.7), 450.236.01(vGPU 11.12), 530.41.03(March 2023 release)
CVE-2023-0189;8.8;HIGH;CVSS:3.1/AV:L/AC:L/PR:L/UI:N/S:C/C:H/I:H/A:H;CWE-822;5452;GeForce;All driver versions prior to 515.105.01;530.41.03, 525.105.17, 515.105.01, 470.182.03, 450.236.01, 525.105.17(vGPU 15.2), 470.182.03(vGPU 13.7), 450.236.01(vGPU 11.12), 530.41.03(March 2023 release)
CVE-2023-0189;8.8;HIGH;CVSS:3.1/AV:L/AC:L/PR:L/UI:N/S:C/C:H/I:H/A:H;CWE-822;5452;GeForce;All driver versions prior to 525.105.17;530.41.03, 525.105.17, 515.105.01, 470.182.03, 450.236.01, 525.105.17(vGPU 15.2), 470.182.03(vGPU 13.7), 450.236.01(vGPU 11.12), 530.41.03(March 2023 release)
CVE-2023-0189;8.8;HIGH;CVSS:3.1/AV:L/AC:L/PR:L/UI:N/S:C/C:H/I:H/A:H;CWE-822;5452;GeForce;All driver versions prior to 530.41.03;530.41.03, 525.105.17, 515.105.01, 470.182.03, 450.236.01, 525.105.17(vGPU 15.2), 470.182.03(vGPU 13.7), 450.236.01(vGPU 11.12), 530.41.03(March 2023 release)
CVE-2023-0189;8.8;HIGH;CVSS:3.1/AV:L/AC:L/PR:L/UI:N/S:C/C:H/I:H/A:H;CWE-822;5452;NVIDIA Cloud Gaming (guest driver);All versions prior to 525.89.02(All versions prior to and including February 2023 release);530.41.03, 525.105.17, 515.105.01, 470.182.03, 450.236.01, 525.105.17(vGPU 15.2), 470.182.03(vGPU 13.7), 450.236.01(vGPU 11.12), 530.41.03(March 2023 release)
CVE-2023-0189;8.8;HIGH;CVSS:3.1/AV:L/AC:L/PR:L/UI:N/S:C/C:H/I:H/A:H;CWE-822;5452;NVIDIA RTX, Quadro, NVS;All driver versions prior to 470.182.03;530.41.03, 525.105.17, 515.105.01, 470.182.03, 450.236.01, 525.105.17(vGPU 15.2), 470.182.03(vGPU 13.7), 450.236.01(vGPU 11.12), 530.41.03(March 2023 release)
CVE-2023-0189;8.8;HIGH;CVSS:3.1/AV:L/AC:L/PR:L/UI:N/S:C/C:H/I:H/A:H;CWE-822;5452;NVIDIA RTX, Quadro, NVS;All driver versions prior to 515.105.01;530.41.03, 525.105.17, 515.105.01, 470.182.03, 450.236.01, 525.105.17(vGPU 15.2), 470.182.03(vGPU 13.7), 450.236.01(vGPU 11.12), 530.41.03(March 2023 release)
CVE-2023-0189;8.8;HIGH;CVSS:3.1/AV:L/AC:L/PR:L/UI:N/S:C/C:H/I:H/A:H;CWE-822;5452;NVIDIA RTX, Quadro, NVS;All driver versions prior to 525.105.17;530.41.03, 525.105.17, 515.105.01, 470.182.03, 450.236.01, 525.105.17(vGPU 15.2), 470.182.03(vGPU 13.7), 450.236.01(vGPU 11.12), 530.41.03(March 2023 release)
CVE-2023-0189;8.8;HIGH;CVSS:3.1/AV:L/AC:L/PR:L/UI:N/S:C/C:H/I:H/A:H;CWE-822;5452;NVIDIA RTX, Quadro, NVS;All driver versions prior to 530.41.03;530.41.03, 525.105.17, 515.105.01, 470.182.03, 450.236.01, 525.105.17(vGPU 15.2), 470.182.03(vGPU 13.7), 450.236.01(vGPU 11.12), 530.41.03(March 2023 release)
CVE-2023-0189;8.8;HIGH;CVSS:3.1/AV:L/AC:L/PR:L/UI:N/S:C/C:H/I:H/A:H;CWE-822;5452;Tesla;All driver versions prior to 450.236.01;530.41.03, 525.105.17, 515.105.01, 470.182.03, 450.236.01, 525.105.17(vGPU 15.2), 470.182.03(vGPU 13.7), 450.236.01(vGPU 11.12), 530.41.03(March 2023 release)
CVE-2023-0189;8.8;HIGH;CVSS:3.1/AV:L/AC:L/PR:L/UI:N/S:C/C:H/I:H/A:H;CWE-822;5452;Tesla;All driver versions prior to 470.182.03;530.41.03, 525.105.17, 515.105.01, 470.182.03, 450.236.01, 525.105.17(vGPU 15.2), 470.182.03(vGPU 13.7), 450.236.01(vGPU 11.12), 530.41.03(March 2023 release)
CVE-2023-0189;8.8;HIGH;CVSS:3.1/AV:L/AC:L/PR:L/UI:N/S:C/C:H/I:H/A:H;CWE-822;5452;Tesla;All driver versions prior to 515.105.01;530.41.03, 525.105.17, 515.105.01, 470.182.03, 450.236.01, 525.105.17(vGPU 15.2), 470.182.03(vGPU 13.7), 450.236.01(vGPU 11.12), 530.41.03(March 2023 release)
CVE-2023-0189;8.8;HIGH;CVSS:3.1/AV:L/AC:L/PR:L/UI:N/S:C/C:H/I:H/A:H;CWE-822;5452;Tesla;All driver versions prior to 525.105.17;530.41.03, 525.105.17, 515.105.01, 470.182.03, 450.236.01, 525.105.17(vGPU 15.2), 470.182.03(vGPU 13.7), 450.236.01(vGPU 11.12), 530.41.03(March 2023 release)
CVE-2023-0189;8.8;HIGH;CVSS:3.1/AV:L/AC:L/PR:L/UI:N/S:C/C:H/I:H/A:H;CWE-822;5452;vGPU software (guest driver);450.216.04(All versions prior to and including vGPU 11.11);530.41.03, 525.105.17, 515.105.01, 470.182.03, 450.236.01, 525.105.17(vGPU 15.2), 470.182.03(vGPU 13.7), 450.236.01(vGPU 11.12), 530.41.03(March 2023 release)
CVE-2023-0189;8.8;HIGH;CVSS:3.1/AV:L/AC:L/PR:L/UI:N/S:C/C:H/I:H/A:H;CWE-822;5452;vGPU software (guest driver);470.161.03(All versions prior to and including vGPU 13.6);530.41.03, 525.105.17, 515.105.01, 470.182.03, 450.236.01, 525.105.17(vGPU 15.2), 470.182.03(vGPU 13.7), 450.236.01(vGPU 11.12), 530.41.03(March 2023 release)
CVE-2023-0189;8.8;HIGH;CVSS:3.1/AV:L/AC:L/PR:L/UI:N/S:C/C:H/I:H/A:H;CWE-822;5452;vGPU software (guest driver);525.85.05(All versions prior to and including vGPU 15.1);530.41.03, 525.105.17, 515.105.01, 470.182.03, 450.236.01, 525.105.17(vGPU 15.2), 470.182.03(vGPU 13.7), 450.236.01(vGPU 11.12), 530.41.03(March 2023 release)
CVE-2023-0190;5.5;MEDIUM;CVSS:3.1/AV:L/AC:L/PR:L/UI:N/S:U/C:N/I:N/A:H;CWE-476;5452;GeForce;All driver versions prior to 470.182.03;530.41.03, 525.105.17, 515.105.01, 470.182.03, 450.236.01
CVE-2023-0190;5.5;MEDIUM;CVSS:3.1/AV:L/AC:L/PR:L/UI:N/S:U/C:N/I:N/A:H;CWE-476;5452;GeForce;All driver versions prior to 515.105.01;530.41.03, 525.105.17, 515.105.01, 470.182.03, 450.236.01
CVE-2023-0190;5.5;MEDIUM;CVSS:3.1/AV:L/AC:L/PR:L/UI:N/S:U/C:N/I:N/A:H;CWE-476;5452;GeForce;All driver versions prior to 525.105.17;530.41.03, 525.105.17, 515.105.01, 470.182.03, 450.236.01
CVE-2023-0190;5.5;MEDIUM;CVSS:3.1/AV:L/AC:L/PR:L/UI:N/S:U/C:N/I:N/A:H;CWE-476;5452;GeForce;All driver versions prior to 530.41.03;530.41.03, 525.105.17, 515.105.01, 470.182.03, 450.236.01
CVE-2023-0190;5.5;MEDIUM;CVSS:3.1/AV:L/AC:L/PR:L/UI:N/S:U/C:N/I:N/A:H;CWE-476;5452;NVIDIA RTX, Quadro, NVS;All driver versions prior to 470.182.03;530.41.03, 525.105.17, 515.105.01, 470.182.03, 450.236.01
CVE-2023-0190;5.5;MEDIUM;CVSS:3.1/AV:L/AC:L/PR:L/UI:N/S:U/C:N/I:N/A:H;CWE-476;5452;NVIDIA RTX, Quadro, NVS;All driver versions prior to 515.105.01;530.41.03, 525.105.17, 515.105.01, 470.182.03, 450.236.01
CVE-2023-0190;5.5;MEDIUM;CVSS:3.1/AV:L/AC:L/PR:L/UI:N/S:U/C:N/I:N/A:H;CWE-476;5452;NVIDIA RTX, Quadro, NVS;All driver versions prior to 525.105.17;530.41.03, 525.105.17, 515.105.01, 470.182.03, 450.236.01
CVE-2023-0190;5.5;MEDIUM;CVSS:3.1/AV:L/AC:L/PR:L/UI:N/S:U/C:N/I:N/A:H;CWE-476;5452;NVIDIA RTX, Quadro, NVS;All driver versions prior to 530.41.03;530.41.03, 525.105.17, 515.105.01, 470.182.03, 450.236.01
CVE-2023-0190;5.5;MEDIUM;CVSS:3.1/AV:L/AC:L/PR:L/UI:N/S:U/C:N/I:N/A:H;CWE-476;5452;Tesla;All driver versions prior to 450.236.01;530.41.03, 525.105.17, 515.105.01, 470.182.03, 450.236.01
CVE-2023-0190;5.5;MEDIUM;CVSS:3.1/AV:L/AC:L/PR:L/UI:N/S:U/C:N/I:N/A:H;CWE-476;5452;Tesla;All driver versions prior to 470.182.03;530.41.03, 525.105.17, 515.105.01, 470.182.03, 450.236.01
CVE-2023-0190;5.5;MEDIUM;CVSS:3.1/AV:L/AC:L/PR:L/UI:N/S:U/C:N/I:N/A:H;CWE-476;5452;Tesla;All driver versions prior to 515.105.01;530.41.03, 525.105.17, 515.105.01, 470.182.03, 450.236.01
CVE-2023-0190;5.5;MEDIUM;CVSS:3.1/AV:L/AC:L/PR:L/UI:N/S:U/C:N/I:N/A:H;CWE-476;5452;Tesla;All driver versions prior to 525.105.17;530.41.03, 525.105.17, 515.105.01, 470.182.03, 450.236.01
CVE-2023-0191;7.1;HIGH;CVSS:3.1/AV:L/AC:L/PR:L/UI:N/S:U/C:N/I:H/A:H;CWE-119;5452;GeForce;All driver versions prior to 470.182.03;530.41.03, 525.105.17, 515.105.01, 470.182.03, 450.236.01, 525.105.17(vGPU 15.2), 470.182.03(vGPU 13.7), 450.236.01(vGPU 11.12), 530.41.03(March 2023 release), 531.41, 474.30, 528.89, 518.03, 454.14, 531.41(March 2023 release), 525.105.14(vGPU 15.2), 470.182.02(vGPU 13.7), 450.236.03(vGPU 11.12)
CVE-2023-0191;7.1;HIGH;CVSS:3.1/AV:L/AC:L/PR:L/UI:N/S:U/C:N/I:H/A:H;CWE-119;5452;GeForce;All driver versions prior to 474.30;530.41.03, 525.105.17, 515.105.01, 470.182.03, 450.236.01, 525.105.17(vGPU 15.2), 470.182.03(vGPU 13.7), 450.236.01(vGPU 11.12), 530.41.03(March 2023 release), 531.41, 474.30, 528.89, 518.03, 454.14, 531.41(March 2023 release), 525.105.14(vGPU 15.2), 470.182.02(vGPU 13.7), 450.236.03(vGPU 11.12)
CVE-2023-0191;7.1;HIGH;CVSS:3.1/AV:L/AC:L/PR:L/UI:N/S:U/C:N/I:H/A:H;CWE-119;5452;GeForce;All driver versions prior to 515.105.01;530.41.03, 525.105.17, 515.105.01, 470.182.03, 450.236.01, 525.105.17(vGPU 15.2), 470.182.03(vGPU 13.7), 450.236.01(vGPU 11.12), 530.41.03(March 2023 release), 531.41, 474.30, 528.89, 518.03, 454.14, 531.41(March 2023 release), 525.105.14(vGPU 15.2), 470.182.02(vGPU 13.7), 450.236.03(vGPU 11.12)
CVE-2023-0191;7.1;HIGH;CVSS:3.1/AV:L/AC:L/PR:L/UI:N/S:U/C:N/I:H/A:H;CWE-119;5452;GeForce;All driver versions prior to 525.105.17;530.41.03, 525.105.17, 515.105.01, 470.182.03, 450.236.01, 525.105.17(vGPU 15.2), 470.182.03(vGPU 13.7), 450.236.01(vGPU 11.12), 530.41.03(March 2023 release), 531.41, 474.30, 528.89, 518.03, 454.14, 531.41(March 2023 release), 525.105.14(vGPU 15.2), 470.182.02(vGPU 13.7), 450.236.03(vGPU 11.12)
CVE-2023-0191;7.1;HIGH;CVSS:3.1/AV:L/AC:L/PR:L/UI:N/S:U/C:N/I:H/A:H;CWE-119;5452;GeForce;All driver versions prior to 530.41.03;530.41.03, 525.105.17, 515.105.01, 470.182.03, 450.236.01, 525.105.17(vGPU 15.2), 470.182.03(vGPU 13.7), 450.236.01(vGPU 11.12), 530.41.03(March 2023 release), 531.41, 474.30, 528.89, 518.03, 454.14, 531.41(March 2023 release), 525.105.14(vGPU 15.2), 470.182.02(vGPU 13.7), 450.236.03(vGPU 11.12)
CVE-2023-0191;7.1;HIGH;CVSS:3.1/AV:L/AC:L/PR:L/UI:N/S:U/C:N/I:H/A:H;CWE-119;5452;GeForce;All driver versions prior to 531.41;530.41.03, 525.105.17, 515.105.01, 470.182.03, 450.236.01, 525.105.17(vGPU 15.2), 470.182.03(vGPU 13.7), 450.236.01(vGPU 11.12), 530.41.03(March 2023 release), 531.41, 474.30, 528.89, 518.03, 454.14, 531.41(March 2023 release), 525.105.14(vGPU 15.2), 470.182.02(vGPU 13.7), 450.236.03(vGPU 11.12)
CVE-2023-0191;7.1;HIGH;CVSS:3.1/AV:L/AC:L/PR:L/UI:N/S:U/C:N/I:H/A:H;CWE-119;5452;GeForce;All drivers versions prior to 474.30 for support of GeForce Kepler desktop;530.41.03, 525.105.17, 515.105.01, 470.182.03, 450.236.01, 525.105.17(vGPU 15.2), 470.182.03(vGPU 13.7), 450.236.01(vGPU 11.12), 530.41.03(March 2023 release), 531.41, 474.30, 528.89, 518.03, 454.14, 531.41(March 2023 release), 525.105.14(vGPU 15.2), 470.182.02(vGPU 13.7), 450.236.03(vGPU 11.12)
CVE-2023-0191;7.1;HIGH;CVSS:3.1/AV:L/AC:L/PR:L/UI:N/S:U/C:N/I:H/A:H;CWE-119;5452;NVIDIA Cloud Gaming (guest driver);All versions prior to 525.89.02(All versions prior to and including February 2023 release);530.41.03, 525.105.17, 515.105.01, 470.182.03, 450.236.01, 525.105.17(vGPU 15.2), 470.182.03(vGPU 13.7), 450.236.01(vGPU 11.12), 530.41.03(March 2023 release), 531.41, 474.30, 528.89, 518.03, 454.14, 531.41(March 2023 release), 525.105.14(vGPU 15.2), 470.182.02(vGPU 13.7), 450.236.03(vGPU 11.12)
CVE-2023-0191;7.1;HIGH;CVSS:3.1/AV:L/AC:L/PR:L/UI:N/S:U/C:N/I:H/A:H;CWE-119;5452;NVIDIA Cloud Gaming (guest driver);All versions prior to 528.49(All versions prior to and including February 2023 release);530.41.03, 525.105.17, 515.105.01, 470.182.03, 450.236.01, 525.105.17(vGPU 15.2), 470.182.03(vGPU 13.7), 450.236.01(vGPU 11.12), 530.41.03(March 2023 release), 531.41, 474.30, 528.89, 518.03, 454.14, 531.41(March 2023 release), 525.105.14(vGPU 15.2), 470.182.02(vGPU 13.7), 450.236.03(vGPU 11.12)
CVE-2023-0191;7.1;HIGH;CVSS:3.1/AV:L/AC:L/PR:L/UI:N/S:U/C:N/I:H/A:H;CWE-119;5452;NVIDIA Cloud Gaming (Virtual GPU Manager);All versions prior to 525.89.02(All versions prior to and including February 2023 release);530.41.03, 525.105.17, 515.105.01, 470.182.03, 450.236.01, 525.105.17(vGPU 15.2), 470.182.03(vGPU 13.7), 450.236.01(vGPU 11.12), 530.41.03(March 2023 release), 531.41, 474.30, 528.89, 518.03, 454.14, 531.41(March 2023 release), 525.105.14(vGPU 15.2), 470.182.02(vGPU 13.7), 450.236.03(vGPU 11.12)
CVE-2023-0191;7.1;HIGH;CVSS:3.1/AV:L/AC:L/PR:L/UI:N/S:U/C:N/I:H/A:H;CWE-119;5452;NVIDIA RTX, Quadro, NVS;All driver versions prior to 470.182.03;530.41.03, 525.105.17, 515.105.01, 470.182.03, 450.236.01, 525.105.17(vGPU 15.2), 470.182.03(vGPU 13.7), 450.236.01(vGPU 11.12), 530.41.03(March 2023 release), 531.41, 474.30, 528.89, 518.03, 454.14, 531.41(March 2023 release), 525.105.14(vGPU 15.2), 470.182.02(vGPU 13.7), 450.236.03(vGPU 11.12)
CVE-2023-0191;7.1;HIGH;CVSS:3.1/AV:L/AC:L/PR:L/UI:N/S:U/C:N/I:H/A:H;CWE-119;5452;NVIDIA RTX, Quadro, NVS;All driver versions prior to 474.30;530.41.03, 525.105.17, 515.105.01, 470.182.03, 450.236.01, 525.105.17(vGPU 15.2), 470.182.03(vGPU 13.7), 450.236.01(vGPU 11.12), 530.41.03(March 2023 release), 531.41, 474.30, 528.89, 518.03, 454.14, 531.41(March 2023 release), 525.105.14(vGPU 15.2), 470.182.02(vGPU 13.7), 450.236.03(vGPU 11.12)
CVE-2023-0191;7.1;HIGH;CVSS:3.1/AV:L/AC:L/PR:L/UI:N/S:U/C:N/I:H/A:H;CWE-119;5452;NVIDIA RTX, Quadro, NVS;All driver versions prior to 515.105.01;530.41.03, 525.105.17, 515.105.01, 470.182.03, 450.236.01, 525.105.17(vGPU 15.2), 470.182.03(vGPU 13.7), 450.236.01(vGPU 11.12), 530.41.03(March 2023 release), 531.41, 474.30, 528.89, 518.03, 454.14, 531.41(March 2023 release), 525.105.14(vGPU 15.2), 470.182.02(vGPU 13.7), 450.236.03(vGPU 11.12)
CVE-2023-0191;7.1;HIGH;CVSS:3.1/AV:L/AC:L/PR:L/UI:N/S:U/C:N/I:H/A:H;CWE-119;5452;NVIDIA RTX, Quadro, NVS;All driver versions prior to 518.03;530.41.03, 525.105.17, 515.105.01, 470.182.03, 450.236.01, 525.105.17(vGPU 15.2), 470.182.03(vGPU 13.7), 450.236.01(vGPU 11.12), 530.41.03(March 2023 release), 531.41, 474.30, 528.89, 518.03, 454.14, 531.41(March 2023 release), 525.105.14(vGPU 15.2), 470.182.02(vGPU 13.7), 450.236.03(vGPU 11.12)
CVE-2023-0191;7.1;HIGH;CVSS:3.1/AV:L/AC:L/PR:L/UI:N/S:U/C:N/I:H/A:H;CWE-119;5452;NVIDIA RTX, Quadro, NVS;All driver versions prior to 525.105.17;530.41.03, 525.105.17, 515.105.01, 470.182.03, 450.236.01, 525.105.17(vGPU 15.2), 470.182.03(vGPU 13.7), 450.236.01(vGPU 11.12), 530.41.03(March 2023 release), 531.41, 474.30, 528.89, 518.03, 454.14, 531.41(March 2023 release), 525.105.14(vGPU 15.2), 470.182.02(vGPU 13.7), 450.236.03(vGPU 11.12)
CVE-2023-0191;7.1;HIGH;CVSS:3.1/AV:L/AC:L/PR:L/UI:N/S:U/C:N/I:H/A:H;CWE-119;5452;NVIDIA RTX, Quadro, NVS;All driver versions prior to 528.89;530.41.03, 525.105.17, 515.105.01, 470.182.03, 450.236.01, 525.105.17(vGPU 15.2), 470.182.03(vGPU 13.7), 450.236.01(vGPU 11.12), 530.41.03(March 2023 release), 531.41, 474.30, 528.89, 518.03, 454.14, 531.41(March 2023 release), 525.105.14(vGPU 15.2), 470.182.02(vGPU 13.7), 450.236.03(vGPU 11.12)
CVE-2023-0191;7.1;HIGH;CVSS:3.1/AV:L/AC:L/PR:L/UI:N/S:U/C:N/I:H/A:H;CWE-119;5452;NVIDIA RTX, Quadro, NVS;All driver versions prior to 530.41.03;530.41.03, 525.105.17, 515.105.01, 470.182.03, 450.236.01, 525.105.17(vGPU 15.2), 470.182.03(vGPU 13.7), 450.236.01(vGPU 11.12), 530.41.03(March 2023 release), 531.41, 474.30, 528.89, 518.03, 454.14, 531.41(March 2023 release), 525.105.14(vGPU 15.2), 470.182.02(vGPU 13.7), 450.236.03(vGPU 11.12)
CVE-2023-0191;7.1;HIGH;CVSS:3.1/AV:L/AC:L/PR:L/UI:N/S:U/C:N/I:H/A:H;CWE-119;5452;NVIDIA RTX, Quadro, NVS;All driver versions prior to 531.41;530.41.03, 525.105.17, 515.105.01, 470.182.03, 450.236.01, 525.105.17(vGPU 15.2), 470.182.03(vGPU 13.7), 450.236.01(vGPU 11.12), 530.41.03(March 2023 release), 531.41, 474.30, 528.89, 518.03, 454.14, 531.41(March 2023 release), 525.105.14(vGPU 15.2), 470.182.02(vGPU 13.7), 450.236.03(vGPU 11.12)
CVE-2023-0191;7.1;HIGH;CVSS:3.1/AV:L/AC:L/PR:L/UI:N/S:U/C:N/I:H/A:H;CWE-119;5452;Studio;All driver versions prior to 528.89;530.41.03, 525.105.17, 515.105.01, 470.182.03, 450.236.01, 525.105.17(vGPU 15.2), 470.182.03(vGPU 13.7), 450.236.01(vGPU 11.12), 530.41.03(March 2023 release), 531.41, 474.30, 528.89, 518.03, 454.14, 531.41(March 2023 release), 525.105.14(vGPU 15.2), 470.182.02(vGPU 13.7), 450.236.03(vGPU 11.12)
CVE-2023-0191;7.1;HIGH;CVSS:3.1/AV:L/AC:L/PR:L/UI:N/S:U/C:N/I:H/A:H;CWE-119;5452;Studio;All driver versions prior to 531.41;530.41.03, 525.105.17, 515.105.01, 470.182.03, 450.236.01, 525.105.17(vGPU 15.2), 470.182.03(vGPU 13.7), 450.236.01(vGPU 11.12), 530.41.03(March 2023 release), 531.41, 474.30, 528.89, 518.03, 454.14, 531.41(March 2023 release), 525.105.14(vGPU 15.2), 470.182.02(vGPU 13.7), 450.236.03(vGPU 11.12)
CVE-2023-0191;7.1;HIGH;CVSS:3.1/AV:L/AC:L/PR:L/UI:N/S:U/C:N/I:H/A:H;CWE-119;5452;Tesla;All driver versions prior to 450.236.01;530.41.03, 525.105.17, 515.105.01, 470.182.03, 450.236.01, 525.105.17(vGPU 15.2), 470.182.03(vGPU 13.7), 450.236.01(vGPU 11.12), 530.41.03(March 2023 release), 531.41, 474.30, 528.89, 518.03, 454.14, 531.41(March 2023 release), 525.105.14(vGPU 15.2), 470.182.02(vGPU 13.7), 450.236.03(vGPU 11.12)
CVE-2023-0191;7.1;HIGH;CVSS:3.1/AV:L/AC:L/PR:L/UI:N/S:U/C:N/I:H/A:H;CWE-119;5452;Tesla;All driver versions prior to 454.14;530.41.03, 525.105.17, 515.105.01, 470.182.03, 450.236.01, 525.105.17(vGPU 15.2), 470.182.03(vGPU 13.7), 450.236.01(vGPU 11.12), 530.41.03(March 2023 release), 531.41, 474.30, 528.89, 518.03, 454.14, 531.41(March 2023 release), 525.105.14(vGPU 15.2), 470.182.02(vGPU 13.7), 450.236.03(vGPU 11.12)
CVE-2023-0191;7.1;HIGH;CVSS:3.1/AV:L/AC:L/PR:L/UI:N/S:U/C:N/I:H/A:H;CWE-119;5452;Tesla;All driver versions prior to 470.182.03;530.41.03, 525.105.17, 515.105.01, 470.182.03, 450.236.01, 525.105.17(vGPU 15.2), 470.182.03(vGPU 13.7), 450.236.01(vGPU 11.12), 530.41.03(March 2023 release), 531.41, 474.30, 528.89, 518.03, 454.14, 531.41(March 2023 release), 525.105.14(vGPU 15.2), 470.182.02(vGPU 13.7), 450.236.03(vGPU 11.12)
CVE-2023-0191;7.1;HIGH;CVSS:3.1/AV:L/AC:L/PR:L/UI:N/S:U/C:N/I:H/A:H;CWE-119;5452;Tesla;All driver versions prior to 474.30;530.41.03, 525.105.17, 515.105.01, 470.182.03, 450.236.01, 525.105.17(vGPU 15.2), 470.182.03(vGPU 13.7), 450.236.01(vGPU 11.12), 530.41.03(March 2023 release), 531.41, 474.30, 528.89, 518.03, 454.14, 531.41(March 2023 release), 525.105.14(vGPU 15.2), 470.182.02(vGPU 13.7), 450.236.03(vGPU 11.12)
CVE-2023-0191;7.1;HIGH;CVSS:3.1/AV:L/AC:L/PR:L/UI:N/S:U/C:N/I:H/A:H;CWE-119;5452;Tesla;All driver versions prior to 515.105.01;530.41.03, 525.105.17, 515.105.01, 470.182.03, 450.236.01, 525.105.17(vGPU 15.2), 470.182.03(vGPU 13.7), 450.236.01(vGPU 11.12), 530.41.03(March 2023 release), 531.41, 474.30, 528.89, 518.03, 454.14, 531.41(March 2023 release), 525.105.14(vGPU 15.2), 470.182.02(vGPU 13.7), 450.236.03(vGPU 11.12)
CVE-2023-0191;7.1;HIGH;CVSS:3.1/AV:L/AC:L/PR:L/UI:N/S:U/C:N/I:H/A:H;CWE-119;5452;Tesla;All driver versions prior to 518.03;530.41.03, 525.105.17, 515.105.01, 470.182.03, 450.236.01, 525.105.17(vGPU 15.2), 470.182.03(vGPU 13.7), 450.236.01(vGPU 11.12), 530.41.03(March 2023 release), 531.41, 474.30, 528.89, 518.03, 454.14, 531.41(March 2023 release), 525.105.14(vGPU 15.2), 470.182.02(vGPU 13.7), 450.236.03(vGPU 11.12)
CVE-2023-0191;7.1;HIGH;CVSS:3.1/AV:L/AC:L/PR:L/UI:N/S:U/C:N/I:H/A:H;CWE-119;5452;Tesla;All driver versions prior to 525.105.17;530.41.03, 525.105.17, 515.105.01, 470.182.03, 450.236.01, 525.105.17(vGPU 15.2), 470.182.03(vGPU 13.7), 450.236.01(vGPU 11.12), 530.41.03(March 2023 release), 531.41, 474.30, 528.89, 518.03, 454.14, 531.41(March 2023 release), 525.105.14(vGPU 15.2), 470.182.02(vGPU 13.7), 450.236.03(vGPU 11.12)
CVE-2023-0191;7.1;HIGH;CVSS:3.1/AV:L/AC:L/PR:L/UI:N/S:U/C:N/I:H/A:H;CWE-119;5452;Tesla;All driver versions prior to 528.89;530.41.03, 525.105.17, 515.105.01, 470.182.03, 450.236.01, 525.105.17(vGPU 15.2), 470.182.03(vGPU 13.7), 450.236.01(vGPU 11.12), 530.41.03(March 2023 release), 531.41, 474.30, 528.89, 518.03, 454.14, 531.41(March 2023 release), 525.105.14(vGPU 15.2), 470.182.02(vGPU 13.7), 450.236.03(vGPU 11.12)
CVE-2023-0191;7.1;HIGH;CVSS:3.1/AV:L/AC:L/PR:L/UI:N/S:U/C:N/I:H/A:H;CWE-119;5452;vGPU software (guest driver);450.216.04(All versions prior to and including vGPU 11.11);530.41.03, 525.105.17, 515.105.01, 470.182.03, 450.236.01, 525.105.17(vGPU 15.2), 470.182.03(vGPU 13.7), 450.236.01(vGPU 11.12), 530.41.03(March 2023 release), 531.41, 474.30, 528.89, 518.03, 454.14, 531.41(March 2023 release), 525.105.14(vGPU 15.2), 470.182.02(vGPU 13.7), 450.236.03(vGPU 11.12)
CVE-2023-0191;7.1;HIGH;CVSS:3.1/AV:L/AC:L/PR:L/UI:N/S:U/C:N/I:H/A:H;CWE-119;5452;vGPU software (guest driver);470.161.03(All versions prior to and including vGPU 13.6);530.41.03, 525.105.17, 515.105.01, 470.182.03, 450.236.01, 525.105.17(vGPU 15.2), 470.182.03(vGPU 13.7), 450.236.01(vGPU 11.12), 530.41.03(March 2023 release), 531.41, 474.30, 528.89, 518.03, 454.14, 531.41(March 2023 release), 525.105.14(vGPU 15.2), 470.182.02(vGPU 13.7), 450.236.03(vGPU 11.12)
CVE-2023-0191;7.1;HIGH;CVSS:3.1/AV:L/AC:L/PR:L/UI:N/S:U/C:N/I:H/A:H;CWE-119;5452;vGPU software (guest driver);525.85.05(All versions prior to and including vGPU 15.1);530.41.03, 525.105.17, 515.105.01, 470.182.03, 450.236.01, 525.105.17(vGPU 15.2), 470.182.03(vGPU 13.7), 450.236.01(vGPU 11.12), 530.41.03(March 2023 release), 531.41, 474.30, 528.89, 518.03, 454.14, 531.41(March 2023 release), 525.105.14(vGPU 15.2), 470.182.02(vGPU 13.7), 450.236.03(vGPU 11.12)
CVE-2023-0191;7.1;HIGH;CVSS:3.1/AV:L/AC:L/PR:L/UI:N/S:U/C:N/I:H/A:H;CWE-119;5452;vGPU software (Virtual GPU Manager);450.216.04(All versions prior to and including vGPU 11.11);530.41.03, 525.105.17, 515.105.01, 470.182.03, 450.236.01, 525.105.17(vGPU 15.2), 470.182.03(vGPU 13.7), 450.236.01(vGPU 11.12), 530.41.03(March 2023 release), 531.41, 474.30, 528.89, 518.03, 454.14, 531.41(March 2023 release), 525.105.14(vGPU 15.2), 470.182.02(vGPU 13.7), 450.236.03(vGPU 11.12)
CVE-2023-0191;7.1;HIGH;CVSS:3.1/AV:L/AC:L/PR:L/UI:N/S:U/C:N/I:H/A:H;CWE-119;5452;vGPU software (Virtual GPU Manager);470.161.02(All versions prior to and including vGPU 13.6);530.41.03, 525.105.17, 515.105.01, 470.182.03, 450.236.01, 525.105.17(vGPU 15.2), 470.182.03(vGPU 13.7), 450.236.01(vGPU 11.12), 530.41.03(March 2023 release), 531.41, 474.30, 528.89, 518.03, 454.14, 531.41(March 2023 release), 525.105.14(vGPU 15.2), 470.182.02(vGPU 13.7), 450.236.03(vGPU 11.12)
CVE-2023-0191;7.1;HIGH;CVSS:3.1/AV:L/AC:L/PR:L/UI:N/S:U/C:N/I:H/A:H;CWE-119;5452;vGPU software (Virtual GPU Manager);525.85.07(All versions prior to and including vGPU 15.1);530.41.03, 525.105.17, 515.105.01, 470.182.03, 450.236.01, 525.105.17(vGPU 15.2), 470.182.03(vGPU 13.7), 450.236.01(vGPU 11.12), 530.41.03(March 2023 release), 531.41, 474.30, 528.89, 518.03, 454.14, 531.41(March 2023 release), 525.105.14(vGPU 15.2), 470.182.02(vGPU 13.7), 450.236.03(vGPU 11.12)
CVE-2023-0192;4.7;MEDIUM;CVSS:3.1/AV:L/AC:H/PR:H/UI:N/S:U/C:H/I:N/A:L;CWE-269;5452;GeForce;All driver versions prior to 531.41;531.41, 528.89, 525.105.14(vGPU 15.2), 530.41.03(March 2023 release)
CVE-2023-0192;4.7;MEDIUM;CVSS:3.1/AV:L/AC:H/PR:H/UI:N/S:U/C:H/I:N/A:L;CWE-269;5452;NVIDIA Cloud Gaming (Virtual GPU Manager);All versions prior to 525.89.02(All versions prior to and including February 2023 release);531.41, 528.89, 525.105.14(vGPU 15.2), 530.41.03(March 2023 release)
CVE-2023-0192;4.7;MEDIUM;CVSS:3.1/AV:L/AC:H/PR:H/UI:N/S:U/C:H/I:N/A:L;CWE-269;5452;NVIDIA RTX, Quadro, NVS;All driver versions prior to 528.89;531.41, 528.89, 525.105.14(vGPU 15.2), 530.41.03(March 2023 release)
CVE-2023-0192;4.7;MEDIUM;CVSS:3.1/AV:L/AC:H/PR:H/UI:N/S:U/C:H/I:N/A:L;CWE-269;5452;NVIDIA RTX, Quadro, NVS;All driver versions prior to 531.41;531.41, 528.89, 525.105.14(vGPU 15.2), 530.41.03(March 2023 release)
CVE-2023-0192;4.7;MEDIUM;CVSS:3.1/AV:L/AC:H/PR:H/UI:N/S:U/C:H/I:N/A:L;CWE-269;5452;Studio;All driver versions prior to 528.89;531.41, 528.89, 525.105.14(vGPU 15.2), 530.41.03(March 2023 release)
CVE-2023-0192;4.7;MEDIUM;CVSS:3.1/AV:L/AC:H/PR:H/UI:N/S:U/C:H/I:N/A:L;CWE-269;5452;Studio;All driver versions prior to 531.41;531.41, 528.89, 525.105.14(vGPU 15.2), 530.41.03(March 2023 release)
CVE-2023-0192;4.7;MEDIUM;CVSS:3.1/AV:L/AC:H/PR:H/UI:N/S:U/C:H/I:N/A:L;CWE-269;5452;Tesla;All driver versions prior to 528.89;531.41, 528.89, 525.105.14(vGPU 15.2), 530.41.03(March 2023 release)
CVE-2023-0192;4.7;MEDIUM;CVSS:3.1/AV:L/AC:H/PR:H/UI:N/S:U/C:H/I:N/A:L;CWE-269;5452;vGPU software (Virtual GPU Manager);525.85.07(All versions prior to and including vGPU 15.1);531.41, 528.89, 525.105.14(vGPU 15.2), 530.41.03(March 2023 release)
CVE-2023-0193;4.4;MEDIUM;CVSS:3.1/AV:L/AC:L/PR:N/UI:R/S:U/C:L/I:N/A:L;CWE-125;5446;NVIDIA CUDA Toolkit;All versions prior to 12.1;12.1
CVE-2023-0193;4.4;MEDIUM;CVSS:3.1/AV:L/AC:L/PR:N/UI:R/S:U/C:L/I:N/A:L;CWE-125;5446;NVIDIA CUDA Toolkit;All versions prior to 12.1;12.1
CVE-2023-0194;2;LOW;CVSS:3.1/AV:P/AC:H/PR:N/UI:N/S:U/C:N/I:N/A:L;CWE-1284;5452;GeForce;All driver versions prior to 470.182.03;530.41.03, 525.105.17, 515.105.01, 470.182.03, 450.236.01, 531.41, 474.30, 528.89, 518.03, 454.14, 531.41(March 2023 release)
CVE-2023-0194;2;LOW;CVSS:3.1/AV:P/AC:H/PR:N/UI:N/S:U/C:N/I:N/A:L;CWE-1284;5452;GeForce;All driver versions prior to 474.30;530.41.03, 525.105.17, 515.105.01, 470.182.03, 450.236.01, 531.41, 474.30, 528.89, 518.03, 454.14, 531.41(March 2023 release)
CVE-2023-0194;2;LOW;CVSS:3.1/AV:P/AC:H/PR:N/UI:N/S:U/C:N/I:N/A:L;CWE-1284;5452;GeForce;All driver versions prior to 515.105.01;530.41.03, 525.105.17, 515.105.01, 470.182.03, 450.236.01, 531.41, 474.30, 528.89, 518.03, 454.14, 531.41(March 2023 release)
CVE-2023-0194;2;LOW;CVSS:3.1/AV:P/AC:H/PR:N/UI:N/S:U/C:N/I:N/A:L;CWE-1284;5452;GeForce;All driver versions prior to 525.105.17;530.41.03, 525.105.17, 515.105.01, 470.182.03, 450.236.01, 531.41, 474.30, 528.89, 518.03, 454.14, 531.41(March 2023 release)
CVE-2023-0194;2;LOW;CVSS:3.1/AV:P/AC:H/PR:N/UI:N/S:U/C:N/I:N/A:L;CWE-1284;5452;GeForce;All driver versions prior to 530.41.03;530.41.03, 525.105.17, 515.105.01, 470.182.03, 450.236.01, 531.41, 474.30, 528.89, 518.03, 454.14, 531.41(March 2023 release)
CVE-2023-0194;2;LOW;CVSS:3.1/AV:P/AC:H/PR:N/UI:N/S:U/C:N/I:N/A:L;CWE-1284;5452;GeForce;All driver versions prior to 531.41;530.41.03, 525.105.17, 515.105.01, 470.182.03, 450.236.01, 531.41, 474.30, 528.89, 518.03, 454.14, 531.41(March 2023 release)
CVE-2023-0194;2;LOW;CVSS:3.1/AV:P/AC:H/PR:N/UI:N/S:U/C:N/I:N/A:L;CWE-1284;5452;GeForce;All drivers versions prior to 474.30 for support of GeForce Kepler desktop;530.41.03, 525.105.17, 515.105.01, 470.182.03, 450.236.01, 531.41, 474.30, 528.89, 518.03, 454.14, 531.41(March 2023 release)
CVE-2023-0194;2;LOW;CVSS:3.1/AV:P/AC:H/PR:N/UI:N/S:U/C:N/I:N/A:L;CWE-1284;5452;NVIDIA Cloud Gaming (guest driver);All versions prior to 528.49(All versions prior to and including February 2023 release);530.41.03, 525.105.17, 515.105.01, 470.182.03, 450.236.01, 531.41, 474.30, 528.89, 518.03, 454.14, 531.41(March 2023 release)
CVE-2023-0194;2;LOW;CVSS:3.1/AV:P/AC:H/PR:N/UI:N/S:U/C:N/I:N/A:L;CWE-1284;5452;NVIDIA RTX, Quadro, NVS;All driver versions prior to 470.182.03;530.41.03, 525.105.17, 515.105.01, 470.182.03, 450.236.01, 531.41, 474.30, 528.89, 518.03, 454.14, 531.41(March 2023 release)
CVE-2023-0194;2;LOW;CVSS:3.1/AV:P/AC:H/PR:N/UI:N/S:U/C:N/I:N/A:L;CWE-1284;5452;NVIDIA RTX, Quadro, NVS;All driver versions prior to 474.30;530.41.03, 525.105.17, 515.105.01, 470.182.03, 450.236.01, 531.41, 474.30, 528.89, 518.03, 454.14, 531.41(March 2023 release)
CVE-2023-0194;2;LOW;CVSS:3.1/AV:P/AC:H/PR:N/UI:N/S:U/C:N/I:N/A:L;CWE-1284;5452;NVIDIA RTX, Quadro, NVS;All driver versions prior to 515.105.01;530.41.03, 525.105.17, 515.105.01, 470.182.03, 450.236.01, 531.41, 474.30, 528.89, 518.03, 454.14, 531.41(March 2023 release)
CVE-2023-0194;2;LOW;CVSS:3.1/AV:P/AC:H/PR:N/UI:N/S:U/C:N/I:N/A:L;CWE-1284;5452;NVIDIA RTX, Quadro, NVS;All driver versions prior to 518.03;530.41.03, 525.105.17, 515.105.01, 470.182.03, 450.236.01, 531.41, 474.30, 528.89, 518.03, 454.14, 531.41(March 2023 release)
CVE-2023-0194;2;LOW;CVSS:3.1/AV:P/AC:H/PR:N/UI:N/S:U/C:N/I:N/A:L;CWE-1284;5452;NVIDIA RTX, Quadro, NVS;All driver versions prior to 525.105.17;530.41.03, 525.105.17, 515.105.01, 470.182.03, 450.236.01, 531.41, 474.30, 528.89, 518.03, 454.14, 531.41(March 2023 release)
CVE-2023-0194;2;LOW;CVSS:3.1/AV:P/AC:H/PR:N/UI:N/S:U/C:N/I:N/A:L;CWE-1284;5452;NVIDIA RTX, Quadro, NVS;All driver versions prior to 528.89;530.41.03, 525.105.17, 515.105.01, 470.182.03, 450.236.01, 531.41, 474.30, 528.89, 518.03, 454.14, 531.41(March 2023 release)
CVE-2023-0194;2;LOW;CVSS:3.1/AV:P/AC:H/PR:N/UI:N/S:U/C:N/I:N/A:L;CWE-1284;5452;NVIDIA RTX, Quadro, NVS;All driver versions prior to 530.41.03;530.41.03, 525.105.17, 515.105.01, 470.182.03, 450.236.01, 531.41, 474.30, 528.89, 518.03, 454.14, 531.41(March 2023 release)
CVE-2023-0194;2;LOW;CVSS:3.1/AV:P/AC:H/PR:N/UI:N/S:U/C:N/I:N/A:L;CWE-1284;5452;NVIDIA RTX, Quadro, NVS;All driver versions prior to 531.41;530.41.03, 525.105.17, 515.105.01, 470.182.03, 450.236.01, 531.41, 474.30, 528.89, 518.03, 454.14, 531.41(March 2023 release)
CVE-2023-0194;2;LOW;CVSS:3.1/AV:P/AC:H/PR:N/UI:N/S:U/C:N/I:N/A:L;CWE-1284;5452;Studio;All driver versions prior to 528.89;530.41.03, 525.105.17, 515.105.01, 470.182.03, 450.236.01, 531.41, 474.30, 528.89, 518.03, 454.14, 531.41(March 2023 release)
CVE-2023-0194;2;LOW;CVSS:3.1/AV:P/AC:H/PR:N/UI:N/S:U/C:N/I:N/A:L;CWE-1284;5452;Studio;All driver versions prior to 531.41;530.41.03, 525.105.17, 515.105.01, 470.182.03, 450.236.01, 531.41, 474.30, 528.89, 518.03, 454.14, 531.41(March 2023 release)
CVE-2023-0194;2;LOW;CVSS:3.1/AV:P/AC:H/PR:N/UI:N/S:U/C:N/I:N/A:L;CWE-1284;5452;Tesla;All driver versions prior to 450.236.01;530.41.03, 525.105.17, 515.105.01, 470.182.03, 450.236.01, 531.41, 474.30, 528.89, 518.03, 454.14, 531.41(March 2023 release)
CVE-2023-0194;2;LOW;CVSS:3.1/AV:P/AC:H/PR:N/UI:N/S:U/C:N/I:N/A:L;CWE-1284;5452;Tesla;All driver versions prior to 454.14;530.41.03, 525.105.17, 515.105.01, 470.182.03, 450.236.01, 531.41, 474.30, 528.89, 518.03, 454.14, 531.41(March 2023 release)
CVE-2023-0194;2;LOW;CVSS:3.1/AV:P/AC:H/PR:N/UI:N/S:U/C:N/I:N/A:L;CWE-1284;5452;Tesla;All driver versions prior to 470.182.03;530.41.03, 525.105.17, 515.105.01, 470.182.03, 450.236.01, 531.41, 474.30, 528.89, 518.03, 454.14, 531.41(March 2023 release)
CVE-2023-0194;2;LOW;CVSS:3.1/AV:P/AC:H/PR:N/UI:N/S:U/C:N/I:N/A:L;CWE-1284;5452;Tesla;All driver versions prior to 474.30;530.41.03, 525.105.17, 515.105.01, 470.182.03, 450.236.01, 531.41, 474.30, 528.89, 518.03, 454.14, 531.41(March 2023 release)
CVE-2023-0194;2;LOW;CVSS:3.1/AV:P/AC:H/PR:N/UI:N/S:U/C:N/I:N/A:L;CWE-1284;5452;Tesla;All driver versions prior to 515.105.01;530.41.03, 525.105.17, 515.105.01, 470.182.03, 450.236.01, 531.41, 474.30, 528.89, 518.03, 454.14, 531.41(March 2023 release)
CVE-2023-0194;2;LOW;CVSS:3.1/AV:P/AC:H/PR:N/UI:N/S:U/C:N/I:N/A:L;CWE-1284;5452;Tesla;All driver versions prior to 518.03;530.41.03, 525.105.17, 515.105.01, 470.182.03, 450.236.01, 531.41, 474.30, 528.89, 518.03, 454.14, 531.41(March 2023 release)
CVE-2023-0194;2;LOW;CVSS:3.1/AV:P/AC:H/PR:N/UI:N/S:U/C:N/I:N/A:L;CWE-1284;5452;Tesla;All driver versions prior to 525.105.17;530.41.03, 525.105.17, 515.105.01, 470.182.03, 450.236.01, 531.41, 474.30, 528.89, 518.03, 454.14, 531.41(March 2023 release)
CVE-2023-0194;2;LOW;CVSS:3.1/AV:P/AC:H/PR:N/UI:N/S:U/C:N/I:N/A:L;CWE-1284;5452;Tesla;All driver versions prior to 528.89;530.41.03, 525.105.17, 515.105.01, 470.182.03, 450.236.01, 531.41, 474.30, 528.89, 518.03, 454.14, 531.41(March 2023 release)
CVE-2023-0195;2;LOW;CVSS:3.1/AV:P/AC:H/PR:N/UI:N/S:U/C:L/I:N/A:N;CWE-1284;5452;GeForce;All driver versions prior to 470.182.03;530.41.03, 525.105.17, 515.105.01, 470.182.03, 450.236.01, 531.41, 474.30, 528.89, 518.03, 454.14, 531.41(March 2023 release)
CVE-2023-0195;2;LOW;CVSS:3.1/AV:P/AC:H/PR:N/UI:N/S:U/C:L/I:N/A:N;CWE-1284;5452;GeForce;All driver versions prior to 474.30;530.41.03, 525.105.17, 515.105.01, 470.182.03, 450.236.01, 531.41, 474.30, 528.89, 518.03, 454.14, 531.41(March 2023 release)
CVE-2023-0195;2;LOW;CVSS:3.1/AV:P/AC:H/PR:N/UI:N/S:U/C:L/I:N/A:N;CWE-1284;5452;GeForce;All driver versions prior to 515.105.01;530.41.03, 525.105.17, 515.105.01, 470.182.03, 450.236.01, 531.41, 474.30, 528.89, 518.03, 454.14, 531.41(March 2023 release)
CVE-2023-0195;2;LOW;CVSS:3.1/AV:P/AC:H/PR:N/UI:N/S:U/C:L/I:N/A:N;CWE-1284;5452;GeForce;All driver versions prior to 525.105.17;530.41.03, 525.105.17, 515.105.01, 470.182.03, 450.236.01, 531.41, 474.30, 528.89, 518.03, 454.14, 531.41(March 2023 release)
CVE-2023-0195;2;LOW;CVSS:3.1/AV:P/AC:H/PR:N/UI:N/S:U/C:L/I:N/A:N;CWE-1284;5452;GeForce;All driver versions prior to 530.41.03;530.41.03, 525.105.17, 515.105.01, 470.182.03, 450.236.01, 531.41, 474.30, 528.89, 518.03, 454.14, 531.41(March 2023 release)
CVE-2023-0195;2;LOW;CVSS:3.1/AV:P/AC:H/PR:N/UI:N/S:U/C:L/I:N/A:N;CWE-1284;5452;GeForce;All driver versions prior to 531.41;530.41.03, 525.105.17, 515.105.01, 470.182.03, 450.236.01, 531.41, 474.30, 528.89, 518.03, 454.14, 531.41(March 2023 release)
CVE-2023-0195;2;LOW;CVSS:3.1/AV:P/AC:H/PR:N/UI:N/S:U/C:L/I:N/A:N;CWE-1284;5452;GeForce;All drivers versions prior to 474.30 for support of GeForce Kepler desktop;530.41.03, 525.105.17, 515.105.01, 470.182.03, 450.236.01, 531.41, 474.30, 528.89, 518.03, 454.14, 531.41(March 2023 release)
CVE-2023-0195;2;LOW;CVSS:3.1/AV:P/AC:H/PR:N/UI:N/S:U/C:L/I:N/A:N;CWE-1284;5452;NVIDIA Cloud Gaming (guest driver);All versions prior to 528.49(All versions prior to and including February 2023 release);530.41.03, 525.105.17, 515.105.01, 470.182.03, 450.236.01, 531.41, 474.30, 528.89, 518.03, 454.14, 531.41(March 2023 release)
CVE-2023-0195;2;LOW;CVSS:3.1/AV:P/AC:H/PR:N/UI:N/S:U/C:L/I:N/A:N;CWE-1284;5452;NVIDIA RTX, Quadro, NVS;All driver versions prior to 470.182.03;530.41.03, 525.105.17, 515.105.01, 470.182.03, 450.236.01, 531.41, 474.30, 528.89, 518.03, 454.14, 531.41(March 2023 release)
CVE-2023-0195;2;LOW;CVSS:3.1/AV:P/AC:H/PR:N/UI:N/S:U/C:L/I:N/A:N;CWE-1284;5452;NVIDIA RTX, Quadro, NVS;All driver versions prior to 474.30;530.41.03, 525.105.17, 515.105.01, 470.182.03, 450.236.01, 531.41, 474.30, 528.89, 518.03, 454.14, 531.41(March 2023 release)
CVE-2023-0195;2;LOW;CVSS:3.1/AV:P/AC:H/PR:N/UI:N/S:U/C:L/I:N/A:N;CWE-1284;5452;NVIDIA RTX, Quadro, NVS;All driver versions prior to 515.105.01;530.41.03, 525.105.17, 515.105.01, 470.182.03, 450.236.01, 531.41, 474.30, 528.89, 518.03, 454.14, 531.41(March 2023 release)
CVE-2023-0195;2;LOW;CVSS:3.1/AV:P/AC:H/PR:N/UI:N/S:U/C:L/I:N/A:N;CWE-1284;5452;NVIDIA RTX, Quadro, NVS;All driver versions prior to 518.03;530.41.03, 525.105.17, 515.105.01, 470.182.03, 450.236.01, 531.41, 474.30, 528.89, 518.03, 454.14, 531.41(March 2023 release)
CVE-2023-0195;2;LOW;CVSS:3.1/AV:P/AC:H/PR:N/UI:N/S:U/C:L/I:N/A:N;CWE-1284;5452;NVIDIA RTX, Quadro, NVS;All driver versions prior to 525.105.17;530.41.03, 525.105.17, 515.105.01, 470.182.03, 450.236.01, 531.41, 474.30, 528.89, 518.03, 454.14, 531.41(March 2023 release)
CVE-2023-0195;2;LOW;CVSS:3.1/AV:P/AC:H/PR:N/UI:N/S:U/C:L/I:N/A:N;CWE-1284;5452;NVIDIA RTX, Quadro, NVS;All driver versions prior to 528.89;530.41.03, 525.105.17, 515.105.01, 470.182.03, 450.236.01, 531.41, 474.30, 528.89, 518.03, 454.14, 531.41(March 2023 release)
CVE-2023-0195;2;LOW;CVSS:3.1/AV:P/AC:H/PR:N/UI:N/S:U/C:L/I:N/A:N;CWE-1284;5452;NVIDIA RTX, Quadro, NVS;All driver versions prior to 530.41.03;530.41.03, 525.105.17, 515.105.01, 470.182.03, 450.236.01, 531.41, 474.30, 528.89, 518.03, 454.14, 531.41(March 2023 release)
CVE-2023-0195;2;LOW;CVSS:3.1/AV:P/AC:H/PR:N/UI:N/S:U/C:L/I:N/A:N;CWE-1284;5452;NVIDIA RTX, Quadro, NVS;All driver versions prior to 531.41;530.41.03, 525.105.17, 515.105.01, 470.182.03, 450.236.01, 531.41, 474.30, 528.89, 518.03, 454.14, 531.41(March 2023 release)
CVE-2023-0195;2;LOW;CVSS:3.1/AV:P/AC:H/PR:N/UI:N/S:U/C:L/I:N/A:N;CWE-1284;5452;Studio;All driver versions prior to 528.89;530.41.03, 525.105.17, 515.105.01, 470.182.03, 450.236.01, 531.41, 474.30, 528.89, 518.03, 454.14, 531.41(March 2023 release)
CVE-2023-0195;2;LOW;CVSS:3.1/AV:P/AC:H/PR:N/UI:N/S:U/C:L/I:N/A:N;CWE-1284;5452;Studio;All driver versions prior to 531.41;530.41.03, 525.105.17, 515.105.01, 470.182.03, 450.236.01, 531.41, 474.30, 528.89, 518.03, 454.14, 531.41(March 2023 release)
CVE-2023-0195;2;LOW;CVSS:3.1/AV:P/AC:H/PR:N/UI:N/S:U/C:L/I:N/A:N;CWE-1284;5452;Tesla;All driver versions prior to 450.236.01;530.41.03, 525.105.17, 515.105.01, 470.182.03, 450.236.01, 531.41, 474.30, 528.89, 518.03, 454.14, 531.41(March 2023 release)
CVE-2023-0195;2;LOW;CVSS:3.1/AV:P/AC:H/PR:N/UI:N/S:U/C:L/I:N/A:N;CWE-1284;5452;Tesla;All driver versions prior to 454.14;530.41.03, 525.105.17, 515.105.01, 470.182.03, 450.236.01, 531.41, 474.30, 528.89, 518.03, 454.14, 531.41(March 2023 release)
CVE-2023-0195;2;LOW;CVSS:3.1/AV:P/AC:H/PR:N/UI:N/S:U/C:L/I:N/A:N;CWE-1284;5452;Tesla;All driver versions prior to 470.182.03;530.41.03, 525.105.17, 515.105.01, 470.182.03, 450.236.01, 531.41, 474.30, 528.89, 518.03, 454.14, 531.41(March 2023 release)
CVE-2023-0195;2;LOW;CVSS:3.1/AV:P/AC:H/PR:N/UI:N/S:U/C:L/I:N/A:N;CWE-1284;5452;Tesla;All driver versions prior to 474.30;530.41.03, 525.105.17, 515.105.01, 470.182.03, 450.236.01, 531.41, 474.30, 528.89, 518.03, 454.14, 531.41(March 2023 release)
CVE-2023-0195;2;LOW;CVSS:3.1/AV:P/AC:H/PR:N/UI:N/S:U/C:L/I:N/A:N;CWE-1284;5452;Tesla;All driver versions prior to 515.105.01;530.41.03, 525.105.17, 515.105.01, 470.182.03, 450.236.01, 531.41, 474.30, 528.89, 518.03, 454.14, 531.41(March 2023 release)
CVE-2023-0195;2;LOW;CVSS:3.1/AV:P/AC:H/PR:N/UI:N/S:U/C:L/I:N/A:N;CWE-1284;5452;Tesla;All driver versions prior to 518.03;530.41.03, 525.105.17, 515.105.01, 470.182.03, 450.236.01, 531.41, 474.30, 528.89, 518.03, 454.14, 531.41(March 2023 release)
CVE-2023-0195;2;LOW;CVSS:3.1/AV:P/AC:H/PR:N/UI:N/S:U/C:L/I:N/A:N;CWE-1284;5452;Tesla;All driver versions prior to 525.105.17;530.41.03, 525.105.17, 515.105.01, 470.182.03, 450.236.01, 531.41, 474.30, 528.89, 518.03, 454.14, 531.41(March 2023 release)
CVE-2023-0195;2;LOW;CVSS:3.1/AV:P/AC:H/PR:N/UI:N/S:U/C:L/I:N/A:N;CWE-1284;5452;Tesla;All driver versions prior to 528.89;530.41.03, 525.105.17, 515.105.01, 470.182.03, 450.236.01, 531.41, 474.30, 528.89, 518.03, 454.14, 531.41(March 2023 release)
CVE-2023-0196;3.3;LOW;CVSS:3.1/AV:L/AC:L/PR:N/UI:R/S:U/C:N/I:N/A:L;CWE-476;5446;NVIDIA CUDA Toolkit;All versions prior to 12.1;12.1
CVE-2023-0196;3.3;LOW;CVSS:3.1/AV:L/AC:L/PR:N/UI:R/S:U/C:N/I:N/A:L;CWE-476;5446;NVIDIA CUDA Toolkit;All versions prior to 12.1;12.1
CVE-2023-0197;5.5;MEDIUM;CVSS:3.1/AV:L/AC:L/PR:L/UI:N/S:U/C:N/I:N/A:H;CWE-476;5452;NVIDIA Cloud Gaming (Virtual GPU Manager);All versions prior to 525.89.02(All versions prior to and including February 2023 release);525.105.14(vGPU 15.2), 530.41.03(March 2023 release)
CVE-2023-0197;5.5;MEDIUM;CVSS:3.1/AV:L/AC:L/PR:L/UI:N/S:U/C:N/I:N/A:H;CWE-476;5452;vGPU software (Virtual GPU Manager);525.85.07(All versions prior to and including vGPU 15.1);525.105.14(vGPU 15.2), 530.41.03(March 2023 release)
CVE-2023-0198;6.6;MEDIUM;CVSS:3.1/AV:L/AC:L/PR:L/UI:N/S:U/C:L/I:L/A:H;CWE-119;5452;GeForce;All driver versions prior to 470.182.03;530.41.03, 525.105.17, 515.105.01, 470.182.03, 450.236.01, 525.105.17(vGPU 15.2), 470.182.03(vGPU 13.7), 450.236.01(vGPU 11.12), 530.41.03(March 2023 release), 525.105.14(vGPU 15.2), 470.182.02(vGPU 13.7), 450.236.03(vGPU 11.12)
CVE-2023-0198;6.6;MEDIUM;CVSS:3.1/AV:L/AC:L/PR:L/UI:N/S:U/C:L/I:L/A:H;CWE-119;5452;GeForce;All driver versions prior to 515.105.01;530.41.03, 525.105.17, 515.105.01, 470.182.03, 450.236.01, 525.105.17(vGPU 15.2), 470.182.03(vGPU 13.7), 450.236.01(vGPU 11.12), 530.41.03(March 2023 release), 525.105.14(vGPU 15.2), 470.182.02(vGPU 13.7), 450.236.03(vGPU 11.12)
CVE-2023-0198;6.6;MEDIUM;CVSS:3.1/AV:L/AC:L/PR:L/UI:N/S:U/C:L/I:L/A:H;CWE-119;5452;GeForce;All driver versions prior to 525.105.17;530.41.03, 525.105.17, 515.105.01, 470.182.03, 450.236.01, 525.105.17(vGPU 15.2), 470.182.03(vGPU 13.7), 450.236.01(vGPU 11.12), 530.41.03(March 2023 release), 525.105.14(vGPU 15.2), 470.182.02(vGPU 13.7), 450.236.03(vGPU 11.12)
CVE-2023-0198;6.6;MEDIUM;CVSS:3.1/AV:L/AC:L/PR:L/UI:N/S:U/C:L/I:L/A:H;CWE-119;5452;GeForce;All driver versions prior to 530.41.03;530.41.03, 525.105.17, 515.105.01, 470.182.03, 450.236.01, 525.105.17(vGPU 15.2), 470.182.03(vGPU 13.7), 450.236.01(vGPU 11.12), 530.41.03(March 2023 release), 525.105.14(vGPU 15.2), 470.182.02(vGPU 13.7), 450.236.03(vGPU 11.12)
CVE-2023-0198;6.6;MEDIUM;CVSS:3.1/AV:L/AC:L/PR:L/UI:N/S:U/C:L/I:L/A:H;CWE-119;5452;NVIDIA Cloud Gaming (guest driver);All versions prior to 525.89.02(All versions prior to and including February 2023 release);530.41.03, 525.105.17, 515.105.01, 470.182.03, 450.236.01, 525.105.17(vGPU 15.2), 470.182.03(vGPU 13.7), 450.236.01(vGPU 11.12), 530.41.03(March 2023 release), 525.105.14(vGPU 15.2), 470.182.02(vGPU 13.7), 450.236.03(vGPU 11.12)
CVE-2023-0198;6.6;MEDIUM;CVSS:3.1/AV:L/AC:L/PR:L/UI:N/S:U/C:L/I:L/A:H;CWE-119;5452;NVIDIA Cloud Gaming (Virtual GPU Manager);All versions prior to 525.89.02(All versions prior to and including February 2023 release);530.41.03, 525.105.17, 515.105.01, 470.182.03, 450.236.01, 525.105.17(vGPU 15.2), 470.182.03(vGPU 13.7), 450.236.01(vGPU 11.12), 530.41.03(March 2023 release), 525.105.14(vGPU 15.2), 470.182.02(vGPU 13.7), 450.236.03(vGPU 11.12)
CVE-2023-0198;6.6;MEDIUM;CVSS:3.1/AV:L/AC:L/PR:L/UI:N/S:U/C:L/I:L/A:H;CWE-119;5452;NVIDIA RTX, Quadro, NVS;All driver versions prior to 470.182.03;530.41.03, 525.105.17, 515.105.01, 470.182.03, 450.236.01, 525.105.17(vGPU 15.2), 470.182.03(vGPU 13.7), 450.236.01(vGPU 11.12), 530.41.03(March 2023 release), 525.105.14(vGPU 15.2), 470.182.02(vGPU 13.7), 450.236.03(vGPU 11.12)
CVE-2023-0198;6.6;MEDIUM;CVSS:3.1/AV:L/AC:L/PR:L/UI:N/S:U/C:L/I:L/A:H;CWE-119;5452;NVIDIA RTX, Quadro, NVS;All driver versions prior to 515.105.01;530.41.03, 525.105.17, 515.105.01, 470.182.03, 450.236.01, 525.105.17(vGPU 15.2), 470.182.03(vGPU 13.7), 450.236.01(vGPU 11.12), 530.41.03(March 2023 release), 525.105.14(vGPU 15.2), 470.182.02(vGPU 13.7), 450.236.03(vGPU 11.12)
CVE-2023-0198;6.6;MEDIUM;CVSS:3.1/AV:L/AC:L/PR:L/UI:N/S:U/C:L/I:L/A:H;CWE-119;5452;NVIDIA RTX, Quadro, NVS;All driver versions prior to 525.105.17;530.41.03, 525.105.17, 515.105.01, 470.182.03, 450.236.01, 525.105.17(vGPU 15.2), 470.182.03(vGPU 13.7), 450.236.01(vGPU 11.12), 530.41.03(March 2023 release), 525.105.14(vGPU 15.2), 470.182.02(vGPU 13.7), 450.236.03(vGPU 11.12)
CVE-2023-0198;6.6;MEDIUM;CVSS:3.1/AV:L/AC:L/PR:L/UI:N/S:U/C:L/I:L/A:H;CWE-119;5452;NVIDIA RTX, Quadro, NVS;All driver versions prior to 530.41.03;530.41.03, 525.105.17, 515.105.01, 470.182.03, 450.236.01, 525.105.17(vGPU 15.2), 470.182.03(vGPU 13.7), 450.236.01(vGPU 11.12), 530.41.03(March 2023 release), 525.105.14(vGPU 15.2), 470.182.02(vGPU 13.7), 450.236.03(vGPU 11.12)
CVE-2023-0198;6.6;MEDIUM;CVSS:3.1/AV:L/AC:L/PR:L/UI:N/S:U/C:L/I:L/A:H;CWE-119;5452;Tesla;All driver versions prior to 450.236.01;530.41.03, 525.105.17, 515.105.01, 470.182.03, 450.236.01, 525.105.17(vGPU 15.2), 470.182.03(vGPU 13.7), 450.236.01(vGPU 11.12), 530.41.03(March 2023 release), 525.105.14(vGPU 15.2), 470.182.02(vGPU 13.7), 450.236.03(vGPU 11.12)
CVE-2023-0198;6.6;MEDIUM;CVSS:3.1/AV:L/AC:L/PR:L/UI:N/S:U/C:L/I:L/A:H;CWE-119;5452;Tesla;All driver versions prior to 470.182.03;530.41.03, 525.105.17, 515.105.01, 470.182.03, 450.236.01, 525.105.17(vGPU 15.2), 470.182.03(vGPU 13.7), 450.236.01(vGPU 11.12), 530.41.03(March 2023 release), 525.105.14(vGPU 15.2), 470.182.02(vGPU 13.7), 450.236.03(vGPU 11.12)
CVE-2023-0198;6.6;MEDIUM;CVSS:3.1/AV:L/AC:L/PR:L/UI:N/S:U/C:L/I:L/A:H;CWE-119;5452;Tesla;All driver versions prior to 515.105.01;530.41.03, 525.105.17, 515.105.01, 470.182.03, 450.236.01, 525.105.17(vGPU 15.2), 470.182.03(vGPU 13.7), 450.236.01(vGPU 11.12), 530.41.03(March 2023 release), 525.105.14(vGPU 15.2), 470.182.02(vGPU 13.7), 450.236.03(vGPU 11.12)
CVE-2023-0198;6.6;MEDIUM;CVSS:3.1/AV:L/AC:L/PR:L/UI:N/S:U/C:L/I:L/A:H;CWE-119;5452;Tesla;All driver versions prior to 525.105.17;530.41.03, 525.105.17, 515.105.01, 470.182.03, 450.236.01, 525.105.17(vGPU 15.2), 470.182.03(vGPU 13.7), 450.236.01(vGPU 11.12), 530.41.03(March 2023 release), 525.105.14(vGPU 15.2), 470.182.02(vGPU 13.7), 450.236.03(vGPU 11.12)
CVE-2023-0198;6.6;MEDIUM;CVSS:3.1/AV:L/AC:L/PR:L/UI:N/S:U/C:L/I:L/A:H;CWE-119;5452;vGPU software (guest driver);450.216.04(All versions prior to and including vGPU 11.11);530.41.03, 525.105.17, 515.105.01, 470.182.03, 450.236.01, 525.105.17(vGPU 15.2), 470.182.03(vGPU 13.7), 450.236.01(vGPU 11.12), 530.41.03(March 2023 release), 525.105.14(vGPU 15.2), 470.182.02(vGPU 13.7), 450.236.03(vGPU 11.12)
CVE-2023-0198;6.6;MEDIUM;CVSS:3.1/AV:L/AC:L/PR:L/UI:N/S:U/C:L/I:L/A:H;CWE-119;5452;vGPU software (guest driver);470.161.03(All versions prior to and including vGPU 13.6);530.41.03, 525.105.17, 515.105.01, 470.182.03, 450.236.01, 525.105.17(vGPU 15.2), 470.182.03(vGPU 13.7), 450.236.01(vGPU 11.12), 530.41.03(March 2023 release), 525.105.14(vGPU 15.2), 470.182.02(vGPU 13.7), 450.236.03(vGPU 11.12)
CVE-2023-0198;6.6;MEDIUM;CVSS:3.1/AV:L/AC:L/PR:L/UI:N/S:U/C:L/I:L/A:H;CWE-119;5452;vGPU software (guest driver);525.85.05(All versions prior to and including vGPU 15.1);530.41.03, 525.105.17, 515.105.01, 470.182.03, 450.236.01, 525.105.17(vGPU 15.2), 470.182.03(vGPU 13.7), 450.236.01(vGPU 11.12), 530.41.03(March 2023 release), 525.105.14(vGPU 15.2), 470.182.02(vGPU 13.7), 450.236.03(vGPU 11.12)
CVE-2023-0198;6.6;MEDIUM;CVSS:3.1/AV:L/AC:L/PR:L/UI:N/S:U/C:L/I:L/A:H;CWE-119;5452;vGPU software (Virtual GPU Manager);450.216.04(All versions prior to and including vGPU 11.11);530.41.03, 525.105.17, 515.105.01, 470.182.03, 450.236.01, 525.105.17(vGPU 15.2), 470.182.03(vGPU 13.7), 450.236.01(vGPU 11.12), 530.41.03(March 2023 release), 525.105.14(vGPU 15.2), 470.182.02(vGPU 13.7), 450.236.03(vGPU 11.12)
CVE-2023-0198;6.6;MEDIUM;CVSS:3.1/AV:L/AC:L/PR:L/UI:N/S:U/C:L/I:L/A:H;CWE-119;5452;vGPU software (Virtual GPU Manager);470.161.02(All versions prior to and including vGPU 13.6);530.41.03, 525.105.17, 515.105.01, 470.182.03, 450.236.01, 525.105.17(vGPU 15.2), 470.182.03(vGPU 13.7), 450.236.01(vGPU 11.12), 530.41.03(March 2023 release), 525.105.14(vGPU 15.2), 470.182.02(vGPU 13.7), 450.236.03(vGPU 11.12)
CVE-2023-0198;6.6;MEDIUM;CVSS:3.1/AV:L/AC:L/PR:L/UI:N/S:U/C:L/I:L/A:H;CWE-119;5452;vGPU software (Virtual GPU Manager);525.85.07(All versions prior to and including vGPU 15.1);530.41.03, 525.105.17, 515.105.01, 470.182.03, 450.236.01, 525.105.17(vGPU 15.2), 470.182.03(vGPU 13.7), 450.236.01(vGPU 11.12), 530.41.03(March 2023 release), 525.105.14(vGPU 15.2), 470.182.02(vGPU 13.7), 450.236.03(vGPU 11.12)
CVE-2023-0199;6.1;MEDIUM;CVSS:3.1/AV:L/AC:L/PR:L/UI:N/S:U/C:N/I:L/A:H;CWE-787;5452;GeForce;All driver versions prior to 470.182.03;530.41.03, 525.105.17, 515.105.01, 470.182.03, 450.236.01, 531.41, 474.30, 528.89, 518.03, 454.14
CVE-2023-0199;6.1;MEDIUM;CVSS:3.1/AV:L/AC:L/PR:L/UI:N/S:U/C:N/I:L/A:H;CWE-787;5452;GeForce;All driver versions prior to 474.30;530.41.03, 525.105.17, 515.105.01, 470.182.03, 450.236.01, 531.41, 474.30, 528.89, 518.03, 454.14
CVE-2023-0199;6.1;MEDIUM;CVSS:3.1/AV:L/AC:L/PR:L/UI:N/S:U/C:N/I:L/A:H;CWE-787;5452;GeForce;All driver versions prior to 515.105.01;530.41.03, 525.105.17, 515.105.01, 470.182.03, 450.236.01, 531.41, 474.30, 528.89, 518.03, 454.14
CVE-2023-0199;6.1;MEDIUM;CVSS:3.1/AV:L/AC:L/PR:L/UI:N/S:U/C:N/I:L/A:H;CWE-787;5452;GeForce;All driver versions prior to 525.105.17;530.41.03, 525.105.17, 515.105.01, 470.182.03, 450.236.01, 531.41, 474.30, 528.89, 518.03, 454.14
CVE-2023-0199;6.1;MEDIUM;CVSS:3.1/AV:L/AC:L/PR:L/UI:N/S:U/C:N/I:L/A:H;CWE-787;5452;GeForce;All driver versions prior to 530.41.03;530.41.03, 525.105.17, 515.105.01, 470.182.03, 450.236.01, 531.41, 474.30, 528.89, 518.03, 454.14
CVE-2023-0199;6.1;MEDIUM;CVSS:3.1/AV:L/AC:L/PR:L/UI:N/S:U/C:N/I:L/A:H;CWE-787;5452;GeForce;All driver versions prior to 531.41;530.41.03, 525.105.17, 515.105.01, 470.182.03, 450.236.01, 531.41, 474.30, 528.89, 518.03, 454.14
CVE-2023-0199;6.1;MEDIUM;CVSS:3.1/AV:L/AC:L/PR:L/UI:N/S:U/C:N/I:L/A:H;CWE-787;5452;GeForce;All drivers versions prior to 474.30 for support of GeForce Kepler desktop;530.41.03, 525.105.17, 515.105.01, 470.182.03, 450.236.01, 531.41, 474.30, 528.89, 518.03, 454.14
CVE-2023-0199;6.1;MEDIUM;CVSS:3.1/AV:L/AC:L/PR:L/UI:N/S:U/C:N/I:L/A:H;CWE-787;5452;NVIDIA RTX, Quadro, NVS;All driver versions prior to 470.182.03;530.41.03, 525.105.17, 515.105.01, 470.182.03, 450.236.01, 531.41, 474.30, 528.89, 518.03, 454.14
CVE-2023-0199;6.1;MEDIUM;CVSS:3.1/AV:L/AC:L/PR:L/UI:N/S:U/C:N/I:L/A:H;CWE-787;5452;NVIDIA RTX, Quadro, NVS;All driver versions prior to 474.30;530.41.03, 525.105.17, 515.105.01, 470.182.03, 450.236.01, 531.41, 474.30, 528.89, 518.03, 454.14
CVE-2023-0199;6.1;MEDIUM;CVSS:3.1/AV:L/AC:L/PR:L/UI:N/S:U/C:N/I:L/A:H;CWE-787;5452;NVIDIA RTX, Quadro, NVS;All driver versions prior to 515.105.01;530.41.03, 525.105.17, 515.105.01, 470.182.03, 450.236.01, 531.41, 474.30, 528.89, 518.03, 454.14
CVE-2023-0199;6.1;MEDIUM;CVSS:3.1/AV:L/AC:L/PR:L/UI:N/S:U/C:N/I:L/A:H;CWE-787;5452;NVIDIA RTX, Quadro, NVS;All driver versions prior to 518.03;530.41.03, 525.105.17, 515.105.01, 470.182.03, 450.236.01, 531.41, 474.30, 528.89, 518.03, 454.14
CVE-2023-0199;6.1;MEDIUM;CVSS:3.1/AV:L/AC:L/PR:L/UI:N/S:U/C:N/I:L/A:H;CWE-787;5452;NVIDIA RTX, Quadro, NVS;All driver versions prior to 525.105.17;530.41.03, 525.105.17, 515.105.01, 470.182.03, 450.236.01, 531.41, 474.30, 528.89, 518.03, 454.14
CVE-2023-0199;6.1;MEDIUM;CVSS:3.1/AV:L/AC:L/PR:L/UI:N/S:U/C:N/I:L/A:H;CWE-787;5452;NVIDIA RTX, Quadro, NVS;All driver versions prior to 528.89;530.41.03, 525.105.17, 515.105.01, 470.182.03, 450.236.01, 531.41, 474.30, 528.89, 518.03, 454.14
CVE-2023-0199;6.1;MEDIUM;CVSS:3.1/AV:L/AC:L/PR:L/UI:N/S:U/C:N/I:L/A:H;CWE-787;5452;NVIDIA RTX, Quadro, NVS;All driver versions prior to 530.41.03;530.41.03, 525.105.17, 515.105.01, 470.182.03, 450.236.01, 531.41, 474.30, 528.89, 518.03, 454.14
CVE-2023-0199;6.1;MEDIUM;CVSS:3.1/AV:L/AC:L/PR:L/UI:N/S:U/C:N/I:L/A:H;CWE-787;5452;NVIDIA RTX, Quadro, NVS;All driver versions prior to 531.41;530.41.03, 525.105.17, 515.105.01, 470.182.03, 450.236.01, 531.41, 474.30, 528.89, 518.03, 454.14
CVE-2023-0199;6.1;MEDIUM;CVSS:3.1/AV:L/AC:L/PR:L/UI:N/S:U/C:N/I:L/A:H;CWE-787;5452;Studio;All driver versions prior to 528.89;530.41.03, 525.105.17, 515.105.01, 470.182.03, 450.236.01, 531.41, 474.30, 528.89, 518.03, 454.14
CVE-2023-0199;6.1;MEDIUM;CVSS:3.1/AV:L/AC:L/PR:L/UI:N/S:U/C:N/I:L/A:H;CWE-787;5452;Studio;All driver versions prior to 531.41;530.41.03, 525.105.17, 515.105.01, 470.182.03, 450.236.01, 531.41, 474.30, 528.89, 518.03, 454.14
CVE-2023-0199;6.1;MEDIUM;CVSS:3.1/AV:L/AC:L/PR:L/UI:N/S:U/C:N/I:L/A:H;CWE-787;5452;Tesla;All driver versions prior to 450.236.01;530.41.03, 525.105.17, 515.105.01, 470.182.03, 450.236.01, 531.41, 474.30, 528.89, 518.03, 454.14
CVE-2023-0199;6.1;MEDIUM;CVSS:3.1/AV:L/AC:L/PR:L/UI:N/S:U/C:N/I:L/A:H;CWE-787;5452;Tesla;All driver versions prior to 454.14;530.41.03, 525.105.17, 515.105.01, 470.182.03, 450.236.01, 531.41, 474.30, 528.89, 518.03, 454.14
CVE-2023-0199;6.1;MEDIUM;CVSS:3.1/AV:L/AC:L/PR:L/UI:N/S:U/C:N/I:L/A:H;CWE-787;5452;Tesla;All driver versions prior to 470.182.03;530.41.03, 525.105.17, 515.105.01, 470.182.03, 450.236.01, 531.41, 474.30, 528.89, 518.03, 454.14
CVE-2023-0199;6.1;MEDIUM;CVSS:3.1/AV:L/AC:L/PR:L/UI:N/S:U/C:N/I:L/A:H;CWE-787;5452;Tesla;All driver versions prior to 474.30;530.41.03, 525.105.17, 515.105.01, 470.182.03, 450.236.01, 531.41, 474.30, 528.89, 518.03, 454.14
CVE-2023-0199;6.1;MEDIUM;CVSS:3.1/AV:L/AC:L/PR:L/UI:N/S:U/C:N/I:L/A:H;CWE-787;5452;Tesla;All driver versions prior to 515.105.01;530.41.03, 525.105.17, 515.105.01, 470.182.03, 450.236.01, 531.41, 474.30, 528.89, 518.03, 454.14
CVE-2023-0199;6.1;MEDIUM;CVSS:3.1/AV:L/AC:L/PR:L/UI:N/S:U/C:N/I:L/A:H;CWE-787;5452;Tesla;All driver versions prior to 518.03;530.41.03, 525.105.17, 515.105.01, 470.182.03, 450.236.01, 531.41, 474.30, 528.89, 518.03, 454.14
CVE-2023-0199;6.1;MEDIUM;CVSS:3.1/AV:L/AC:L/PR:L/UI:N/S:U/C:N/I:L/A:H;CWE-787;5452;Tesla;All driver versions prior to 525.105.17;530.41.03, 525.105.17, 515.105.01, 470.182.03, 450.236.01, 531.41, 474.30, 528.89, 518.03, 454.14
CVE-2023-0199;6.1;MEDIUM;CVSS:3.1/AV:L/AC:L/PR:L/UI:N/S:U/C:N/I:L/A:H;CWE-787;5452;Tesla;All driver versions prior to 528.89;530.41.03, 525.105.17, 515.105.01, 470.182.03, 450.236.01, 531.41, 474.30, 528.89, 518.03, 454.14
CVE-2023-0200;7.5;HIGH;CVSS:3.1/AV:L/AC:H/PR:H/UI:N/S:C/C:H/I:H/A:H;CWE-788;5449;DGX-2;All BMC versions prior to 1.08.00;1.08.00
CVE-2023-0201;6.7;MEDIUM;CVSS:3.1/AV:L/AC:L/PR:H/UI:N/S:U/C:H/I:H/A:H;CWE-118;5449;DGX-2;All BMC versions prior to 1.08.00;1.08.00
CVE-2023-0202;7.5;HIGH;CVSS:3.1/AV:L/AC:H/PR:H/UI:N/S:C/C:H/I:H/A:H;CWE-123;5449;DGX A100;All SBIOS versions prior to 1.18;1.18
CVE-2023-0203;5;MEDIUM;CVSS:3.1/AV:N/AC:L/PR:L/UI:N/S:C/C:N/I:N/A:L;CWE-1220;5459;NVIDIA ConnectX Firmware;All versions prior to 35.1012;35.1012
CVE-2023-0204;6.5;MEDIUM;CVSS:3.1/AV:L/AC:L/PR:L/UI:N/S:C/C:N/I:N/A:H;CWE-703;5459;NVIDIA ConnectX Firmware;All versions prior to 35.1012;35.1012
CVE-2023-0205;5;MEDIUM;CVSS:3.1/AV:N/AC:L/PR:L/UI:N/S:C/C:N/I:N/A:L;CWE-1220;5459;NVIDIA ConnectX Firmware;All versions prior to 35.1012;35.1012
CVE-2023-0206;7.5;HIGH;CVSS:3.1/AV:L/AC:H/PR:H/UI:N/S:C/C:H/I:H/A:H;CWE-119;5449;DGX A100;All SBIOS versions prior to 1.18;1.18
CVE-2023-0207;7.5;HIGH;CVSS:3.1/AV:L/AC:H/PR:H/UI:N/S:C/C:H/I:H/A:H;CWE-732;5449;DGX-2;All SBIOS versions prior to 0.33;0.33
CVE-2023-0208;8.4;HIGH;CVSS:3.1/AV:L/AC:L/PR:L/UI:N/S:C/C:N/I:H/A:H;CWE-122;5453;DCGM;All versions prior to 3.1.7;3.1.7
CVE-2023-0209;8.2;HIGH;CVSS:3.1/AV:L/AC:L/PR:H/UI:N/S:C/C:H/I:H/A:H;CWE-287;5458;NVIDIA DGX-1 Servers;All SBIOS prior to S2W_3A13;S2W_3A13
CVE-2023-25505;7.8;HIGH;CVSS:3.1/AV:L/AC:L/PR:L/UI:N/S:U/C:H/I:H/A:H;CWE-120;5458;NVIDIA DGX-1 Servers;All BMC versions prior to 3.39.3;3.39.30
CVE-2023-25506;7.5;HIGH;CVSS:3.1/AV:L/AC:H/PR:H/UI:N/S:C/C:H/I:H/A:H;CWE-788;5458;NVIDIA DGX-1 Servers;All SBIOS prior to S2W_3A13;S2W_3A13
CVE-2023-25507;7.2;HIGH;CVSS:3.1/AV:N/AC:L/PR:H/UI:N/S:U/C:H/I:H/A:H;CWE-77;5458;NVIDIA DGX-1 Servers;All BMC versions prior to 3.39.3;3.39.30
CVE-2023-25508;6.7;MEDIUM;CVSS:3.1/AV:L/AC:L/PR:H/UI:N/S:U/C:H/I:H/A:H;CWE-22;5458;NVIDIA DGX-1 Servers;All BMC versions prior to 3.39.3;3.39.30
CVE-2023-25509;6;MEDIUM;CVSS:3.1/AV:L/AC:L/PR:H/UI:N/S:U/C:N/I:H/A:H;CWE-119;5458;NVIDIA DGX-1 Servers;All SBIOS prior to S2W_3A13;S2W_3A13
CVE-2023-25510;3.3;LOW;CVSS:3.1/AV:L/AC:L/PR:N/UI:R/S:U/C:N/I:N/A:L;CWE-476;5456;NVIDIA CUDA Toolkit;All versions prior to 12.1 Update 1;12.1 Update 1
CVE-2023-25511;3.3;LOW;CVSS:3.1/AV:L/AC:L/PR:N/UI:R/S:U/C:N/I:N/A:L;CWE-369;5456;NVIDIA CUDA Toolkit;All versions prior to 12.1 Update 1;12.1 Update 1
CVE-2023-25512;5.3;MEDIUM;CVSS:3.1/AV:L/AC:L/PR:N/UI:R/S:U/C:L/I:L/A:L;CWE-125;5456;NVIDIA CUDA Toolkit;All versions prior to 12.1;12.1
CVE-2023-25513;5.3;MEDIUM;CVSS:3.1/AV:L/AC:L/PR:N/UI:R/S:U/C:L/I:L/A:L;CWE-125;5456;NVIDIA CUDA Toolkit;All versions prior to 12.0 Update 1;12.0 Update 1
CVE-2023-25514;5.3;MEDIUM;CVSS:3.1/AV:L/AC:L/PR:N/UI:R/S:U/C:L/I:L/A:L;CWE-125;5456;NVIDIA CUDA Toolkit;All versions prior to 12.1 Update 1;12.1 Update 1
CVE-2023-25515;7.8;HIGH;CVSS:3.1/AV:L/AC:L/PR:L/UI:N/S:U/C:H/I:H/A:H;CWE-822;5468;GeForce;All driver versions prior to 470.199.02;536.23, 474.44, Available the week of June 29, 2023, 536.25, 529.11, 454.23, 529.11(vGPU 15.3), 474.44(vGPU 13.8), 454.23(vGPU 11.13), 536.25(June 2023 release), 535.54.03, 525.125.06, 470.199.02, 450.248.02
CVE-2023-25515;7.8;HIGH;CVSS:3.1/AV:L/AC:L/PR:L/UI:N/S:U/C:H/I:H/A:H;CWE-822;5468;GeForce;All driver versions prior to 474.44;536.23, 474.44, Available the week of June 29, 2023, 536.25, 529.11, 454.23, 529.11(vGPU 15.3), 474.44(vGPU 13.8), 454.23(vGPU 11.13), 536.25(June 2023 release), 535.54.03, 525.125.06, 470.199.02, 450.248.02
CVE-2023-25515;7.8;HIGH;CVSS:3.1/AV:L/AC:L/PR:L/UI:N/S:U/C:H/I:H/A:H;CWE-822;5468;GeForce;All driver versions prior to 525.125.06;536.23, 474.44, Available the week of June 29, 2023, 536.25, 529.11, 454.23, 529.11(vGPU 15.3), 474.44(vGPU 13.8), 454.23(vGPU 11.13), 536.25(June 2023 release), 535.54.03, 525.125.06, 470.199.02, 450.248.02
CVE-2023-25515;7.8;HIGH;CVSS:3.1/AV:L/AC:L/PR:L/UI:N/S:U/C:H/I:H/A:H;CWE-822;5468;GeForce;All driver versions prior to 535.54.03;536.23, 474.44, Available the week of June 29, 2023, 536.25, 529.11, 454.23, 529.11(vGPU 15.3), 474.44(vGPU 13.8), 454.23(vGPU 11.13), 536.25(June 2023 release), 535.54.03, 525.125.06, 470.199.02, 450.248.02
CVE-2023-25515;7.8;HIGH;CVSS:3.1/AV:L/AC:L/PR:L/UI:N/S:U/C:H/I:H/A:H;CWE-822;5468;GeForce;All driver versions prior to 536.23;536.23, 474.44, Available the week of June 29, 2023, 536.25, 529.11, 454.23, 529.11(vGPU 15.3), 474.44(vGPU 13.8), 454.23(vGPU 11.13), 536.25(June 2023 release), 535.54.03, 525.125.06, 470.199.02, 450.248.02
CVE-2023-25515;7.8;HIGH;CVSS:3.1/AV:L/AC:L/PR:L/UI:N/S:U/C:H/I:H/A:H;CWE-822;5468;GeForce;All drivers versions prior to 474.44 for support of GeForce Kepler desktop;536.23, 474.44, Available the week of June 29, 2023, 536.25, 529.11, 454.23, 529.11(vGPU 15.3), 474.44(vGPU 13.8), 454.23(vGPU 11.13), 536.25(June 2023 release), 535.54.03, 525.125.06, 470.199.02, 450.248.02
CVE-2023-25515;7.8;HIGH;CVSS:3.1/AV:L/AC:L/PR:L/UI:N/S:U/C:H/I:H/A:H;CWE-822;5468;NVIDIA Cloud Gaming (guest driver);All versions prior to 531.79(All versions prior to and including May 2023 release	);536.23, 474.44, Available the week of June 29, 2023, 536.25, 529.11, 454.23, 529.11(vGPU 15.3), 474.44(vGPU 13.8), 454.23(vGPU 11.13), 536.25(June 2023 release), 535.54.03, 525.125.06, 470.199.02, 450.248.02
CVE-2023-25515;7.8;HIGH;CVSS:3.1/AV:L/AC:L/PR:L/UI:N/S:U/C:H/I:H/A:H;CWE-822;5468;NVIDIA RTX, Quadro, NVS;All driver versions prior to 470.199.02;536.23, 474.44, Available the week of June 29, 2023, 536.25, 529.11, 454.23, 529.11(vGPU 15.3), 474.44(vGPU 13.8), 454.23(vGPU 11.13), 536.25(June 2023 release), 535.54.03, 525.125.06, 470.199.02, 450.248.02
CVE-2023-25515;7.8;HIGH;CVSS:3.1/AV:L/AC:L/PR:L/UI:N/S:U/C:H/I:H/A:H;CWE-822;5468;NVIDIA RTX, Quadro, NVS;All driver versions prior to 474.44;536.23, 474.44, Available the week of June 29, 2023, 536.25, 529.11, 454.23, 529.11(vGPU 15.3), 474.44(vGPU 13.8), 454.23(vGPU 11.13), 536.25(June 2023 release), 535.54.03, 525.125.06, 470.199.02, 450.248.02
CVE-2023-25515;7.8;HIGH;CVSS:3.1/AV:L/AC:L/PR:L/UI:N/S:U/C:H/I:H/A:H;CWE-822;5468;NVIDIA RTX, Quadro, NVS;All driver versions prior to 525.125.06;536.23, 474.44, Available the week of June 29, 2023, 536.25, 529.11, 454.23, 529.11(vGPU 15.3), 474.44(vGPU 13.8), 454.23(vGPU 11.13), 536.25(June 2023 release), 535.54.03, 525.125.06, 470.199.02, 450.248.02
CVE-2023-25515;7.8;HIGH;CVSS:3.1/AV:L/AC:L/PR:L/UI:N/S:U/C:H/I:H/A:H;CWE-822;5468;NVIDIA RTX, Quadro, NVS;All driver versions prior to 529.11;536.23, 474.44, Available the week of June 29, 2023, 536.25, 529.11, 454.23, 529.11(vGPU 15.3), 474.44(vGPU 13.8), 454.23(vGPU 11.13), 536.25(June 2023 release), 535.54.03, 525.125.06, 470.199.02, 450.248.02
CVE-2023-25515;7.8;HIGH;CVSS:3.1/AV:L/AC:L/PR:L/UI:N/S:U/C:H/I:H/A:H;CWE-822;5468;NVIDIA RTX, Quadro, NVS;All driver versions prior to 535.54.03;536.23, 474.44, Available the week of June 29, 2023, 536.25, 529.11, 454.23, 529.11(vGPU 15.3), 474.44(vGPU 13.8), 454.23(vGPU 11.13), 536.25(June 2023 release), 535.54.03, 525.125.06, 470.199.02, 450.248.02
CVE-2023-25515;7.8;HIGH;CVSS:3.1/AV:L/AC:L/PR:L/UI:N/S:U/C:H/I:H/A:H;CWE-822;5468;NVIDIA RTX, Quadro, NVS;All driver versions prior to 536.25;536.23, 474.44, Available the week of June 29, 2023, 536.25, 529.11, 454.23, 529.11(vGPU 15.3), 474.44(vGPU 13.8), 454.23(vGPU 11.13), 536.25(June 2023 release), 535.54.03, 525.125.06, 470.199.02, 450.248.02
CVE-2023-25515;7.8;HIGH;CVSS:3.1/AV:L/AC:L/PR:L/UI:N/S:U/C:H/I:H/A:H;CWE-822;5468;Studio;All driver versions;536.23, 474.44, Available the week of June 29, 2023, 536.25, 529.11, 454.23, 529.11(vGPU 15.3), 474.44(vGPU 13.8), 454.23(vGPU 11.13), 536.25(June 2023 release), 535.54.03, 525.125.06, 470.199.02, 450.248.02
CVE-2023-25515;7.8;HIGH;CVSS:3.1/AV:L/AC:L/PR:L/UI:N/S:U/C:H/I:H/A:H;CWE-822;5468;Tesla;All driver versions prior to 450.248.02;536.23, 474.44, Available the week of June 29, 2023, 536.25, 529.11, 454.23, 529.11(vGPU 15.3), 474.44(vGPU 13.8), 454.23(vGPU 11.13), 536.25(June 2023 release), 535.54.03, 525.125.06, 470.199.02, 450.248.02
CVE-2023-25515;7.8;HIGH;CVSS:3.1/AV:L/AC:L/PR:L/UI:N/S:U/C:H/I:H/A:H;CWE-822;5468;Tesla;All driver versions prior to 454.23;536.23, 474.44, Available the week of June 29, 2023, 536.25, 529.11, 454.23, 529.11(vGPU 15.3), 474.44(vGPU 13.8), 454.23(vGPU 11.13), 536.25(June 2023 release), 535.54.03, 525.125.06, 470.199.02, 450.248.02
CVE-2023-25515;7.8;HIGH;CVSS:3.1/AV:L/AC:L/PR:L/UI:N/S:U/C:H/I:H/A:H;CWE-822;5468;Tesla;All driver versions prior to 470.199.02;536.23, 474.44, Available the week of June 29, 2023, 536.25, 529.11, 454.23, 529.11(vGPU 15.3), 474.44(vGPU 13.8), 454.23(vGPU 11.13), 536.25(June 2023 release), 535.54.03, 525.125.06, 470.199.02, 450.248.02
CVE-2023-25515;7.8;HIGH;CVSS:3.1/AV:L/AC:L/PR:L/UI:N/S:U/C:H/I:H/A:H;CWE-822;5468;Tesla;All driver versions prior to 474.44;536.23, 474.44, Available the week of June 29, 2023, 536.25, 529.11, 454.23, 529.11(vGPU 15.3), 474.44(vGPU 13.8), 454.23(vGPU 11.13), 536.25(June 2023 release), 535.54.03, 525.125.06, 470.199.02, 450.248.02
CVE-2023-25515;7.8;HIGH;CVSS:3.1/AV:L/AC:L/PR:L/UI:N/S:U/C:H/I:H/A:H;CWE-822;5468;Tesla;All driver versions prior to 525.125.06;536.23, 474.44, Available the week of June 29, 2023, 536.25, 529.11, 454.23, 529.11(vGPU 15.3), 474.44(vGPU 13.8), 454.23(vGPU 11.13), 536.25(June 2023 release), 535.54.03, 525.125.06, 470.199.02, 450.248.02
CVE-2023-25515;7.8;HIGH;CVSS:3.1/AV:L/AC:L/PR:L/UI:N/S:U/C:H/I:H/A:H;CWE-822;5468;Tesla;All driver versions prior to 529.11;536.23, 474.44, Available the week of June 29, 2023, 536.25, 529.11, 454.23, 529.11(vGPU 15.3), 474.44(vGPU 13.8), 454.23(vGPU 11.13), 536.25(June 2023 release), 535.54.03, 525.125.06, 470.199.02, 450.248.02
CVE-2023-25515;7.8;HIGH;CVSS:3.1/AV:L/AC:L/PR:L/UI:N/S:U/C:H/I:H/A:H;CWE-822;5468;Tesla;All driver versions prior to 535.54.03;536.23, 474.44, Available the week of June 29, 2023, 536.25, 529.11, 454.23, 529.11(vGPU 15.3), 474.44(vGPU 13.8), 454.23(vGPU 11.13), 536.25(June 2023 release), 535.54.03, 525.125.06, 470.199.02, 450.248.02
CVE-2023-25515;7.8;HIGH;CVSS:3.1/AV:L/AC:L/PR:L/UI:N/S:U/C:H/I:H/A:H;CWE-822;5468;Tesla;All driver versions prior to 536.25;536.23, 474.44, Available the week of June 29, 2023, 536.25, 529.11, 454.23, 529.11(vGPU 15.3), 474.44(vGPU 13.8), 454.23(vGPU 11.13), 536.25(June 2023 release), 535.54.03, 525.125.06, 470.199.02, 450.248.02
CVE-2023-25515;7.8;HIGH;CVSS:3.1/AV:L/AC:L/PR:L/UI:N/S:U/C:H/I:H/A:H;CWE-822;5468;vGPU software (guest driver);454.14(All versions prior to and including vGPU 11.12);536.23, 474.44, Available the week of June 29, 2023, 536.25, 529.11, 454.23, 529.11(vGPU 15.3), 474.44(vGPU 13.8), 454.23(vGPU 11.13), 536.25(June 2023 release), 535.54.03, 525.125.06, 470.199.02, 450.248.02
CVE-2023-25515;7.8;HIGH;CVSS:3.1/AV:L/AC:L/PR:L/UI:N/S:U/C:H/I:H/A:H;CWE-822;5468;vGPU software (guest driver);474.30(All versions prior to and including vGPU 13.7);536.23, 474.44, Available the week of June 29, 2023, 536.25, 529.11, 454.23, 529.11(vGPU 15.3), 474.44(vGPU 13.8), 454.23(vGPU 11.13), 536.25(June 2023 release), 535.54.03, 525.125.06, 470.199.02, 450.248.02
CVE-2023-25515;7.8;HIGH;CVSS:3.1/AV:L/AC:L/PR:L/UI:N/S:U/C:H/I:H/A:H;CWE-822;5468;vGPU software (guest driver);528.89(All versions prior to and including vGPU 15.2);536.23, 474.44, Available the week of June 29, 2023, 536.25, 529.11, 454.23, 529.11(vGPU 15.3), 474.44(vGPU 13.8), 454.23(vGPU 11.13), 536.25(June 2023 release), 535.54.03, 525.125.06, 470.199.02, 450.248.02
CVE-2023-25516;7.1;HIGH;CVSS:3.1/AV:L/AC:L/PR:L/UI:N/S:U/C:H/I:N/A:H;CWE-190;5468;GeForce;All driver versions prior to 470.199.02;535.54.03, 525.125.06, 470.199.02, 450.248.02, 525.125.06(vGPU 15.3), 470.199.02(vGPU 13.8), 450.248.02(vGPU 11.13), 525.125.03(vGPU 15.3), 470.199.03(vGPU 13.8), 450.248.03(vGPU 11.13), 535.54.03(June 2023 release), 535.54.06(June 2023 release)
CVE-2023-25516;7.1;HIGH;CVSS:3.1/AV:L/AC:L/PR:L/UI:N/S:U/C:H/I:N/A:H;CWE-190;5468;GeForce;All driver versions prior to 525.125.06;535.54.03, 525.125.06, 470.199.02, 450.248.02, 525.125.06(vGPU 15.3), 470.199.02(vGPU 13.8), 450.248.02(vGPU 11.13), 525.125.03(vGPU 15.3), 470.199.03(vGPU 13.8), 450.248.03(vGPU 11.13), 535.54.03(June 2023 release), 535.54.06(June 2023 release)
CVE-2023-25516;7.1;HIGH;CVSS:3.1/AV:L/AC:L/PR:L/UI:N/S:U/C:H/I:N/A:H;CWE-190;5468;GeForce;All driver versions prior to 535.54.03;535.54.03, 525.125.06, 470.199.02, 450.248.02, 525.125.06(vGPU 15.3), 470.199.02(vGPU 13.8), 450.248.02(vGPU 11.13), 525.125.03(vGPU 15.3), 470.199.03(vGPU 13.8), 450.248.03(vGPU 11.13), 535.54.03(June 2023 release), 535.54.06(June 2023 release)
CVE-2023-25516;7.1;HIGH;CVSS:3.1/AV:L/AC:L/PR:L/UI:N/S:U/C:H/I:N/A:H;CWE-190;5468;NVIDIA Cloud Gaming (guest driver);All versions prior to 530.51(All versions prior to and including May 2023 release	);535.54.03, 525.125.06, 470.199.02, 450.248.02, 525.125.06(vGPU 15.3), 470.199.02(vGPU 13.8), 450.248.02(vGPU 11.13), 525.125.03(vGPU 15.3), 470.199.03(vGPU 13.8), 450.248.03(vGPU 11.13), 535.54.03(June 2023 release), 535.54.06(June 2023 release)
CVE-2023-25516;7.1;HIGH;CVSS:3.1/AV:L/AC:L/PR:L/UI:N/S:U/C:H/I:N/A:H;CWE-190;5468;NVIDIA Cloud Gaming (Virtual GPU Manager);All versions prior to 530.51(All versions prior to and including May 2023 release	);535.54.03, 525.125.06, 470.199.02, 450.248.02, 525.125.06(vGPU 15.3), 470.199.02(vGPU 13.8), 450.248.02(vGPU 11.13), 525.125.03(vGPU 15.3), 470.199.03(vGPU 13.8), 450.248.03(vGPU 11.13), 535.54.03(June 2023 release), 535.54.06(June 2023 release)
CVE-2023-25516;7.1;HIGH;CVSS:3.1/AV:L/AC:L/PR:L/UI:N/S:U/C:H/I:N/A:H;CWE-190;5468;NVIDIA RTX, Quadro, NVS;All driver versions prior to 470.199.02;535.54.03, 525.125.06, 470.199.02, 450.248.02, 525.125.06(vGPU 15.3), 470.199.02(vGPU 13.8), 450.248.02(vGPU 11.13), 525.125.03(vGPU 15.3), 470.199.03(vGPU 13.8), 450.248.03(vGPU 11.13), 535.54.03(June 2023 release), 535.54.06(June 2023 release)
CVE-2023-25516;7.1;HIGH;CVSS:3.1/AV:L/AC:L/PR:L/UI:N/S:U/C:H/I:N/A:H;CWE-190;5468;NVIDIA RTX, Quadro, NVS;All driver versions prior to 525.125.06;535.54.03, 525.125.06, 470.199.02, 450.248.02, 525.125.06(vGPU 15.3), 470.199.02(vGPU 13.8), 450.248.02(vGPU 11.13), 525.125.03(vGPU 15.3), 470.199.03(vGPU 13.8), 450.248.03(vGPU 11.13), 535.54.03(June 2023 release), 535.54.06(June 2023 release)
CVE-2023-25516;7.1;HIGH;CVSS:3.1/AV:L/AC:L/PR:L/UI:N/S:U/C:H/I:N/A:H;CWE-190;5468;NVIDIA RTX, Quadro, NVS;All driver versions prior to 535.54.03;535.54.03, 525.125.06, 470.199.02, 450.248.02, 525.125.06(vGPU 15.3), 470.199.02(vGPU 13.8), 450.248.02(vGPU 11.13), 525.125.03(vGPU 15.3), 470.199.03(vGPU 13.8), 450.248.03(vGPU 11.13), 535.54.03(June 2023 release), 535.54.06(June 2023 release)
CVE-2023-25516;7.1;HIGH;CVSS:3.1/AV:L/AC:L/PR:L/UI:N/S:U/C:H/I:N/A:H;CWE-190;5468;Tesla;All driver versions prior to 450.248.02;535.54.03, 525.125.06, 470.199.02, 450.248.02, 525.125.06(vGPU 15.3), 470.199.02(vGPU 13.8), 450.248.02(vGPU 11.13), 525.125.03(vGPU 15.3), 470.199.03(vGPU 13.8), 450.248.03(vGPU 11.13), 535.54.03(June 2023 release), 535.54.06(June 2023 release)
CVE-2023-25516;7.1;HIGH;CVSS:3.1/AV:L/AC:L/PR:L/UI:N/S:U/C:H/I:N/A:H;CWE-190;5468;Tesla;All driver versions prior to 470.199.02;535.54.03, 525.125.06, 470.199.02, 450.248.02, 525.125.06(vGPU 15.3), 470.199.02(vGPU 13.8), 450.248.02(vGPU 11.13), 525.125.03(vGPU 15.3), 470.199.03(vGPU 13.8), 450.248.03(vGPU 11.13), 535.54.03(June 2023 release), 535.54.06(June 2023 release)
CVE-2023-25516;7.1;HIGH;CVSS:3.1/AV:L/AC:L/PR:L/UI:N/S:U/C:H/I:N/A:H;CWE-190;5468;Tesla;All driver versions prior to 525.125.06;535.54.03, 525.125.06, 470.199.02, 450.248.02, 525.125.06(vGPU 15.3), 470.199.02(vGPU 13.8), 450.248.02(vGPU 11.13), 525.125.03(vGPU 15.3), 470.199.03(vGPU 13.8), 450.248.03(vGPU 11.13), 535.54.03(June 2023 release), 535.54.06(June 2023 release)
CVE-2023-25516;7.1;HIGH;CVSS:3.1/AV:L/AC:L/PR:L/UI:N/S:U/C:H/I:N/A:H;CWE-190;5468;Tesla;All driver versions prior to 535.54.03;535.54.03, 525.125.06, 470.199.02, 450.248.02, 525.125.06(vGPU 15.3), 470.199.02(vGPU 13.8), 450.248.02(vGPU 11.13), 525.125.03(vGPU 15.3), 470.199.03(vGPU 13.8), 450.248.03(vGPU 11.13), 535.54.03(June 2023 release), 535.54.06(June 2023 release)
CVE-2023-25516;7.1;HIGH;CVSS:3.1/AV:L/AC:L/PR:L/UI:N/S:U/C:H/I:N/A:H;CWE-190;5468;vGPU software (guest driver);450.236.01(All versions prior to and including vGPU 11.12);535.54.03, 525.125.06, 470.199.02, 450.248.02, 525.125.06(vGPU 15.3), 470.199.02(vGPU 13.8), 450.248.02(vGPU 11.13), 525.125.03(vGPU 15.3), 470.199.03(vGPU 13.8), 450.248.03(vGPU 11.13), 535.54.03(June 2023 release), 535.54.06(June 2023 release)
CVE-2023-25516;7.1;HIGH;CVSS:3.1/AV:L/AC:L/PR:L/UI:N/S:U/C:H/I:N/A:H;CWE-190;5468;vGPU software (guest driver);470.182.03(All versions prior to and including vGPU 13.7);535.54.03, 525.125.06, 470.199.02, 450.248.02, 525.125.06(vGPU 15.3), 470.199.02(vGPU 13.8), 450.248.02(vGPU 11.13), 525.125.03(vGPU 15.3), 470.199.03(vGPU 13.8), 450.248.03(vGPU 11.13), 535.54.03(June 2023 release), 535.54.06(June 2023 release)
CVE-2023-25516;7.1;HIGH;CVSS:3.1/AV:L/AC:L/PR:L/UI:N/S:U/C:H/I:N/A:H;CWE-190;5468;vGPU software (guest driver);525.105.17(All versions prior to and including vGPU 15.2);535.54.03, 525.125.06, 470.199.02, 450.248.02, 525.125.06(vGPU 15.3), 470.199.02(vGPU 13.8), 450.248.02(vGPU 11.13), 525.125.03(vGPU 15.3), 470.199.03(vGPU 13.8), 450.248.03(vGPU 11.13), 535.54.03(June 2023 release), 535.54.06(June 2023 release)
CVE-2023-25516;7.1;HIGH;CVSS:3.1/AV:L/AC:L/PR:L/UI:N/S:U/C:H/I:N/A:H;CWE-190;5468;vGPU software (Virtual GPU Manager);450.236.03(All versions prior to and including vGPU 11.12);535.54.03, 525.125.06, 470.199.02, 450.248.02, 525.125.06(vGPU 15.3), 470.199.02(vGPU 13.8), 450.248.02(vGPU 11.13), 525.125.03(vGPU 15.3), 470.199.03(vGPU 13.8), 450.248.03(vGPU 11.13), 535.54.03(June 2023 release), 535.54.06(June 2023 release)
CVE-2023-25516;7.1;HIGH;CVSS:3.1/AV:L/AC:L/PR:L/UI:N/S:U/C:H/I:N/A:H;CWE-190;5468;vGPU software (Virtual GPU Manager);470.182.02(All versions prior to and including vGPU 13.7);535.54.03, 525.125.06, 470.199.02, 450.248.02, 525.125.06(vGPU 15.3), 470.199.02(vGPU 13.8), 450.248.02(vGPU 11.13), 525.125.03(vGPU 15.3), 470.199.03(vGPU 13.8), 450.248.03(vGPU 11.13), 535.54.03(June 2023 release), 535.54.06(June 2023 release)
CVE-2023-25516;7.1;HIGH;CVSS:3.1/AV:L/AC:L/PR:L/UI:N/S:U/C:H/I:N/A:H;CWE-190;5468;vGPU software (Virtual GPU Manager);525.105.14(All versions prior to and including vGPU 15.2);535.54.03, 525.125.06, 470.199.02, 450.248.02, 525.125.06(vGPU 15.3), 470.199.02(vGPU 13.8), 450.248.02(vGPU 11.13), 525.125.03(vGPU 15.3), 470.199.03(vGPU 13.8), 450.248.03(vGPU 11.13), 535.54.03(June 2023 release), 535.54.06(June 2023 release)
CVE-2023-25517;7.1;HIGH;CVSS:3.1/AV:L/AC:L/PR:L/UI:N/S:U/C:H/I:H/A:N;CWE-285;5468;NVIDIA Cloud Gaming (Virtual GPU Manager);All versions prior to 530.51(All versions prior to and including May 2023 release	);525.125.03(vGPU 15.3), 535.54.06(June 2023 release)
CVE-2023-25517;7.1;HIGH;CVSS:3.1/AV:L/AC:L/PR:L/UI:N/S:U/C:H/I:H/A:N;CWE-285;5468;vGPU software (Virtual GPU Manager);525.105.14(All versions prior to and including vGPU 15.2);525.125.03(vGPU 15.3), 535.54.06(June 2023 release)
CVE-2023-25518;7.1;HIGH;CVSS:3.1/AV:P/AC:H/PR:N/UI:N/S:C/C:H/I:H/A:H;CWE-923;5466;Jetson AGX Xavier series, Jetson Xavier NX;All versions prior to 32.7.4;32.7.4
CVE-2023-25519;7.8;HIGH;CVSS:3.1/AV:L/AC:L/PR:L/UI:N/S:U/C:H/I:H/A:H;CWE-286;5479;BlueField 1;All versions after 18.24.1000;Contact your NVIDIA Customer Program Manager, 24.35.3006 or later(BFB 3.9.5 or later),  24.38.1002 or later(BFB 4.2.0 or later), 32.38.1002 or later(BFB 4.2.0 or later)
CVE-2023-25519;7.8;HIGH;CVSS:3.1/AV:L/AC:L/PR:L/UI:N/S:U/C:H/I:H/A:H;CWE-286;5479;BlueField 2 GA;All versions prior to 24.38.1002;Contact your NVIDIA Customer Program Manager, 24.35.3006 or later(BFB 3.9.5 or later),  24.38.1002 or later(BFB 4.2.0 or later), 32.38.1002 or later(BFB 4.2.0 or later)
CVE-2023-25519;7.8;HIGH;CVSS:3.1/AV:L/AC:L/PR:L/UI:N/S:U/C:H/I:H/A:H;CWE-286;5479;BlueField 2 LTS;All versions prior to 24.35.3006;Contact your NVIDIA Customer Program Manager, 24.35.3006 or later(BFB 3.9.5 or later),  24.38.1002 or later(BFB 4.2.0 or later), 32.38.1002 or later(BFB 4.2.0 or later)
CVE-2023-25519;7.8;HIGH;CVSS:3.1/AV:L/AC:L/PR:L/UI:N/S:U/C:H/I:H/A:H;CWE-286;5479;BlueField 3 GA;All versions prior to 32.38.1002;Contact your NVIDIA Customer Program Manager, 24.35.3006 or later(BFB 3.9.5 or later),  24.38.1002 or later(BFB 4.2.0 or later), 32.38.1002 or later(BFB 4.2.0 or later)
CVE-2023-25520;4.4;MEDIUM;CVSS:3.1/AV:L/AC:L/PR:H/UI:N/S:U/C:N/I:N/A:H;CWE-20;5466;Jetson TX2 series, Jetson TX2 NX, Jetson AGX Xavier series, Jetson Xavier NX;All versions prior to 32.7.4;32.7.4
CVE-2023-25521;7.5;HIGH;CVSS:3.1/AV:L/AC:H/PR:H/UI:N/S:C/C:H/I:H/A:H;CWE-250;5461;NVIDIA DGX;All SBIOS versions prior to 1.21;1.21
CVE-2023-25522;7.5;HIGH;CVSS:3.1/AV:L/AC:H/PR:H/UI:N/S:C/C:H/I:H/A:H;CWE-20;5461;NVIDIA DGX;All SBIOS versions prior to 1.21;1.21
CVE-2023-25523;3.3;LOW;CVSS:3.1/AV:L/AC:L/PR:N/UI:R/S:U/C:N/I:N/A:L;CWE-476;5469;NVIDIA CUDA Toolkit;All versions prior to CUDA Toolkit v12.2;CUDA Toolkit v12.2
CVE-2023-25524;4;MEDIUM;CVSS:3.1/AV:L/AC:L/PR:N/UI:N/S:U/C:L/I:N/A:N;CWE-598;5472;Omniverse Workstation Launcher;1.8.7 and prior versions;1.8.11
CVE-2023-25525;7.5;HIGH;CVSS:3.1/AV:N/AC:L/PR:N/UI:N/S:U/C:H/I:N/A:N;CWE-284;5480;Cumulus Linux;All versions prior to 5.6.0;5.6.0
CVE-2023-25526;6.5;MEDIUM;CVSS:3.1/AV:A/AC:L/PR:N/UI:N/S:U/C:N/I:N/A:H;CWE-248;5480;Cumulus Linux;All versions prior to 5.5.0;5.5.0
CVE-2023-25527;7.8;HIGH;CVSS:3.1/AV:L/AC:L/PR:L/UI:N/S:U/C:H/I:H/A:H;CWE-119;5473;DGX H100;All versions prior to 23.08.18;23.08.18
CVE-2023-25528;8.8;HIGH;CVSS:3.1/AV:A/AC:L/PR:N/UI:N/S:U/C:H/I:H/A:H;CWE-121;5473;DGX H100;All versions prior to 23.08.18;23.08.18
CVE-2023-25529;8;HIGH;CVSS:3.1/AV:A/AC:H/PR:N/UI:N/S:C/C:H/I:H/A:N;CWE-208;5473;DGX H100;All versions prior to 23.08.18;23.08.18
CVE-2023-25530;8;HIGH;CVSS:3.1/AV:A/AC:L/PR:L/UI:N/S:U/C:H/I:H/A:H;CWE-20;5473;DGX H100;All versions prior to 23.08.18;23.08.18
CVE-2023-25531;7.6;HIGH;CVSS:3.1/AV:A/AC:H/PR:L/UI:R/S:C/C:H/I:H/A:H;CWE-522;5473;DGX H100;All versions prior to 23.08.18;23.08.18
CVE-2023-25532;6.5;MEDIUM;CVSS:3.1/AV:A/AC:L/PR:N/UI:N/S:U/C:H/I:N/A:N;CWE-522;5473;DGX H100;All versions prior to 23.08.18;23.08.18
CVE-2023-25533;8.3;HIGH;CVSS:3.1/AV:A/AC:L/PR:H/UI:N/S:C/C:H/I:H/A:L;CWE-20;5473;DGX H100;All versions prior to 23.08.18;23.08.18
CVE-2023-25534;5.7;MEDIUM;CVSS:3.1/AV:A/AC:L/PR:H/UI:N/S:U/C:L/I:L/A:H;CWE-20;5473;DGX H100;All versions prior to 23.08.18;23.08.18
CVE-2023-31008;7.3;HIGH;CVSS:3.1/AV:L/AC:L/PR:L/UI:N/S:U/C:L/I:H/A:H;CWE-20;5473;DGX H100;All versions prior to 23.08.18;23.08.18
CVE-2023-31009;8.3;HIGH;CVSS:3.1/AV:A/AC:L/PR:N/UI:N/S:U/C:L/I:H/A:H;CWE-20;5473;DGX H100;All versions prior to 23.08.18;23.08.18
CVE-2023-31010;6.8;MEDIUM;CVSS:3.1/AV:A/AC:L/PR:H/UI:N/S:U/C:H/I:H/A:H;CWE-20;5473;DGX H100;All versions prior to 23.08.18;23.08.18
CVE-2023-31011;5.2;MEDIUM;CVSS:3.1/AV:A/AC:L/PR:H/UI:N/S:U/C:L/I:H/A:N;CWE-20;5473;DGX H100;All versions prior to 23.08.18;23.08.18
CVE-2023-31012;6.1;MEDIUM;CVSS:3.1/AV:A/AC:L/PR:H/UI:N/S:U/C:H/I:H/A:N;CWE-20;5473;DGX H100;All versions prior to 23.08.18;23.08.18
CVE-2023-31013;6.1;MEDIUM;CVSS:3.1/AV:A/AC:L/PR:H/UI:N/S:U/C:H/I:H/A:N;CWE-20;5473;DGX H100;All versions prior to 23.08.18;23.08.18
CVE-2023-31014;4.2;MEDIUM;CVSS:3.1/AV:L/AC:H/PR:L/UI:R/S:U/C:L/I:L/A:L;CWE-927;5476;GeForce NOW for Android mobile and TV app;6.00.32705137 to 6.04.33108832;6.05.33200069
CVE-2023-31015;6.6;MEDIUM;CVSS:3.1/AV:L/AC:L/PR:L/UI:N/S:U/C:L/I:H/A:L;CWE-287;5473;DGX H100;All versions prior to 23.08.18;23.08.18
CVE-2023-31016;7.3;HIGH;CVSS:3.1/AV:L/AC:L/PR:L/UI:R/S:U/C:H/I:H/A:H;CWE-427;5491;GeForce;All driver versions prior to 546.01;546.01, 537.70, 529.19, 537.70(vGPU 16.2), 529.19(vGPU 15.4), 546.01(October 2023 release)
CVE-2023-31016;7.3;HIGH;CVSS:3.1/AV:L/AC:L/PR:L/UI:R/S:U/C:H/I:H/A:H;CWE-427;5491;Guest driver;529.11(All versions prior to and including vGPU 15.3);546.01, 537.70, 529.19, 537.70(vGPU 16.2), 529.19(vGPU 15.4), 546.01(October 2023 release)
CVE-2023-31016;7.3;HIGH;CVSS:3.1/AV:L/AC:L/PR:L/UI:R/S:U/C:H/I:H/A:H;CWE-427;5491;Guest driver;537.13(All versions prior to and including vGPU 16.1);546.01, 537.70, 529.19, 537.70(vGPU 16.2), 529.19(vGPU 15.4), 546.01(October 2023 release)
CVE-2023-31016;7.3;HIGH;CVSS:3.1/AV:L/AC:L/PR:L/UI:R/S:U/C:H/I:H/A:H;CWE-427;5491;Guest driver;537.42(All versions prior to and including September 2023 release);546.01, 537.70, 529.19, 537.70(vGPU 16.2), 529.19(vGPU 15.4), 546.01(October 2023 release)
CVE-2023-31016;7.3;HIGH;CVSS:3.1/AV:L/AC:L/PR:L/UI:R/S:U/C:H/I:H/A:H;CWE-427;5491;NVIDIA RTX, Quadro, NVS;All driver versions prior to 529.19;546.01, 537.70, 529.19, 537.70(vGPU 16.2), 529.19(vGPU 15.4), 546.01(October 2023 release)
CVE-2023-31016;7.3;HIGH;CVSS:3.1/AV:L/AC:L/PR:L/UI:R/S:U/C:H/I:H/A:H;CWE-427;5491;NVIDIA RTX, Quadro, NVS;All driver versions prior to 537.70;546.01, 537.70, 529.19, 537.70(vGPU 16.2), 529.19(vGPU 15.4), 546.01(October 2023 release)
CVE-2023-31016;7.3;HIGH;CVSS:3.1/AV:L/AC:L/PR:L/UI:R/S:U/C:H/I:H/A:H;CWE-427;5491;NVIDIA RTX, Quadro, NVS;All driver versions prior to 546.01;546.01, 537.70, 529.19, 537.70(vGPU 16.2), 529.19(vGPU 15.4), 546.01(October 2023 release)
CVE-2023-31016;7.3;HIGH;CVSS:3.1/AV:L/AC:L/PR:L/UI:R/S:U/C:H/I:H/A:H;CWE-427;5491;Studio;All driver versions prior to 546.01;546.01, 537.70, 529.19, 537.70(vGPU 16.2), 529.19(vGPU 15.4), 546.01(October 2023 release)
CVE-2023-31016;7.3;HIGH;CVSS:3.1/AV:L/AC:L/PR:L/UI:R/S:U/C:H/I:H/A:H;CWE-427;5491;Tesla;All driver versions prior to 529.19;546.01, 537.70, 529.19, 537.70(vGPU 16.2), 529.19(vGPU 15.4), 546.01(October 2023 release)
CVE-2023-31016;7.3;HIGH;CVSS:3.1/AV:L/AC:L/PR:L/UI:R/S:U/C:H/I:H/A:H;CWE-427;5491;Tesla;All driver versions prior to 537.70;546.01, 537.70, 529.19, 537.70(vGPU 16.2), 529.19(vGPU 15.4), 546.01(October 2023 release)
CVE-2023-31017;8.2;HIGH;CVSS:3.1/AV:L/AC:L/PR:H/UI:N/S:C/C:H/I:H/A:H;CWE-59;5491;GeForce;All driver versions prior to 474.64;546.01, 537.70, 529.19, 474.64, 537.70(vGPU 16.2), 529.19(vGPU 15.4), 474.64(vGPU 13.9), 546.01(October 2023 release)
CVE-2023-31017;8.2;HIGH;CVSS:3.1/AV:L/AC:L/PR:H/UI:N/S:C/C:H/I:H/A:H;CWE-59;5491;GeForce;All driver versions prior to 474.64 for support of GeForce Kepler desktop;546.01, 537.70, 529.19, 474.64, 537.70(vGPU 16.2), 529.19(vGPU 15.4), 474.64(vGPU 13.9), 546.01(October 2023 release)
CVE-2023-31017;8.2;HIGH;CVSS:3.1/AV:L/AC:L/PR:H/UI:N/S:C/C:H/I:H/A:H;CWE-59;5491;GeForce;All driver versions prior to 546.01;546.01, 537.70, 529.19, 474.64, 537.70(vGPU 16.2), 529.19(vGPU 15.4), 474.64(vGPU 13.9), 546.01(October 2023 release)
CVE-2023-31017;8.2;HIGH;CVSS:3.1/AV:L/AC:L/PR:H/UI:N/S:C/C:H/I:H/A:H;CWE-59;5491;Guest driver;474.44(All versions prior to and including vGPU 13.8);546.01, 537.70, 529.19, 474.64, 537.70(vGPU 16.2), 529.19(vGPU 15.4), 474.64(vGPU 13.9), 546.01(October 2023 release)
CVE-2023-31017;8.2;HIGH;CVSS:3.1/AV:L/AC:L/PR:H/UI:N/S:C/C:H/I:H/A:H;CWE-59;5491;Guest driver;529.11(All versions prior to and including vGPU 15.3);546.01, 537.70, 529.19, 474.64, 537.70(vGPU 16.2), 529.19(vGPU 15.4), 474.64(vGPU 13.9), 546.01(October 2023 release)
CVE-2023-31017;8.2;HIGH;CVSS:3.1/AV:L/AC:L/PR:H/UI:N/S:C/C:H/I:H/A:H;CWE-59;5491;Guest driver;537.13(All versions prior to and including vGPU 16.1);546.01, 537.70, 529.19, 474.64, 537.70(vGPU 16.2), 529.19(vGPU 15.4), 474.64(vGPU 13.9), 546.01(October 2023 release)
CVE-2023-31017;8.2;HIGH;CVSS:3.1/AV:L/AC:L/PR:H/UI:N/S:C/C:H/I:H/A:H;CWE-59;5491;Guest driver;537.42(All versions prior to and including September 2023 release);546.01, 537.70, 529.19, 474.64, 537.70(vGPU 16.2), 529.19(vGPU 15.4), 474.64(vGPU 13.9), 546.01(October 2023 release)
CVE-2023-31017;8.2;HIGH;CVSS:3.1/AV:L/AC:L/PR:H/UI:N/S:C/C:H/I:H/A:H;CWE-59;5491;NVIDIA RTX, Quadro, NVS;All driver versions prior to 474.64;546.01, 537.70, 529.19, 474.64, 537.70(vGPU 16.2), 529.19(vGPU 15.4), 474.64(vGPU 13.9), 546.01(October 2023 release)
CVE-2023-31017;8.2;HIGH;CVSS:3.1/AV:L/AC:L/PR:H/UI:N/S:C/C:H/I:H/A:H;CWE-59;5491;NVIDIA RTX, Quadro, NVS;All driver versions prior to 529.19;546.01, 537.70, 529.19, 474.64, 537.70(vGPU 16.2), 529.19(vGPU 15.4), 474.64(vGPU 13.9), 546.01(October 2023 release)
CVE-2023-31017;8.2;HIGH;CVSS:3.1/AV:L/AC:L/PR:H/UI:N/S:C/C:H/I:H/A:H;CWE-59;5491;NVIDIA RTX, Quadro, NVS;All driver versions prior to 537.70;546.01, 537.70, 529.19, 474.64, 537.70(vGPU 16.2), 529.19(vGPU 15.4), 474.64(vGPU 13.9), 546.01(October 2023 release)
CVE-2023-31017;8.2;HIGH;CVSS:3.1/AV:L/AC:L/PR:H/UI:N/S:C/C:H/I:H/A:H;CWE-59;5491;NVIDIA RTX, Quadro, NVS;All driver versions prior to 546.01;546.01, 537.70, 529.19, 474.64, 537.70(vGPU 16.2), 529.19(vGPU 15.4), 474.64(vGPU 13.9), 546.01(October 2023 release)
CVE-2023-31017;8.2;HIGH;CVSS:3.1/AV:L/AC:L/PR:H/UI:N/S:C/C:H/I:H/A:H;CWE-59;5491;Studio;All driver versions prior to 546.01;546.01, 537.70, 529.19, 474.64, 537.70(vGPU 16.2), 529.19(vGPU 15.4), 474.64(vGPU 13.9), 546.01(October 2023 release)
CVE-2023-31017;8.2;HIGH;CVSS:3.1/AV:L/AC:L/PR:H/UI:N/S:C/C:H/I:H/A:H;CWE-59;5491;Tesla;All driver versions prior to 474.64;546.01, 537.70, 529.19, 474.64, 537.70(vGPU 16.2), 529.19(vGPU 15.4), 474.64(vGPU 13.9), 546.01(October 2023 release)
CVE-2023-31017;8.2;HIGH;CVSS:3.1/AV:L/AC:L/PR:H/UI:N/S:C/C:H/I:H/A:H;CWE-59;5491;Tesla;All driver versions prior to 529.19;546.01, 537.70, 529.19, 474.64, 537.70(vGPU 16.2), 529.19(vGPU 15.4), 474.64(vGPU 13.9), 546.01(October 2023 release)
CVE-2023-31017;8.2;HIGH;CVSS:3.1/AV:L/AC:L/PR:H/UI:N/S:C/C:H/I:H/A:H;CWE-59;5491;Tesla;All driver versions prior to 537.70;546.01, 537.70, 529.19, 474.64, 537.70(vGPU 16.2), 529.19(vGPU 15.4), 474.64(vGPU 13.9), 546.01(October 2023 release)
CVE-2023-31018;6.5;MEDIUM;CVSS:3.1/AV:L/AC:L/PR:L/UI:N/S:C/C:N/I:N/A:H;CWE-476;5491;Guest driver;470.199.02(All versions prior to and including vGPU 13.8);537.70(vGPU 16.2), 529.19(vGPU 15.4), 474.64(vGPU 13.9), 546.01(October 2023 release), 535.109.03(vGPU 16.2), 525.147.05(vGPU 15.4), 470.223.02(vGPU 13.9), 525.147.01(vGPU 15.4), 545.29.02(October 2023 release)
CVE-2023-31018;6.5;MEDIUM;CVSS:3.1/AV:L/AC:L/PR:L/UI:N/S:C/C:N/I:N/A:H;CWE-476;5491;Guest driver;474.44(All versions prior to and including vGPU 13.8);537.70(vGPU 16.2), 529.19(vGPU 15.4), 474.64(vGPU 13.9), 546.01(October 2023 release), 535.109.03(vGPU 16.2), 525.147.05(vGPU 15.4), 470.223.02(vGPU 13.9), 525.147.01(vGPU 15.4), 545.29.02(October 2023 release)
CVE-2023-31018;6.5;MEDIUM;CVSS:3.1/AV:L/AC:L/PR:L/UI:N/S:C/C:N/I:N/A:H;CWE-476;5491;Guest driver;525.125.06(All versions prior to and including vGPU 15.3);537.70(vGPU 16.2), 529.19(vGPU 15.4), 474.64(vGPU 13.9), 546.01(October 2023 release), 535.109.03(vGPU 16.2), 525.147.05(vGPU 15.4), 470.223.02(vGPU 13.9), 525.147.01(vGPU 15.4), 545.29.02(October 2023 release)
CVE-2023-31018;6.5;MEDIUM;CVSS:3.1/AV:L/AC:L/PR:L/UI:N/S:C/C:N/I:N/A:H;CWE-476;5491;Guest driver;529.11(All versions prior to and including vGPU 15.3);537.70(vGPU 16.2), 529.19(vGPU 15.4), 474.64(vGPU 13.9), 546.01(October 2023 release), 535.109.03(vGPU 16.2), 525.147.05(vGPU 15.4), 470.223.02(vGPU 13.9), 525.147.01(vGPU 15.4), 545.29.02(October 2023 release)
CVE-2023-31018;6.5;MEDIUM;CVSS:3.1/AV:L/AC:L/PR:L/UI:N/S:C/C:N/I:N/A:H;CWE-476;5491;Guest driver;535.104.05(All versions prior to and including vGPU 16.1);537.70(vGPU 16.2), 529.19(vGPU 15.4), 474.64(vGPU 13.9), 546.01(October 2023 release), 535.109.03(vGPU 16.2), 525.147.05(vGPU 15.4), 470.223.02(vGPU 13.9), 525.147.01(vGPU 15.4), 545.29.02(October 2023 release)
CVE-2023-31018;6.5;MEDIUM;CVSS:3.1/AV:L/AC:L/PR:L/UI:N/S:C/C:N/I:N/A:H;CWE-476;5491;Guest driver;535.113.01(All versions prior to and including September 2023 release);537.70(vGPU 16.2), 529.19(vGPU 15.4), 474.64(vGPU 13.9), 546.01(October 2023 release), 535.109.03(vGPU 16.2), 525.147.05(vGPU 15.4), 470.223.02(vGPU 13.9), 525.147.01(vGPU 15.4), 545.29.02(October 2023 release)
CVE-2023-31018;6.5;MEDIUM;CVSS:3.1/AV:L/AC:L/PR:L/UI:N/S:C/C:N/I:N/A:H;CWE-476;5491;Guest driver;537.13(All versions prior to and including vGPU 16.1);537.70(vGPU 16.2), 529.19(vGPU 15.4), 474.64(vGPU 13.9), 546.01(October 2023 release), 535.109.03(vGPU 16.2), 525.147.05(vGPU 15.4), 470.223.02(vGPU 13.9), 525.147.01(vGPU 15.4), 545.29.02(October 2023 release)
CVE-2023-31018;6.5;MEDIUM;CVSS:3.1/AV:L/AC:L/PR:L/UI:N/S:C/C:N/I:N/A:H;CWE-476;5491;Guest driver;537.42(All versions prior to and including September 2023 release);537.70(vGPU 16.2), 529.19(vGPU 15.4), 474.64(vGPU 13.9), 546.01(October 2023 release), 535.109.03(vGPU 16.2), 525.147.05(vGPU 15.4), 470.223.02(vGPU 13.9), 525.147.01(vGPU 15.4), 545.29.02(October 2023 release)
CVE-2023-31018;6.5;MEDIUM;CVSS:3.1/AV:L/AC:L/PR:L/UI:N/S:C/C:N/I:N/A:H;CWE-476;5491;Virtual GPU Manager;470.199.03(All versions prior to and including vGPU 13.8);537.70(vGPU 16.2), 529.19(vGPU 15.4), 474.64(vGPU 13.9), 546.01(October 2023 release), 535.109.03(vGPU 16.2), 525.147.05(vGPU 15.4), 470.223.02(vGPU 13.9), 525.147.01(vGPU 15.4), 545.29.02(October 2023 release)
CVE-2023-31018;6.5;MEDIUM;CVSS:3.1/AV:L/AC:L/PR:L/UI:N/S:C/C:N/I:N/A:H;CWE-476;5491;Virtual GPU Manager;525.125.03(All versions prior to and including vGPU 15.3);537.70(vGPU 16.2), 529.19(vGPU 15.4), 474.64(vGPU 13.9), 546.01(October 2023 release), 535.109.03(vGPU 16.2), 525.147.05(vGPU 15.4), 470.223.02(vGPU 13.9), 525.147.01(vGPU 15.4), 545.29.02(October 2023 release)
CVE-2023-31018;6.5;MEDIUM;CVSS:3.1/AV:L/AC:L/PR:L/UI:N/S:C/C:N/I:N/A:H;CWE-476;5491;Virtual GPU Manager;529.06(All versions prior to and including vGPU 15.3);537.70(vGPU 16.2), 529.19(vGPU 15.4), 474.64(vGPU 13.9), 546.01(October 2023 release), 535.109.03(vGPU 16.2), 525.147.05(vGPU 15.4), 470.223.02(vGPU 13.9), 525.147.01(vGPU 15.4), 545.29.02(October 2023 release)
CVE-2023-31018;6.5;MEDIUM;CVSS:3.1/AV:L/AC:L/PR:L/UI:N/S:C/C:N/I:N/A:H;CWE-476;5491;Virtual GPU Manager;535.104.06(All versions prior to and including vGPU 16.1);537.70(vGPU 16.2), 529.19(vGPU 15.4), 474.64(vGPU 13.9), 546.01(October 2023 release), 535.109.03(vGPU 16.2), 525.147.05(vGPU 15.4), 470.223.02(vGPU 13.9), 525.147.01(vGPU 15.4), 545.29.02(October 2023 release)
CVE-2023-31018;6.5;MEDIUM;CVSS:3.1/AV:L/AC:L/PR:L/UI:N/S:C/C:N/I:N/A:H;CWE-476;5491;Virtual GPU Manager;535.113.01(All versions prior to and including September 2023 release);537.70(vGPU 16.2), 529.19(vGPU 15.4), 474.64(vGPU 13.9), 546.01(October 2023 release), 535.109.03(vGPU 16.2), 525.147.05(vGPU 15.4), 470.223.02(vGPU 13.9), 525.147.01(vGPU 15.4), 545.29.02(October 2023 release)
CVE-2023-31018;6.5;MEDIUM;CVSS:3.1/AV:L/AC:L/PR:L/UI:N/S:C/C:N/I:N/A:H;CWE-476;5491;Virtual GPU Manager;537.13(All versions prior to and including vGPU 16.1);537.70(vGPU 16.2), 529.19(vGPU 15.4), 474.64(vGPU 13.9), 546.01(October 2023 release), 535.109.03(vGPU 16.2), 525.147.05(vGPU 15.4), 470.223.02(vGPU 13.9), 525.147.01(vGPU 15.4), 545.29.02(October 2023 release)
CVE-2023-31019;7.8;HIGH;CVSS:3.1/AV:L/AC:L/PR:L/UI:N/S:U/C:H/I:H/A:H;CWE-284;5491;GeForce;All driver versions prior to 474.64;546.01, 537.70, 529.19, 474.64, 537.70(vGPU 16.2), 529.19(vGPU 15.4), 474.64(vGPU 13.9), 546.01(October 2023 release)
CVE-2023-31019;7.8;HIGH;CVSS:3.1/AV:L/AC:L/PR:L/UI:N/S:U/C:H/I:H/A:H;CWE-284;5491;GeForce;All driver versions prior to 474.64 for support of GeForce Kepler desktop;546.01, 537.70, 529.19, 474.64, 537.70(vGPU 16.2), 529.19(vGPU 15.4), 474.64(vGPU 13.9), 546.01(October 2023 release)
CVE-2023-31019;7.8;HIGH;CVSS:3.1/AV:L/AC:L/PR:L/UI:N/S:U/C:H/I:H/A:H;CWE-284;5491;GeForce;All driver versions prior to 546.01;546.01, 537.70, 529.19, 474.64, 537.70(vGPU 16.2), 529.19(vGPU 15.4), 474.64(vGPU 13.9), 546.01(October 2023 release)
CVE-2023-31019;7.8;HIGH;CVSS:3.1/AV:L/AC:L/PR:L/UI:N/S:U/C:H/I:H/A:H;CWE-284;5491;Guest driver;474.44(All versions prior to and including vGPU 13.8);546.01, 537.70, 529.19, 474.64, 537.70(vGPU 16.2), 529.19(vGPU 15.4), 474.64(vGPU 13.9), 546.01(October 2023 release)
CVE-2023-31019;7.8;HIGH;CVSS:3.1/AV:L/AC:L/PR:L/UI:N/S:U/C:H/I:H/A:H;CWE-284;5491;Guest driver;529.11(All versions prior to and including vGPU 15.3);546.01, 537.70, 529.19, 474.64, 537.70(vGPU 16.2), 529.19(vGPU 15.4), 474.64(vGPU 13.9), 546.01(October 2023 release)
CVE-2023-31019;7.8;HIGH;CVSS:3.1/AV:L/AC:L/PR:L/UI:N/S:U/C:H/I:H/A:H;CWE-284;5491;Guest driver;537.13(All versions prior to and including vGPU 16.1);546.01, 537.70, 529.19, 474.64, 537.70(vGPU 16.2), 529.19(vGPU 15.4), 474.64(vGPU 13.9), 546.01(October 2023 release)
CVE-2023-31019;7.8;HIGH;CVSS:3.1/AV:L/AC:L/PR:L/UI:N/S:U/C:H/I:H/A:H;CWE-284;5491;Guest driver;537.42(All versions prior to and including September 2023 release);546.01, 537.70, 529.19, 474.64, 537.70(vGPU 16.2), 529.19(vGPU 15.4), 474.64(vGPU 13.9), 546.01(October 2023 release)
CVE-2023-31019;7.8;HIGH;CVSS:3.1/AV:L/AC:L/PR:L/UI:N/S:U/C:H/I:H/A:H;CWE-284;5491;NVIDIA RTX, Quadro, NVS;All driver versions prior to 474.64;546.01, 537.70, 529.19, 474.64, 537.70(vGPU 16.2), 529.19(vGPU 15.4), 474.64(vGPU 13.9), 546.01(October 2023 release)
CVE-2023-31019;7.8;HIGH;CVSS:3.1/AV:L/AC:L/PR:L/UI:N/S:U/C:H/I:H/A:H;CWE-284;5491;NVIDIA RTX, Quadro, NVS;All driver versions prior to 529.19;546.01, 537.70, 529.19, 474.64, 537.70(vGPU 16.2), 529.19(vGPU 15.4), 474.64(vGPU 13.9), 546.01(October 2023 release)
CVE-2023-31019;7.8;HIGH;CVSS:3.1/AV:L/AC:L/PR:L/UI:N/S:U/C:H/I:H/A:H;CWE-284;5491;NVIDIA RTX, Quadro, NVS;All driver versions prior to 537.70;546.01, 537.70, 529.19, 474.64, 537.70(vGPU 16.2), 529.19(vGPU 15.4), 474.64(vGPU 13.9), 546.01(October 2023 release)
CVE-2023-31019;7.8;HIGH;CVSS:3.1/AV:L/AC:L/PR:L/UI:N/S:U/C:H/I:H/A:H;CWE-284;5491;NVIDIA RTX, Quadro, NVS;All driver versions prior to 546.01;546.01, 537.70, 529.19, 474.64, 537.70(vGPU 16.2), 529.19(vGPU 15.4), 474.64(vGPU 13.9), 546.01(October 2023 release)
CVE-2023-31019;7.8;HIGH;CVSS:3.1/AV:L/AC:L/PR:L/UI:N/S:U/C:H/I:H/A:H;CWE-284;5491;Studio;All driver versions prior to 546.01;546.01, 537.70, 529.19, 474.64, 537.70(vGPU 16.2), 529.19(vGPU 15.4), 474.64(vGPU 13.9), 546.01(October 2023 release)
CVE-2023-31019;7.8;HIGH;CVSS:3.1/AV:L/AC:L/PR:L/UI:N/S:U/C:H/I:H/A:H;CWE-284;5491;Tesla;All driver versions prior to 474.64;546.01, 537.70, 529.19, 474.64, 537.70(vGPU 16.2), 529.19(vGPU 15.4), 474.64(vGPU 13.9), 546.01(October 2023 release)
CVE-2023-31019;7.8;HIGH;CVSS:3.1/AV:L/AC:L/PR:L/UI:N/S:U/C:H/I:H/A:H;CWE-284;5491;Tesla;All driver versions prior to 529.19;546.01, 537.70, 529.19, 474.64, 537.70(vGPU 16.2), 529.19(vGPU 15.4), 474.64(vGPU 13.9), 546.01(October 2023 release)
CVE-2023-31019;7.8;HIGH;CVSS:3.1/AV:L/AC:L/PR:L/UI:N/S:U/C:H/I:H/A:H;CWE-284;5491;Tesla;All driver versions prior to 537.70;546.01, 537.70, 529.19, 474.64, 537.70(vGPU 16.2), 529.19(vGPU 15.4), 474.64(vGPU 13.9), 546.01(October 2023 release)
CVE-2023-31020;6.1;MEDIUM;CVSS:3.1/AV:L/AC:L/PR:L/UI:N/S:U/C:N/I:L/A:H;CWE-284;5491;GeForce;All driver versions prior to 474.64;546.01, 537.70, 529.19, 474.64, 537.70(vGPU 16.2), 529.19(vGPU 15.4), 474.64(vGPU 13.9), 546.01(October 2023 release)
CVE-2023-31020;6.1;MEDIUM;CVSS:3.1/AV:L/AC:L/PR:L/UI:N/S:U/C:N/I:L/A:H;CWE-284;5491;GeForce;All driver versions prior to 474.64 for support of GeForce Kepler desktop;546.01, 537.70, 529.19, 474.64, 537.70(vGPU 16.2), 529.19(vGPU 15.4), 474.64(vGPU 13.9), 546.01(October 2023 release)
CVE-2023-31020;6.1;MEDIUM;CVSS:3.1/AV:L/AC:L/PR:L/UI:N/S:U/C:N/I:L/A:H;CWE-284;5491;GeForce;All driver versions prior to 546.01;546.01, 537.70, 529.19, 474.64, 537.70(vGPU 16.2), 529.19(vGPU 15.4), 474.64(vGPU 13.9), 546.01(October 2023 release)
CVE-2023-31020;6.1;MEDIUM;CVSS:3.1/AV:L/AC:L/PR:L/UI:N/S:U/C:N/I:L/A:H;CWE-284;5491;Guest driver;474.44(All versions prior to and including vGPU 13.8);546.01, 537.70, 529.19, 474.64, 537.70(vGPU 16.2), 529.19(vGPU 15.4), 474.64(vGPU 13.9), 546.01(October 2023 release)
CVE-2023-31020;6.1;MEDIUM;CVSS:3.1/AV:L/AC:L/PR:L/UI:N/S:U/C:N/I:L/A:H;CWE-284;5491;Guest driver;529.11(All versions prior to and including vGPU 15.3);546.01, 537.70, 529.19, 474.64, 537.70(vGPU 16.2), 529.19(vGPU 15.4), 474.64(vGPU 13.9), 546.01(October 2023 release)
CVE-2023-31020;6.1;MEDIUM;CVSS:3.1/AV:L/AC:L/PR:L/UI:N/S:U/C:N/I:L/A:H;CWE-284;5491;Guest driver;537.13(All versions prior to and including vGPU 16.1);546.01, 537.70, 529.19, 474.64, 537.70(vGPU 16.2), 529.19(vGPU 15.4), 474.64(vGPU 13.9), 546.01(October 2023 release)
CVE-2023-31020;6.1;MEDIUM;CVSS:3.1/AV:L/AC:L/PR:L/UI:N/S:U/C:N/I:L/A:H;CWE-284;5491;Guest driver;537.42(All versions prior to and including September 2023 release);546.01, 537.70, 529.19, 474.64, 537.70(vGPU 16.2), 529.19(vGPU 15.4), 474.64(vGPU 13.9), 546.01(October 2023 release)
CVE-2023-31020;6.1;MEDIUM;CVSS:3.1/AV:L/AC:L/PR:L/UI:N/S:U/C:N/I:L/A:H;CWE-284;5491;NVIDIA RTX, Quadro, NVS;All driver versions prior to 474.64;546.01, 537.70, 529.19, 474.64, 537.70(vGPU 16.2), 529.19(vGPU 15.4), 474.64(vGPU 13.9), 546.01(October 2023 release)
CVE-2023-31020;6.1;MEDIUM;CVSS:3.1/AV:L/AC:L/PR:L/UI:N/S:U/C:N/I:L/A:H;CWE-284;5491;NVIDIA RTX, Quadro, NVS;All driver versions prior to 529.19;546.01, 537.70, 529.19, 474.64, 537.70(vGPU 16.2), 529.19(vGPU 15.4), 474.64(vGPU 13.9), 546.01(October 2023 release)
CVE-2023-31020;6.1;MEDIUM;CVSS:3.1/AV:L/AC:L/PR:L/UI:N/S:U/C:N/I:L/A:H;CWE-284;5491;NVIDIA RTX, Quadro, NVS;All driver versions prior to 537.70;546.01, 537.70, 529.19, 474.64, 537.70(vGPU 16.2), 529.19(vGPU 15.4), 474.64(vGPU 13.9), 546.01(October 2023 release)
CVE-2023-31020;6.1;MEDIUM;CVSS:3.1/AV:L/AC:L/PR:L/UI:N/S:U/C:N/I:L/A:H;CWE-284;5491;NVIDIA RTX, Quadro, NVS;All driver versions prior to 546.01;546.01, 537.70, 529.19, 474.64, 537.70(vGPU 16.2), 529.19(vGPU 15.4), 474.64(vGPU 13.9), 546.01(October 2023 release)
CVE-2023-31020;6.1;MEDIUM;CVSS:3.1/AV:L/AC:L/PR:L/UI:N/S:U/C:N/I:L/A:H;CWE-284;5491;Studio;All driver versions prior to 546.01;546.01, 537.70, 529.19, 474.64, 537.70(vGPU 16.2), 529.19(vGPU 15.4), 474.64(vGPU 13.9), 546.01(October 2023 release)
CVE-2023-31020;6.1;MEDIUM;CVSS:3.1/AV:L/AC:L/PR:L/UI:N/S:U/C:N/I:L/A:H;CWE-284;5491;Tesla;All driver versions prior to 474.64;546.01, 537.70, 529.19, 474.64, 537.70(vGPU 16.2), 529.19(vGPU 15.4), 474.64(vGPU 13.9), 546.01(October 2023 release)
CVE-2023-31020;6.1;MEDIUM;CVSS:3.1/AV:L/AC:L/PR:L/UI:N/S:U/C:N/I:L/A:H;CWE-284;5491;Tesla;All driver versions prior to 529.19;546.01, 537.70, 529.19, 474.64, 537.70(vGPU 16.2), 529.19(vGPU 15.4), 474.64(vGPU 13.9), 546.01(October 2023 release)
CVE-2023-31020;6.1;MEDIUM;CVSS:3.1/AV:L/AC:L/PR:L/UI:N/S:U/C:N/I:L/A:H;CWE-284;5491;Tesla;All driver versions prior to 537.70;546.01, 537.70, 529.19, 474.64, 537.70(vGPU 16.2), 529.19(vGPU 15.4), 474.64(vGPU 13.9), 546.01(October 2023 release)
CVE-2023-31021;5.5;MEDIUM;CVSS:3.1/AV:L/AC:L/PR:L/UI:N/S:U/C:N/I:N/A:H;CWE-476;5491;Virtual GPU Manager;535.104.06(All versions prior to and including vGPU 16.1);535.109.03(vGPU 16.2), 537.70(vGPU 16.2), 545.29.02(October 2023 release)
CVE-2023-31021;5.5;MEDIUM;CVSS:3.1/AV:L/AC:L/PR:L/UI:N/S:U/C:N/I:N/A:H;CWE-476;5491;Virtual GPU Manager;535.113.01(All versions prior to and including September 2023 release);535.109.03(vGPU 16.2), 537.70(vGPU 16.2), 545.29.02(October 2023 release)
CVE-2023-31021;5.5;MEDIUM;CVSS:3.1/AV:L/AC:L/PR:L/UI:N/S:U/C:N/I:N/A:H;CWE-476;5491;Virtual GPU Manager;537.13(All versions prior to and including vGPU 16.1);535.109.03(vGPU 16.2), 537.70(vGPU 16.2), 545.29.02(October 2023 release)
CVE-2023-31022;5.5;MEDIUM;CVSS:3.1/AV:L/AC:L/PR:L/UI:N/S:U/C:N/I:N/A:H;CWE-476;5491;GeForce;All driver versions prior to 470.223.02;546.01, 537.70, 529.19, 474.64, 537.70(vGPU 16.2), 529.19(vGPU 15.4), 474.64(vGPU 13.9), 546.01(October 2023 release), 535.109.03(vGPU 16.2), 525.147.05(vGPU 15.4), 470.223.02(vGPU 13.9), 525.147.01(vGPU 15.4), 545.29.02(October 2023 release), 545.29.02, 535.129.03, 525.147.05, 470.223.02
CVE-2023-31022;5.5;MEDIUM;CVSS:3.1/AV:L/AC:L/PR:L/UI:N/S:U/C:N/I:N/A:H;CWE-476;5491;GeForce;All driver versions prior to 474.64;546.01, 537.70, 529.19, 474.64, 537.70(vGPU 16.2), 529.19(vGPU 15.4), 474.64(vGPU 13.9), 546.01(October 2023 release), 535.109.03(vGPU 16.2), 525.147.05(vGPU 15.4), 470.223.02(vGPU 13.9), 525.147.01(vGPU 15.4), 545.29.02(October 2023 release), 545.29.02, 535.129.03, 525.147.05, 470.223.02
CVE-2023-31022;5.5;MEDIUM;CVSS:3.1/AV:L/AC:L/PR:L/UI:N/S:U/C:N/I:N/A:H;CWE-476;5491;GeForce;All driver versions prior to 474.64 for support of GeForce Kepler desktop;546.01, 537.70, 529.19, 474.64, 537.70(vGPU 16.2), 529.19(vGPU 15.4), 474.64(vGPU 13.9), 546.01(October 2023 release), 535.109.03(vGPU 16.2), 525.147.05(vGPU 15.4), 470.223.02(vGPU 13.9), 525.147.01(vGPU 15.4), 545.29.02(October 2023 release), 545.29.02, 535.129.03, 525.147.05, 470.223.02
CVE-2023-31022;5.5;MEDIUM;CVSS:3.1/AV:L/AC:L/PR:L/UI:N/S:U/C:N/I:N/A:H;CWE-476;5491;GeForce;All driver versions prior to 525.147.05;546.01, 537.70, 529.19, 474.64, 537.70(vGPU 16.2), 529.19(vGPU 15.4), 474.64(vGPU 13.9), 546.01(October 2023 release), 535.109.03(vGPU 16.2), 525.147.05(vGPU 15.4), 470.223.02(vGPU 13.9), 525.147.01(vGPU 15.4), 545.29.02(October 2023 release), 545.29.02, 535.129.03, 525.147.05, 470.223.02
CVE-2023-31022;5.5;MEDIUM;CVSS:3.1/AV:L/AC:L/PR:L/UI:N/S:U/C:N/I:N/A:H;CWE-476;5491;GeForce;All driver versions prior to 535.129.03;546.01, 537.70, 529.19, 474.64, 537.70(vGPU 16.2), 529.19(vGPU 15.4), 474.64(vGPU 13.9), 546.01(October 2023 release), 535.109.03(vGPU 16.2), 525.147.05(vGPU 15.4), 470.223.02(vGPU 13.9), 525.147.01(vGPU 15.4), 545.29.02(October 2023 release), 545.29.02, 535.129.03, 525.147.05, 470.223.02
CVE-2023-31022;5.5;MEDIUM;CVSS:3.1/AV:L/AC:L/PR:L/UI:N/S:U/C:N/I:N/A:H;CWE-476;5491;GeForce;All driver versions prior to 545.29.02;546.01, 537.70, 529.19, 474.64, 537.70(vGPU 16.2), 529.19(vGPU 15.4), 474.64(vGPU 13.9), 546.01(October 2023 release), 535.109.03(vGPU 16.2), 525.147.05(vGPU 15.4), 470.223.02(vGPU 13.9), 525.147.01(vGPU 15.4), 545.29.02(October 2023 release), 545.29.02, 535.129.03, 525.147.05, 470.223.02
CVE-2023-31022;5.5;MEDIUM;CVSS:3.1/AV:L/AC:L/PR:L/UI:N/S:U/C:N/I:N/A:H;CWE-476;5491;GeForce;All driver versions prior to 546.01;546.01, 537.70, 529.19, 474.64, 537.70(vGPU 16.2), 529.19(vGPU 15.4), 474.64(vGPU 13.9), 546.01(October 2023 release), 535.109.03(vGPU 16.2), 525.147.05(vGPU 15.4), 470.223.02(vGPU 13.9), 525.147.01(vGPU 15.4), 545.29.02(October 2023 release), 545.29.02, 535.129.03, 525.147.05, 470.223.02
CVE-2023-31022;5.5;MEDIUM;CVSS:3.1/AV:L/AC:L/PR:L/UI:N/S:U/C:N/I:N/A:H;CWE-476;5491;Guest driver;470.199.02(All versions prior to and including vGPU 13.8);546.01, 537.70, 529.19, 474.64, 537.70(vGPU 16.2), 529.19(vGPU 15.4), 474.64(vGPU 13.9), 546.01(October 2023 release), 535.109.03(vGPU 16.2), 525.147.05(vGPU 15.4), 470.223.02(vGPU 13.9), 525.147.01(vGPU 15.4), 545.29.02(October 2023 release), 545.29.02, 535.129.03, 525.147.05, 470.223.02
CVE-2023-31022;5.5;MEDIUM;CVSS:3.1/AV:L/AC:L/PR:L/UI:N/S:U/C:N/I:N/A:H;CWE-476;5491;Guest driver;474.44(All versions prior to and including vGPU 13.8);546.01, 537.70, 529.19, 474.64, 537.70(vGPU 16.2), 529.19(vGPU 15.4), 474.64(vGPU 13.9), 546.01(October 2023 release), 535.109.03(vGPU 16.2), 525.147.05(vGPU 15.4), 470.223.02(vGPU 13.9), 525.147.01(vGPU 15.4), 545.29.02(October 2023 release), 545.29.02, 535.129.03, 525.147.05, 470.223.02
CVE-2023-31022;5.5;MEDIUM;CVSS:3.1/AV:L/AC:L/PR:L/UI:N/S:U/C:N/I:N/A:H;CWE-476;5491;Guest driver;525.125.06(All versions prior to and including vGPU 15.3);546.01, 537.70, 529.19, 474.64, 537.70(vGPU 16.2), 529.19(vGPU 15.4), 474.64(vGPU 13.9), 546.01(October 2023 release), 535.109.03(vGPU 16.2), 525.147.05(vGPU 15.4), 470.223.02(vGPU 13.9), 525.147.01(vGPU 15.4), 545.29.02(October 2023 release), 545.29.02, 535.129.03, 525.147.05, 470.223.02
CVE-2023-31022;5.5;MEDIUM;CVSS:3.1/AV:L/AC:L/PR:L/UI:N/S:U/C:N/I:N/A:H;CWE-476;5491;Guest driver;529.11(All versions prior to and including vGPU 15.3);546.01, 537.70, 529.19, 474.64, 537.70(vGPU 16.2), 529.19(vGPU 15.4), 474.64(vGPU 13.9), 546.01(October 2023 release), 535.109.03(vGPU 16.2), 525.147.05(vGPU 15.4), 470.223.02(vGPU 13.9), 525.147.01(vGPU 15.4), 545.29.02(October 2023 release), 545.29.02, 535.129.03, 525.147.05, 470.223.02
CVE-2023-31022;5.5;MEDIUM;CVSS:3.1/AV:L/AC:L/PR:L/UI:N/S:U/C:N/I:N/A:H;CWE-476;5491;Guest driver;535.104.05(All versions prior to and including vGPU 16.1);546.01, 537.70, 529.19, 474.64, 537.70(vGPU 16.2), 529.19(vGPU 15.4), 474.64(vGPU 13.9), 546.01(October 2023 release), 535.109.03(vGPU 16.2), 525.147.05(vGPU 15.4), 470.223.02(vGPU 13.9), 525.147.01(vGPU 15.4), 545.29.02(October 2023 release), 545.29.02, 535.129.03, 525.147.05, 470.223.02
CVE-2023-31022;5.5;MEDIUM;CVSS:3.1/AV:L/AC:L/PR:L/UI:N/S:U/C:N/I:N/A:H;CWE-476;5491;Guest driver;535.113.01(All versions prior to and including September 2023 release);546.01, 537.70, 529.19, 474.64, 537.70(vGPU 16.2), 529.19(vGPU 15.4), 474.64(vGPU 13.9), 546.01(October 2023 release), 535.109.03(vGPU 16.2), 525.147.05(vGPU 15.4), 470.223.02(vGPU 13.9), 525.147.01(vGPU 15.4), 545.29.02(October 2023 release), 545.29.02, 535.129.03, 525.147.05, 470.223.02
CVE-2023-31022;5.5;MEDIUM;CVSS:3.1/AV:L/AC:L/PR:L/UI:N/S:U/C:N/I:N/A:H;CWE-476;5491;Guest driver;537.13(All versions prior to and including vGPU 16.1);546.01, 537.70, 529.19, 474.64, 537.70(vGPU 16.2), 529.19(vGPU 15.4), 474.64(vGPU 13.9), 546.01(October 2023 release), 535.109.03(vGPU 16.2), 525.147.05(vGPU 15.4), 470.223.02(vGPU 13.9), 525.147.01(vGPU 15.4), 545.29.02(October 2023 release), 545.29.02, 535.129.03, 525.147.05, 470.223.02
CVE-2023-31022;5.5;MEDIUM;CVSS:3.1/AV:L/AC:L/PR:L/UI:N/S:U/C:N/I:N/A:H;CWE-476;5491;Guest driver;537.42(All versions prior to and including September 2023 release);546.01, 537.70, 529.19, 474.64, 537.70(vGPU 16.2), 529.19(vGPU 15.4), 474.64(vGPU 13.9), 546.01(October 2023 release), 535.109.03(vGPU 16.2), 525.147.05(vGPU 15.4), 470.223.02(vGPU 13.9), 525.147.01(vGPU 15.4), 545.29.02(October 2023 release), 545.29.02, 535.129.03, 525.147.05, 470.223.02
CVE-2023-31022;5.5;MEDIUM;CVSS:3.1/AV:L/AC:L/PR:L/UI:N/S:U/C:N/I:N/A:H;CWE-476;5491;NVIDIA RTX, Quadro, NVS;All driver versions prior to 470.223.02;546.01, 537.70, 529.19, 474.64, 537.70(vGPU 16.2), 529.19(vGPU 15.4), 474.64(vGPU 13.9), 546.01(October 2023 release), 535.109.03(vGPU 16.2), 525.147.05(vGPU 15.4), 470.223.02(vGPU 13.9), 525.147.01(vGPU 15.4), 545.29.02(October 2023 release), 545.29.02, 535.129.03, 525.147.05, 470.223.02
CVE-2023-31022;5.5;MEDIUM;CVSS:3.1/AV:L/AC:L/PR:L/UI:N/S:U/C:N/I:N/A:H;CWE-476;5491;NVIDIA RTX, Quadro, NVS;All driver versions prior to 474.64;546.01, 537.70, 529.19, 474.64, 537.70(vGPU 16.2), 529.19(vGPU 15.4), 474.64(vGPU 13.9), 546.01(October 2023 release), 535.109.03(vGPU 16.2), 525.147.05(vGPU 15.4), 470.223.02(vGPU 13.9), 525.147.01(vGPU 15.4), 545.29.02(October 2023 release), 545.29.02, 535.129.03, 525.147.05, 470.223.02
CVE-2023-31022;5.5;MEDIUM;CVSS:3.1/AV:L/AC:L/PR:L/UI:N/S:U/C:N/I:N/A:H;CWE-476;5491;NVIDIA RTX, Quadro, NVS;All driver versions prior to 525.147.05;546.01, 537.70, 529.19, 474.64, 537.70(vGPU 16.2), 529.19(vGPU 15.4), 474.64(vGPU 13.9), 546.01(October 2023 release), 535.109.03(vGPU 16.2), 525.147.05(vGPU 15.4), 470.223.02(vGPU 13.9), 525.147.01(vGPU 15.4), 545.29.02(October 2023 release), 545.29.02, 535.129.03, 525.147.05, 470.223.02
CVE-2023-31022;5.5;MEDIUM;CVSS:3.1/AV:L/AC:L/PR:L/UI:N/S:U/C:N/I:N/A:H;CWE-476;5491;NVIDIA RTX, Quadro, NVS;All driver versions prior to 529.19;546.01, 537.70, 529.19, 474.64, 537.70(vGPU 16.2), 529.19(vGPU 15.4), 474.64(vGPU 13.9), 546.01(October 2023 release), 535.109.03(vGPU 16.2), 525.147.05(vGPU 15.4), 470.223.02(vGPU 13.9), 525.147.01(vGPU 15.4), 545.29.02(October 2023 release), 545.29.02, 535.129.03, 525.147.05, 470.223.02
CVE-2023-31022;5.5;MEDIUM;CVSS:3.1/AV:L/AC:L/PR:L/UI:N/S:U/C:N/I:N/A:H;CWE-476;5491;NVIDIA RTX, Quadro, NVS;All driver versions prior to 535.129.03;546.01, 537.70, 529.19, 474.64, 537.70(vGPU 16.2), 529.19(vGPU 15.4), 474.64(vGPU 13.9), 546.01(October 2023 release), 535.109.03(vGPU 16.2), 525.147.05(vGPU 15.4), 470.223.02(vGPU 13.9), 525.147.01(vGPU 15.4), 545.29.02(October 2023 release), 545.29.02, 535.129.03, 525.147.05, 470.223.02
CVE-2023-31022;5.5;MEDIUM;CVSS:3.1/AV:L/AC:L/PR:L/UI:N/S:U/C:N/I:N/A:H;CWE-476;5491;NVIDIA RTX, Quadro, NVS;All driver versions prior to 537.70;546.01, 537.70, 529.19, 474.64, 537.70(vGPU 16.2), 529.19(vGPU 15.4), 474.64(vGPU 13.9), 546.01(October 2023 release), 535.109.03(vGPU 16.2), 525.147.05(vGPU 15.4), 470.223.02(vGPU 13.9), 525.147.01(vGPU 15.4), 545.29.02(October 2023 release), 545.29.02, 535.129.03, 525.147.05, 470.223.02
CVE-2023-31022;5.5;MEDIUM;CVSS:3.1/AV:L/AC:L/PR:L/UI:N/S:U/C:N/I:N/A:H;CWE-476;5491;NVIDIA RTX, Quadro, NVS;All driver versions prior to 545.29.02;546.01, 537.70, 529.19, 474.64, 537.70(vGPU 16.2), 529.19(vGPU 15.4), 474.64(vGPU 13.9), 546.01(October 2023 release), 535.109.03(vGPU 16.2), 525.147.05(vGPU 15.4), 470.223.02(vGPU 13.9), 525.147.01(vGPU 15.4), 545.29.02(October 2023 release), 545.29.02, 535.129.03, 525.147.05, 470.223.02
CVE-2023-31022;5.5;MEDIUM;CVSS:3.1/AV:L/AC:L/PR:L/UI:N/S:U/C:N/I:N/A:H;CWE-476;5491;NVIDIA RTX, Quadro, NVS;All driver versions prior to 546.01;546.01, 537.70, 529.19, 474.64, 537.70(vGPU 16.2), 529.19(vGPU 15.4), 474.64(vGPU 13.9), 546.01(October 2023 release), 535.109.03(vGPU 16.2), 525.147.05(vGPU 15.4), 470.223.02(vGPU 13.9), 525.147.01(vGPU 15.4), 545.29.02(October 2023 release), 545.29.02, 535.129.03, 525.147.05, 470.223.02
CVE-2023-31022;5.5;MEDIUM;CVSS:3.1/AV:L/AC:L/PR:L/UI:N/S:U/C:N/I:N/A:H;CWE-476;5491;Studio;All driver versions prior to 546.01;546.01, 537.70, 529.19, 474.64, 537.70(vGPU 16.2), 529.19(vGPU 15.4), 474.64(vGPU 13.9), 546.01(October 2023 release), 535.109.03(vGPU 16.2), 525.147.05(vGPU 15.4), 470.223.02(vGPU 13.9), 525.147.01(vGPU 15.4), 545.29.02(October 2023 release), 545.29.02, 535.129.03, 525.147.05, 470.223.02
CVE-2023-31022;5.5;MEDIUM;CVSS:3.1/AV:L/AC:L/PR:L/UI:N/S:U/C:N/I:N/A:H;CWE-476;5491;Tesla;All driver versions prior to 470.223.02;546.01, 537.70, 529.19, 474.64, 537.70(vGPU 16.2), 529.19(vGPU 15.4), 474.64(vGPU 13.9), 546.01(October 2023 release), 535.109.03(vGPU 16.2), 525.147.05(vGPU 15.4), 470.223.02(vGPU 13.9), 525.147.01(vGPU 15.4), 545.29.02(October 2023 release), 545.29.02, 535.129.03, 525.147.05, 470.223.02
CVE-2023-31022;5.5;MEDIUM;CVSS:3.1/AV:L/AC:L/PR:L/UI:N/S:U/C:N/I:N/A:H;CWE-476;5491;Tesla;All driver versions prior to 474.64;546.01, 537.70, 529.19, 474.64, 537.70(vGPU 16.2), 529.19(vGPU 15.4), 474.64(vGPU 13.9), 546.01(October 2023 release), 535.109.03(vGPU 16.2), 525.147.05(vGPU 15.4), 470.223.02(vGPU 13.9), 525.147.01(vGPU 15.4), 545.29.02(October 2023 release), 545.29.02, 535.129.03, 525.147.05, 470.223.02
CVE-2023-31022;5.5;MEDIUM;CVSS:3.1/AV:L/AC:L/PR:L/UI:N/S:U/C:N/I:N/A:H;CWE-476;5491;Tesla;All driver versions prior to 525.147.05;546.01, 537.70, 529.19, 474.64, 537.70(vGPU 16.2), 529.19(vGPU 15.4), 474.64(vGPU 13.9), 546.01(October 2023 release), 535.109.03(vGPU 16.2), 525.147.05(vGPU 15.4), 470.223.02(vGPU 13.9), 525.147.01(vGPU 15.4), 545.29.02(October 2023 release), 545.29.02, 535.129.03, 525.147.05, 470.223.02
CVE-2023-31022;5.5;MEDIUM;CVSS:3.1/AV:L/AC:L/PR:L/UI:N/S:U/C:N/I:N/A:H;CWE-476;5491;Tesla;All driver versions prior to 529.19;546.01, 537.70, 529.19, 474.64, 537.70(vGPU 16.2), 529.19(vGPU 15.4), 474.64(vGPU 13.9), 546.01(October 2023 release), 535.109.03(vGPU 16.2), 525.147.05(vGPU 15.4), 470.223.02(vGPU 13.9), 525.147.01(vGPU 15.4), 545.29.02(October 2023 release), 545.29.02, 535.129.03, 525.147.05, 470.223.02
CVE-2023-31022;5.5;MEDIUM;CVSS:3.1/AV:L/AC:L/PR:L/UI:N/S:U/C:N/I:N/A:H;CWE-476;5491;Tesla;All driver versions prior to 535.129.03;546.01, 537.70, 529.19, 474.64, 537.70(vGPU 16.2), 529.19(vGPU 15.4), 474.64(vGPU 13.9), 546.01(October 2023 release), 535.109.03(vGPU 16.2), 525.147.05(vGPU 15.4), 470.223.02(vGPU 13.9), 525.147.01(vGPU 15.4), 545.29.02(October 2023 release), 545.29.02, 535.129.03, 525.147.05, 470.223.02
CVE-2023-31022;5.5;MEDIUM;CVSS:3.1/AV:L/AC:L/PR:L/UI:N/S:U/C:N/I:N/A:H;CWE-476;5491;Tesla;All driver versions prior to 537.70;546.01, 537.70, 529.19, 474.64, 537.70(vGPU 16.2), 529.19(vGPU 15.4), 474.64(vGPU 13.9), 546.01(October 2023 release), 535.109.03(vGPU 16.2), 525.147.05(vGPU 15.4), 470.223.02(vGPU 13.9), 525.147.01(vGPU 15.4), 545.29.02(October 2023 release), 545.29.02, 535.129.03, 525.147.05, 470.223.02
CVE-2023-31022;5.5;MEDIUM;CVSS:3.1/AV:L/AC:L/PR:L/UI:N/S:U/C:N/I:N/A:H;CWE-476;5491;Virtual GPU Manager;470.199.03(All versions prior to and including vGPU 13.8);546.01, 537.70, 529.19, 474.64, 537.70(vGPU 16.2), 529.19(vGPU 15.4), 474.64(vGPU 13.9), 546.01(October 2023 release), 535.109.03(vGPU 16.2), 525.147.05(vGPU 15.4), 470.223.02(vGPU 13.9), 525.147.01(vGPU 15.4), 545.29.02(October 2023 release), 545.29.02, 535.129.03, 525.147.05, 470.223.02
CVE-2023-31022;5.5;MEDIUM;CVSS:3.1/AV:L/AC:L/PR:L/UI:N/S:U/C:N/I:N/A:H;CWE-476;5491;Virtual GPU Manager;525.125.03(All versions prior to and including vGPU 15.3);546.01, 537.70, 529.19, 474.64, 537.70(vGPU 16.2), 529.19(vGPU 15.4), 474.64(vGPU 13.9), 546.01(October 2023 release), 535.109.03(vGPU 16.2), 525.147.05(vGPU 15.4), 470.223.02(vGPU 13.9), 525.147.01(vGPU 15.4), 545.29.02(October 2023 release), 545.29.02, 535.129.03, 525.147.05, 470.223.02
CVE-2023-31022;5.5;MEDIUM;CVSS:3.1/AV:L/AC:L/PR:L/UI:N/S:U/C:N/I:N/A:H;CWE-476;5491;Virtual GPU Manager;529.06(All versions prior to and including vGPU 15.3);546.01, 537.70, 529.19, 474.64, 537.70(vGPU 16.2), 529.19(vGPU 15.4), 474.64(vGPU 13.9), 546.01(October 2023 release), 535.109.03(vGPU 16.2), 525.147.05(vGPU 15.4), 470.223.02(vGPU 13.9), 525.147.01(vGPU 15.4), 545.29.02(October 2023 release), 545.29.02, 535.129.03, 525.147.05, 470.223.02
CVE-2023-31022;5.5;MEDIUM;CVSS:3.1/AV:L/AC:L/PR:L/UI:N/S:U/C:N/I:N/A:H;CWE-476;5491;Virtual GPU Manager;535.104.06(All versions prior to and including vGPU 16.1);546.01, 537.70, 529.19, 474.64, 537.70(vGPU 16.2), 529.19(vGPU 15.4), 474.64(vGPU 13.9), 546.01(October 2023 release), 535.109.03(vGPU 16.2), 525.147.05(vGPU 15.4), 470.223.02(vGPU 13.9), 525.147.01(vGPU 15.4), 545.29.02(October 2023 release), 545.29.02, 535.129.03, 525.147.05, 470.223.02
CVE-2023-31022;5.5;MEDIUM;CVSS:3.1/AV:L/AC:L/PR:L/UI:N/S:U/C:N/I:N/A:H;CWE-476;5491;Virtual GPU Manager;535.113.01(All versions prior to and including September 2023 release);546.01, 537.70, 529.19, 474.64, 537.70(vGPU 16.2), 529.19(vGPU 15.4), 474.64(vGPU 13.9), 546.01(October 2023 release), 535.109.03(vGPU 16.2), 525.147.05(vGPU 15.4), 470.223.02(vGPU 13.9), 525.147.01(vGPU 15.4), 545.29.02(October 2023 release), 545.29.02, 535.129.03, 525.147.05, 470.223.02
CVE-2023-31022;5.5;MEDIUM;CVSS:3.1/AV:L/AC:L/PR:L/UI:N/S:U/C:N/I:N/A:H;CWE-476;5491;Virtual GPU Manager;537.13(All versions prior to and including vGPU 16.1);546.01, 537.70, 529.19, 474.64, 537.70(vGPU 16.2), 529.19(vGPU 15.4), 474.64(vGPU 13.9), 546.01(October 2023 release), 535.109.03(vGPU 16.2), 525.147.05(vGPU 15.4), 470.223.02(vGPU 13.9), 525.147.01(vGPU 15.4), 545.29.02(October 2023 release), 545.29.02, 535.129.03, 525.147.05, 470.223.02
CVE-2023-31023;5.5;MEDIUM;CVSS:3.1/AV:L/AC:L/PR:L/UI:N/S:U/C:N/I:N/A:H;CWE-822;5491;GeForce;All driver versions prior to 474.64;546.01, 537.70, 529.19, 474.64, 537.70(vGPU 16.2), 529.19(vGPU 15.4), 474.64(vGPU 13.9), 546.01(October 2023 release)
CVE-2023-31023;5.5;MEDIUM;CVSS:3.1/AV:L/AC:L/PR:L/UI:N/S:U/C:N/I:N/A:H;CWE-822;5491;GeForce;All driver versions prior to 474.64 for support of GeForce Kepler desktop;546.01, 537.70, 529.19, 474.64, 537.70(vGPU 16.2), 529.19(vGPU 15.4), 474.64(vGPU 13.9), 546.01(October 2023 release)
CVE-2023-31023;5.5;MEDIUM;CVSS:3.1/AV:L/AC:L/PR:L/UI:N/S:U/C:N/I:N/A:H;CWE-822;5491;GeForce;All driver versions prior to 546.01;546.01, 537.70, 529.19, 474.64, 537.70(vGPU 16.2), 529.19(vGPU 15.4), 474.64(vGPU 13.9), 546.01(October 2023 release)
CVE-2023-31023;5.5;MEDIUM;CVSS:3.1/AV:L/AC:L/PR:L/UI:N/S:U/C:N/I:N/A:H;CWE-822;5491;Guest driver;474.44(All versions prior to and including vGPU 13.8);546.01, 537.70, 529.19, 474.64, 537.70(vGPU 16.2), 529.19(vGPU 15.4), 474.64(vGPU 13.9), 546.01(October 2023 release)
CVE-2023-31023;5.5;MEDIUM;CVSS:3.1/AV:L/AC:L/PR:L/UI:N/S:U/C:N/I:N/A:H;CWE-822;5491;Guest driver;529.11(All versions prior to and including vGPU 15.3);546.01, 537.70, 529.19, 474.64, 537.70(vGPU 16.2), 529.19(vGPU 15.4), 474.64(vGPU 13.9), 546.01(October 2023 release)
CVE-2023-31023;5.5;MEDIUM;CVSS:3.1/AV:L/AC:L/PR:L/UI:N/S:U/C:N/I:N/A:H;CWE-822;5491;Guest driver;537.13(All versions prior to and including vGPU 16.1);546.01, 537.70, 529.19, 474.64, 537.70(vGPU 16.2), 529.19(vGPU 15.4), 474.64(vGPU 13.9), 546.01(October 2023 release)
CVE-2023-31023;5.5;MEDIUM;CVSS:3.1/AV:L/AC:L/PR:L/UI:N/S:U/C:N/I:N/A:H;CWE-822;5491;Guest driver;537.42(All versions prior to and including September 2023 release);546.01, 537.70, 529.19, 474.64, 537.70(vGPU 16.2), 529.19(vGPU 15.4), 474.64(vGPU 13.9), 546.01(October 2023 release)
CVE-2023-31023;5.5;MEDIUM;CVSS:3.1/AV:L/AC:L/PR:L/UI:N/S:U/C:N/I:N/A:H;CWE-822;5491;NVIDIA RTX, Quadro, NVS;All driver versions prior to 474.64;546.01, 537.70, 529.19, 474.64, 537.70(vGPU 16.2), 529.19(vGPU 15.4), 474.64(vGPU 13.9), 546.01(October 2023 release)
CVE-2023-31023;5.5;MEDIUM;CVSS:3.1/AV:L/AC:L/PR:L/UI:N/S:U/C:N/I:N/A:H;CWE-822;5491;NVIDIA RTX, Quadro, NVS;All driver versions prior to 529.19;546.01, 537.70, 529.19, 474.64, 537.70(vGPU 16.2), 529.19(vGPU 15.4), 474.64(vGPU 13.9), 546.01(October 2023 release)
CVE-2023-31023;5.5;MEDIUM;CVSS:3.1/AV:L/AC:L/PR:L/UI:N/S:U/C:N/I:N/A:H;CWE-822;5491;NVIDIA RTX, Quadro, NVS;All driver versions prior to 537.70;546.01, 537.70, 529.19, 474.64, 537.70(vGPU 16.2), 529.19(vGPU 15.4), 474.64(vGPU 13.9), 546.01(October 2023 release)
CVE-2023-31023;5.5;MEDIUM;CVSS:3.1/AV:L/AC:L/PR:L/UI:N/S:U/C:N/I:N/A:H;CWE-822;5491;NVIDIA RTX, Quadro, NVS;All driver versions prior to 546.01;546.01, 537.70, 529.19, 474.64, 537.70(vGPU 16.2), 529.19(vGPU 15.4), 474.64(vGPU 13.9), 546.01(October 2023 release)
CVE-2023-31023;5.5;MEDIUM;CVSS:3.1/AV:L/AC:L/PR:L/UI:N/S:U/C:N/I:N/A:H;CWE-822;5491;Studio;All driver versions prior to 546.01;546.01, 537.70, 529.19, 474.64, 537.70(vGPU 16.2), 529.19(vGPU 15.4), 474.64(vGPU 13.9), 546.01(October 2023 release)
CVE-2023-31023;5.5;MEDIUM;CVSS:3.1/AV:L/AC:L/PR:L/UI:N/S:U/C:N/I:N/A:H;CWE-822;5491;Tesla;All driver versions prior to 474.64;546.01, 537.70, 529.19, 474.64, 537.70(vGPU 16.2), 529.19(vGPU 15.4), 474.64(vGPU 13.9), 546.01(October 2023 release)
CVE-2023-31023;5.5;MEDIUM;CVSS:3.1/AV:L/AC:L/PR:L/UI:N/S:U/C:N/I:N/A:H;CWE-822;5491;Tesla;All driver versions prior to 529.19;546.01, 537.70, 529.19, 474.64, 537.70(vGPU 16.2), 529.19(vGPU 15.4), 474.64(vGPU 13.9), 546.01(October 2023 release)
CVE-2023-31023;5.5;MEDIUM;CVSS:3.1/AV:L/AC:L/PR:L/UI:N/S:U/C:N/I:N/A:H;CWE-822;5491;Tesla;All driver versions prior to 537.70;546.01, 537.70, 529.19, 474.64, 537.70(vGPU 16.2), 529.19(vGPU 15.4), 474.64(vGPU 13.9), 546.01(October 2023 release)
CVE-2023-31026;6;MEDIUM;CVSS:3.1/AV:L/AC:L/PR:H/UI:N/S:C/C:N/I:N/A:H;CWE-476;5491;Virtual GPU Manager;525.125.03(All versions prior to and including vGPU 15.3);535.109.03(vGPU 16.2), 525.147.01(vGPU 15.4), 545.29.02(October 2023 release)
CVE-2023-31026;6;MEDIUM;CVSS:3.1/AV:L/AC:L/PR:H/UI:N/S:C/C:N/I:N/A:H;CWE-476;5491;Virtual GPU Manager;535.104.06(All versions prior to and including vGPU 16.1);535.109.03(vGPU 16.2), 525.147.01(vGPU 15.4), 545.29.02(October 2023 release)
CVE-2023-31026;6;MEDIUM;CVSS:3.1/AV:L/AC:L/PR:H/UI:N/S:C/C:N/I:N/A:H;CWE-476;5491;Virtual GPU Manager;535.113.01(All versions prior to and including September 2023 release);535.109.03(vGPU 16.2), 525.147.01(vGPU 15.4), 545.29.02(October 2023 release)
CVE-2023-31027;8.2;HIGH;CVSS:3.1/AV:L/AC:L/PR:L/UI:R/S:C/C:H/I:H/A:H;CWE-427;5491;GeForce;All driver versions prior to 474.64;546.01, 537.70, 529.19, 474.64, 537.70(vGPU 16.2), 529.19(vGPU 15.4), 474.64(vGPU 13.9), 546.01(October 2023 release)
CVE-2023-31027;8.2;HIGH;CVSS:3.1/AV:L/AC:L/PR:L/UI:R/S:C/C:H/I:H/A:H;CWE-427;5491;GeForce;All driver versions prior to 474.64 for support of GeForce Kepler desktop;546.01, 537.70, 529.19, 474.64, 537.70(vGPU 16.2), 529.19(vGPU 15.4), 474.64(vGPU 13.9), 546.01(October 2023 release)
CVE-2023-31027;8.2;HIGH;CVSS:3.1/AV:L/AC:L/PR:L/UI:R/S:C/C:H/I:H/A:H;CWE-427;5491;GeForce;All driver versions prior to 546.01;546.01, 537.70, 529.19, 474.64, 537.70(vGPU 16.2), 529.19(vGPU 15.4), 474.64(vGPU 13.9), 546.01(October 2023 release)
CVE-2023-31027;8.2;HIGH;CVSS:3.1/AV:L/AC:L/PR:L/UI:R/S:C/C:H/I:H/A:H;CWE-427;5491;Guest driver;474.44(All versions prior to and including vGPU 13.8);546.01, 537.70, 529.19, 474.64, 537.70(vGPU 16.2), 529.19(vGPU 15.4), 474.64(vGPU 13.9), 546.01(October 2023 release)
CVE-2023-31027;8.2;HIGH;CVSS:3.1/AV:L/AC:L/PR:L/UI:R/S:C/C:H/I:H/A:H;CWE-427;5491;Guest driver;529.11(All versions prior to and including vGPU 15.3);546.01, 537.70, 529.19, 474.64, 537.70(vGPU 16.2), 529.19(vGPU 15.4), 474.64(vGPU 13.9), 546.01(October 2023 release)
CVE-2023-31027;8.2;HIGH;CVSS:3.1/AV:L/AC:L/PR:L/UI:R/S:C/C:H/I:H/A:H;CWE-427;5491;Guest driver;537.13(All versions prior to and including vGPU 16.1);546.01, 537.70, 529.19, 474.64, 537.70(vGPU 16.2), 529.19(vGPU 15.4), 474.64(vGPU 13.9), 546.01(October 2023 release)
CVE-2023-31027;8.2;HIGH;CVSS:3.1/AV:L/AC:L/PR:L/UI:R/S:C/C:H/I:H/A:H;CWE-427;5491;Guest driver;537.42(All versions prior to and including September 2023 release);546.01, 537.70, 529.19, 474.64, 537.70(vGPU 16.2), 529.19(vGPU 15.4), 474.64(vGPU 13.9), 546.01(October 2023 release)
CVE-2023-31027;8.2;HIGH;CVSS:3.1/AV:L/AC:L/PR:L/UI:R/S:C/C:H/I:H/A:H;CWE-427;5491;NVIDIA RTX, Quadro, NVS;All driver versions prior to 474.64;546.01, 537.70, 529.19, 474.64, 537.70(vGPU 16.2), 529.19(vGPU 15.4), 474.64(vGPU 13.9), 546.01(October 2023 release)
CVE-2023-31027;8.2;HIGH;CVSS:3.1/AV:L/AC:L/PR:L/UI:R/S:C/C:H/I:H/A:H;CWE-427;5491;NVIDIA RTX, Quadro, NVS;All driver versions prior to 529.19;546.01, 537.70, 529.19, 474.64, 537.70(vGPU 16.2), 529.19(vGPU 15.4), 474.64(vGPU 13.9), 546.01(October 2023 release)
CVE-2023-31027;8.2;HIGH;CVSS:3.1/AV:L/AC:L/PR:L/UI:R/S:C/C:H/I:H/A:H;CWE-427;5491;NVIDIA RTX, Quadro, NVS;All driver versions prior to 537.70;546.01, 537.70, 529.19, 474.64, 537.70(vGPU 16.2), 529.19(vGPU 15.4), 474.64(vGPU 13.9), 546.01(October 2023 release)
CVE-2023-31027;8.2;HIGH;CVSS:3.1/AV:L/AC:L/PR:L/UI:R/S:C/C:H/I:H/A:H;CWE-427;5491;NVIDIA RTX, Quadro, NVS;All driver versions prior to 546.01;546.01, 537.70, 529.19, 474.64, 537.70(vGPU 16.2), 529.19(vGPU 15.4), 474.64(vGPU 13.9), 546.01(October 2023 release)
CVE-2023-31027;8.2;HIGH;CVSS:3.1/AV:L/AC:L/PR:L/UI:R/S:C/C:H/I:H/A:H;CWE-427;5491;Studio;All driver versions prior to 546.01;546.01, 537.70, 529.19, 474.64, 537.70(vGPU 16.2), 529.19(vGPU 15.4), 474.64(vGPU 13.9), 546.01(October 2023 release)
CVE-2023-31027;8.2;HIGH;CVSS:3.1/AV:L/AC:L/PR:L/UI:R/S:C/C:H/I:H/A:H;CWE-427;5491;Tesla;All driver versions prior to 474.64;546.01, 537.70, 529.19, 474.64, 537.70(vGPU 16.2), 529.19(vGPU 15.4), 474.64(vGPU 13.9), 546.01(October 2023 release)
CVE-2023-31027;8.2;HIGH;CVSS:3.1/AV:L/AC:L/PR:L/UI:R/S:C/C:H/I:H/A:H;CWE-427;5491;Tesla;All driver versions prior to 529.19;546.01, 537.70, 529.19, 474.64, 537.70(vGPU 16.2), 529.19(vGPU 15.4), 474.64(vGPU 13.9), 546.01(October 2023 release)
CVE-2023-31027;8.2;HIGH;CVSS:3.1/AV:L/AC:L/PR:L/UI:R/S:C/C:H/I:H/A:H;CWE-427;5491;Tesla;All driver versions prior to 537.70;546.01, 537.70, 529.19, 474.64, 537.70(vGPU 16.2), 529.19(vGPU 15.4), 474.64(vGPU 13.9), 546.01(October 2023 release)
CVE-2023-31036;7.5;HIGH;CVSS:3.1/AV:N/AC:H/PR:L/UI:N/S:U/C:H/I:H/A:H;CWE-23;5509;Triton Inference Server;All versions prior to 2.40;2.40
