CVE;CVSS;Severity;Vector;CWE;Bulletin;Affected Product;Affected Version;Fixed In
CVE-2022-42265;5.3;MEDIUM;CVSS:3.1/AV:L/AC:L/PR:L/UI:N/S:U/C:L/I:L/A:L;CWE-190;5520;GeForce;All driver versions prior to 470.239.06;474.82, 474.89, 538.33(vGPU 16.4), 474.82(vGPU 13.10), 551.61(February 2024 release), 535.161.05(vGPU 16.4), 470.239.01(vGPU 13.10), 550.54.10(February 2024 release), 470.239.06, 535.161.07(vGPU 16.4), 470.239.06(vGPU 13.10), 550.54.14(February 2024 release)
CVE-2022-42265;5.3;MEDIUM;CVSS:3.1/AV:L/AC:L/PR:L/UI:N/S:U/C:L/I:L/A:L;CWE-190;5520;GeForce;All driver versions prior to 474.82 for support of GeForce Kepler desktop;474.82, 474.89, 538.33(vGPU 16.4), 474.82(vGPU 13.10), 551.61(February 2024 release), 535.161.05(vGPU 16.4), 470.239.01(vGPU 13.10), 550.54.10(February 2024 release), 470.239.06, 535.161.07(vGPU 16.4), 470.239.06(vGPU 13.10), 550.54.14(February 2024 release)
CVE-2022-42265;5.3;MEDIUM;CVSS:3.1/AV:L/AC:L/PR:L/UI:N/S:U/C:L/I:L/A:L;CWE-190;5520;GeForce;All driver versions prior to 474.89;474.82, 474.89, 538.33(vGPU 16.4), 474.82(vGPU 13.10), 551.61(February 2024 release), 535.161.05(vGPU 16.4), 470.239.01(vGPU 13.10), 550.54.10(February 2024 release), 470.239.06, 535.161.07(vGPU 16.4), 470.239.06(vGPU 13.10), 550.54.14(February 2024 release)
CVE-2022-42265;5.3;MEDIUM;CVSS:3.1/AV:L/AC:L/PR:L/UI:N/S:U/C:L/I:L/A:L;CWE-190;5520;Guest driver;470.223.02(All versions up to and including vGPU 13.9);474.82, 474.89, 538.33(vGPU 16.4), 474.82(vGPU 13.10), 551.61(February 2024 release), 535.161.05(vGPU 16.4), 470.239.01(vGPU 13.10), 550.54.10(February 2024 release), 470.239.06, 535.161.07(vGPU 16.4), 470.239.06(vGPU 13.10), 550.54.14(February 2024 release)
CVE-2022-42265;5.3;MEDIUM;CVSS:3.1/AV:L/AC:L/PR:L/UI:N/S:U/C:L/I:L/A:L;CWE-190;5520;Guest driver;474.64(All versions up to and including vGPU 13.9);474.82, 474.89, 538.33(vGPU 16.4), 474.82(vGPU 13.10), 551.61(February 2024 release), 535.161.05(vGPU 16.4), 470.239.01(vGPU 13.10), 550.54.10(February 2024 release), 470.239.06, 535.161.07(vGPU 16.4), 470.239.06(vGPU 13.10), 550.54.14(February 2024 release)
CVE-2022-42265;5.3;MEDIUM;CVSS:3.1/AV:L/AC:L/PR:L/UI:N/S:U/C:L/I:L/A:L;CWE-190;5520;Guest driver;535.154.05(All versions up to and including vGPU 16.3);474.82, 474.89, 538.33(vGPU 16.4), 474.82(vGPU 13.10), 551.61(February 2024 release), 535.161.05(vGPU 16.4), 470.239.01(vGPU 13.10), 550.54.10(February 2024 release), 470.239.06, 535.161.07(vGPU 16.4), 470.239.06(vGPU 13.10), 550.54.14(February 2024 release)
CVE-2022-42265;5.3;MEDIUM;CVSS:3.1/AV:L/AC:L/PR:L/UI:N/S:U/C:L/I:L/A:L;CWE-190;5520;Guest driver;538.15(All versions up to and including vGPU 16.3);474.82, 474.89, 538.33(vGPU 16.4), 474.82(vGPU 13.10), 551.61(February 2024 release), 535.161.05(vGPU 16.4), 470.239.01(vGPU 13.10), 550.54.10(February 2024 release), 470.239.06, 535.161.07(vGPU 16.4), 470.239.06(vGPU 13.10), 550.54.14(February 2024 release)
CVE-2022-42265;5.3;MEDIUM;CVSS:3.1/AV:L/AC:L/PR:L/UI:N/S:U/C:L/I:L/A:L;CWE-190;5520;Guest driver;545.37.02(All versions up to and including the January 2024 release);474.82, 474.89, 538.33(vGPU 16.4), 474.82(vGPU 13.10), 551.61(February 2024 release), 535.161.05(vGPU 16.4), 470.239.01(vGPU 13.10), 550.54.10(February 2024 release), 470.239.06, 535.161.07(vGPU 16.4), 470.239.06(vGPU 13.10), 550.54.14(February 2024 release)
CVE-2022-42265;5.3;MEDIUM;CVSS:3.1/AV:L/AC:L/PR:L/UI:N/S:U/C:L/I:L/A:L;CWE-190;5520;Guest driver;546.65(All versions up to and including the January 2024 release);474.82, 474.89, 538.33(vGPU 16.4), 474.82(vGPU 13.10), 551.61(February 2024 release), 535.161.05(vGPU 16.4), 470.239.01(vGPU 13.10), 550.54.10(February 2024 release), 470.239.06, 535.161.07(vGPU 16.4), 470.239.06(vGPU 13.10), 550.54.14(February 2024 release)
CVE-2022-42265;5.3;MEDIUM;CVSS:3.1/AV:L/AC:L/PR:L/UI:N/S:U/C:L/I:L/A:L;CWE-190;5520;NVIDIA RTX, Quadro, NVS;All driver versions prior to 470.239.06;474.82, 474.89, 538.33(vGPU 16.4), 474.82(vGPU 13.10), 551.61(February 2024 release), 535.161.05(vGPU 16.4), 470.239.01(vGPU 13.10), 550.54.10(February 2024 release), 470.239.06, 535.161.07(vGPU 16.4), 470.239.06(vGPU 13.10), 550.54.14(February 2024 release)
CVE-2022-42265;5.3;MEDIUM;CVSS:3.1/AV:L/AC:L/PR:L/UI:N/S:U/C:L/I:L/A:L;CWE-190;5520;NVIDIA RTX, Quadro, NVS;All driver versions prior to 474.82;474.82, 474.89, 538.33(vGPU 16.4), 474.82(vGPU 13.10), 551.61(February 2024 release), 535.161.05(vGPU 16.4), 470.239.01(vGPU 13.10), 550.54.10(February 2024 release), 470.239.06, 535.161.07(vGPU 16.4), 470.239.06(vGPU 13.10), 550.54.14(February 2024 release)
CVE-2022-42265;5.3;MEDIUM;CVSS:3.1/AV:L/AC:L/PR:L/UI:N/S:U/C:L/I:L/A:L;CWE-190;5520;Tesla;All driver versions prior to 470.239.06;474.82, 474.89, 538.33(vGPU 16.4), 474.82(vGPU 13.10), 551.61(February 2024 release), 535.161.05(vGPU 16.4), 470.239.01(vGPU 13.10), 550.54.10(February 2024 release), 470.239.06, 535.161.07(vGPU 16.4), 470.239.06(vGPU 13.10), 550.54.14(February 2024 release)
CVE-2022-42265;5.3;MEDIUM;CVSS:3.1/AV:L/AC:L/PR:L/UI:N/S:U/C:L/I:L/A:L;CWE-190;5520;Tesla;All driver versions prior to 474.82;474.82, 474.89, 538.33(vGPU 16.4), 474.82(vGPU 13.10), 551.61(February 2024 release), 535.161.05(vGPU 16.4), 470.239.01(vGPU 13.10), 550.54.10(February 2024 release), 470.239.06, 535.161.07(vGPU 16.4), 470.239.06(vGPU 13.10), 550.54.14(February 2024 release)
CVE-2022-42265;5.3;MEDIUM;CVSS:3.1/AV:L/AC:L/PR:L/UI:N/S:U/C:L/I:L/A:L;CWE-190;5520;Virtual GPU Manager;470.223.02(All versions up to and including vGPU 13.9);474.82, 474.89, 538.33(vGPU 16.4), 474.82(vGPU 13.10), 551.61(February 2024 release), 535.161.05(vGPU 16.4), 470.239.01(vGPU 13.10), 550.54.10(February 2024 release), 470.239.06, 535.161.07(vGPU 16.4), 470.239.06(vGPU 13.10), 550.54.14(February 2024 release)
CVE-2022-42265;5.3;MEDIUM;CVSS:3.1/AV:L/AC:L/PR:L/UI:N/S:U/C:L/I:L/A:L;CWE-190;5520;Virtual GPU Manager;535.154.02(All versions up to and including vGPU 16.3);474.82, 474.89, 538.33(vGPU 16.4), 474.82(vGPU 13.10), 551.61(February 2024 release), 535.161.05(vGPU 16.4), 470.239.01(vGPU 13.10), 550.54.10(February 2024 release), 470.239.06, 535.161.07(vGPU 16.4), 470.239.06(vGPU 13.10), 550.54.14(February 2024 release)
CVE-2022-42265;5.3;MEDIUM;CVSS:3.1/AV:L/AC:L/PR:L/UI:N/S:U/C:L/I:L/A:L;CWE-190;5520;Virtual GPU Manager;538.15(All versions up to and including vGPU 16.3);474.82, 474.89, 538.33(vGPU 16.4), 474.82(vGPU 13.10), 551.61(February 2024 release), 535.161.05(vGPU 16.4), 470.239.01(vGPU 13.10), 550.54.10(February 2024 release), 470.239.06, 535.161.07(vGPU 16.4), 470.239.06(vGPU 13.10), 550.54.14(February 2024 release)
CVE-2022-42265;5.3;MEDIUM;CVSS:3.1/AV:L/AC:L/PR:L/UI:N/S:U/C:L/I:L/A:L;CWE-190;5520;Virtual GPU Manager;545.37.02(All versions prior to and including the January 2024 release);474.82, 474.89, 538.33(vGPU 16.4), 474.82(vGPU 13.10), 551.61(February 2024 release), 535.161.05(vGPU 16.4), 470.239.01(vGPU 13.10), 550.54.10(February 2024 release), 470.239.06, 535.161.07(vGPU 16.4), 470.239.06(vGPU 13.10), 550.54.14(February 2024 release)
CVE-2022-42271;8.4;HIGH;CVSS:3.1/AV:L/AC:L/PR:N/UI:N/S:U/C:H/I:H/A:H;CWE-120;5513;NVIDIA DGX Servers;All BMC firmware versions prior to 2.09.00;BMC Firmware 2.09.00
CVE-2022-42272;8.1;HIGH;CVSS:3.1/AV:N/AC:H/PR:N/UI:N/S:U/C:H/I:H/A:H;CWE-120;5513;NVIDIA DGX Servers;All BMC firmware versions prior to 2.09.00;BMC Firmware 2.09.00
CVE-2022-42273;8.1;HIGH;CVSS:3.1/AV:N/AC:L/PR:L/UI:N/S:U/C:H/I:H/A:N;CWE-120;5513;NVIDIA DGX Servers;All BMC firmware versions prior to 2.09.00;BMC Firmware 2.09.00
CVE-2022-42274;7.8;HIGH;CVSS:3.1/AV:L/AC:L/PR:L/UI:N/S:U/C:H/I:H/A:H;CWE-120;5513;NVIDIA DGX Servers;All BMC firmware versions prior to 2.09.00;BMC Firmware 2.09.00
CVE-2022-42275;7.7;HIGH;CVSS:3.1/AV:L/AC:L/PR:N/UI:N/S:U/C:N/I:H/A:H;CWE-120;5513;NVIDIA DGX Servers;All BMC firmware versions prior to 2.09.00;BMC Firmware 2.09.00
CVE-2022-42279;7.2;HIGH;CVSS:3.1/AV:N/AC:L/PR:H/UI:N/S:U/C:H/I:H/A:H;CWE-78;5513;NVIDIA DGX Servers;All BMC firmware versions prior to 2.09.00;BMC Firmware 2.09.00
CVE-2022-42280;7.1;HIGH;CVSS:3.1/AV:L/AC:L/PR:L/UI:N/S:U/C:H/I:H/A:N;CWE-22;5513;NVIDIA DGX Servers;All BMC firmware versions prior to 2.09.00;BMC Firmware 2.09.00
CVE-2022-42282;6.5;MEDIUM;CVSS:3.1/AV:N/AC:L/PR:L/UI:N/S:U/C:H/I:N/A:N;CWE-22;5513;NVIDIA DGX Servers;All BMC firmware versions prior to 2.09.00;BMC Firmware 2.09.00
CVE-2022-42283;6.4;MEDIUM;CVSS:3.1/AV:L/AC:H/PR:H/UI:N/S:U/C:H/I:H/A:H;CWE-120;5513;NVIDIA DGX Servers;All BMC firmware versions prior to 2.09.00;BMC Firmware 2.09.00
CVE-2022-42284;6.2;MEDIUM;CVSS:3.1/AV:L/AC:L/PR:N/UI:N/S:U/C:H/I:N/A:N;CWE-312;5513;NVIDIA DGX Servers;All BMC firmware versions prior to 2.09.00;BMC Firmware 2.09.00
CVE-2022-42287;6;MEDIUM;CVSS:3.1/AV:L/AC:L/PR:H/UI:N/S:U/C:H/I:H/A:N;CWE-22;5513;NVIDIA DGX Servers;All BMC firmware versions prior to 2.09.00;BMC Firmware 2.09.00
CVE-2022-42288;5.3;MEDIUM;CVSS:3.1/AV:N/AC:L/PR:N/UI:N/S:U/C:L/I:N/A:N;CWE-208;5513;NVIDIA DGX Servers;All BMC firmware versions prior to 2.09.00;BMC Firmware 2.09.00
CVE-2022-42289;7.2;HIGH;CVSS:3.1/AV:N/AC:L/PR:H/UI:N/S:U/C:H/I:H/A:H;CWE-78;5513;NVIDIA DGX Servers;All BMC firmware versions prior to 2.09.00;BMC Firmware 2.09.00
CVE-2022-42290;7.2;HIGH;CVSS:3.1/AV:N/AC:L/PR:H/UI:N/S:U/C:H/I:H/A:H;CWE-78;5513;NVIDIA DGX Servers;All BMC firmware versions prior to 2.09.00;BMC Firmware 2.09.00
CVE-2023-25521;7.5;HIGH;CVSS:3.1/AV:L/AC:H/PR:H/UI:N/S:C/C:H/I:H/A:H;CWE-250;5513;NVIDIA DGX Servers;All SBIOS firmware versions prior to 10.20;SBIOS Firmware 10.20
CVE-2023-25529;8;HIGH;CVSS:3.1/AV:A/AC:H/PR:N/UI:N/S:C/C:H/I:H/A:N;CWE-208;5510;DGX A100;All BMC versions prior to 00.22.05;00.22.05
CVE-2023-25530;8;HIGH;CVSS:3.1/AV:A/AC:L/PR:L/UI:N/S:U/C:H/I:H/A:H;CWE-20;5510;DGX A100;All BMC versions prior to 00.22.05;00.22.05
CVE-2023-31024;9;CRITICAL;CVSS:3.1/AV:N/AC:H/PR:N/UI:N/S:C/C:H/I:H/A:H;CWE-121;5510;DGX A100;All BMC versions prior to 00.22.05;00.22.05
CVE-2023-31025;6.5;MEDIUM;CVSS:3.1/AV:A/AC:L/PR:N/UI:N/S:U/C:H/I:N/A:N;CWE-90;5510;DGX A100;All BMC versions prior to 00.22.05;00.22.05
CVE-2023-31028;2.8;LOW;CVSS:3.1/AV:L/AC:L/PR:L/UI:R/S:U/C:N/I:N/A:L;CWE-20;5517;nvJPEG2000 Library;All versions prior to nvJPEG2000 v0.7.x;nvJPEG2000 v0.7.x
CVE-2023-31029;10;CRITICAL;CVSS:3.1/AV:N/AC:L/PR:N/UI:N/S:C/C:H/I:H/A:H;CWE-121;5510;DGX A100;All BMC versions prior to 00.22.05;00.22.05
CVE-2023-31030;9.3;CRITICAL;CVSS:3.1/AV:L/AC:L/PR:N/UI:N/S:C/C:H/I:H/A:H;CWE-121;5510;DGX A100;All BMC versions prior to 00.22.05;00.22.05
CVE-2023-31031;4.2;MEDIUM;CVSS:3.1/AV:L/AC:L/PR:H/UI:N/S:U/C:L/I:L/A:L;CWE-122;5510;DGX A100;All SBIOS versions prior to 1.25;1.25
CVE-2023-31031;4.2;MEDIUM;CVSS:3.1/AV:L/AC:L/PR:H/UI:N/S:U/C:L/I:L/A:L;CWE-122;5513;NVIDIA DGX Servers;All SBIOS firmware versions prior to 10.20;SBIOS Firmware 10.20
CVE-2023-31032;7.5;HIGH;CVSS:3.1/AV:L/AC:H/PR:H/UI:N/S:C/C:H/I:H/A:H;CWE-627;5510;DGX A100;All SBIOS versions prior to 1.25;1.25
CVE-2023-31032;7.5;HIGH;CVSS:3.1/AV:L/AC:H/PR:H/UI:N/S:C/C:H/I:H/A:H;CWE-627;5513;NVIDIA DGX Servers;All SBIOS firmware versions prior to 10.20;SBIOS Firmware 10.20
CVE-2023-31033;6.8;MEDIUM;CVSS:3.1/AV:A/AC:L/PR:H/UI:N/S:U/C:H/I:H/A:H;CWE-306;5510;DGX A100;All BMC versions prior to 00.22.05;00.22.05
CVE-2023-31034;6.6;MEDIUM;CVSS:3.1/AV:L/AC:H/PR:L/UI:R/S:C/C:L/I:L/A:H;CWE-190;5510;DGX A100;All SBIOS versions prior to 1.25;1.25
CVE-2023-31034;6.6;MEDIUM;CVSS:3.1/AV:L/AC:H/PR:L/UI:R/S:C/C:L/I:L/A:H;CWE-190;5513;NVIDIA DGX Servers;All SBIOS firmware versions prior to 10.20;SBIOS Firmware 10.20
CVE-2023-31035;7.5;HIGH;CVSS:3.1/AV:L/AC:H/PR:H/UI:N/S:C/C:H/I:H/A:H;CWE-20;5510;DGX A100;All SBIOS versions prior to 1.25;1.25
CVE-2023-31037;7.2;HIGH;CVSS:3.1/AV:N/AC:L/PR:H/UI:N/S:U/C:H/I:H/A:H;CWE-94;5511;Bluefield 2 DPU BMC, BlueField 3 DPU BMC;LTS:2.8.2-46, 23.04, 23.07, 23.09;LTS: 2.8.2-51, 23.10
CVE-2024-0071;7.8;HIGH;CVSS:3.1/AV:L/AC:L/PR:N/UI:R/S:U/C:H/I:H/A:H;CWE-125;5520;GeForce;All driver versions prior to 474.82 for support of GeForce Kepler desktop;551.61, 474.82, 474.89, 538.33, 538.33(vGPU 16.4), 474.82(vGPU 13.10), 551.61(February 2024 release)
CVE-2024-0071;7.8;HIGH;CVSS:3.1/AV:L/AC:L/PR:N/UI:R/S:U/C:H/I:H/A:H;CWE-125;5520;GeForce;All driver versions prior to 474.89;551.61, 474.82, 474.89, 538.33, 538.33(vGPU 16.4), 474.82(vGPU 13.10), 551.61(February 2024 release)
CVE-2024-0071;7.8;HIGH;CVSS:3.1/AV:L/AC:L/PR:N/UI:R/S:U/C:H/I:H/A:H;CWE-125;5520;GeForce;All driver versions prior to 551.61;551.61, 474.82, 474.89, 538.33, 538.33(vGPU 16.4), 474.82(vGPU 13.10), 551.61(February 2024 release)
CVE-2024-0071;7.8;HIGH;CVSS:3.1/AV:L/AC:L/PR:N/UI:R/S:U/C:H/I:H/A:H;CWE-125;5520;Guest driver;474.64(All versions up to and including vGPU 13.9);551.61, 474.82, 474.89, 538.33, 538.33(vGPU 16.4), 474.82(vGPU 13.10), 551.61(February 2024 release)
CVE-2024-0071;7.8;HIGH;CVSS:3.1/AV:L/AC:L/PR:N/UI:R/S:U/C:H/I:H/A:H;CWE-125;5520;Guest driver;538.15(All versions up to and including vGPU 16.3);551.61, 474.82, 474.89, 538.33, 538.33(vGPU 16.4), 474.82(vGPU 13.10), 551.61(February 2024 release)
CVE-2024-0071;7.8;HIGH;CVSS:3.1/AV:L/AC:L/PR:N/UI:R/S:U/C:H/I:H/A:H;CWE-125;5520;Guest driver;546.65(All versions up to and including the January 2024 release);551.61, 474.82, 474.89, 538.33, 538.33(vGPU 16.4), 474.82(vGPU 13.10), 551.61(February 2024 release)
CVE-2024-0071;7.8;HIGH;CVSS:3.1/AV:L/AC:L/PR:N/UI:R/S:U/C:H/I:H/A:H;CWE-125;5520;NVIDIA RTX, Quadro, NVS;All driver versions prior to 474.82;551.61, 474.82, 474.89, 538.33, 538.33(vGPU 16.4), 474.82(vGPU 13.10), 551.61(February 2024 release)
CVE-2024-0071;7.8;HIGH;CVSS:3.1/AV:L/AC:L/PR:N/UI:R/S:U/C:H/I:H/A:H;CWE-125;5520;NVIDIA RTX, Quadro, NVS;All driver versions prior to 538.33;551.61, 474.82, 474.89, 538.33, 538.33(vGPU 16.4), 474.82(vGPU 13.10), 551.61(February 2024 release)
CVE-2024-0071;7.8;HIGH;CVSS:3.1/AV:L/AC:L/PR:N/UI:R/S:U/C:H/I:H/A:H;CWE-125;5520;NVIDIA RTX, Quadro, NVS;All driver versions prior to 551.61;551.61, 474.82, 474.89, 538.33, 538.33(vGPU 16.4), 474.82(vGPU 13.10), 551.61(February 2024 release)
CVE-2024-0071;7.8;HIGH;CVSS:3.1/AV:L/AC:L/PR:N/UI:R/S:U/C:H/I:H/A:H;CWE-125;5520;Studio;All driver versions prior to 551.61;551.61, 474.82, 474.89, 538.33, 538.33(vGPU 16.4), 474.82(vGPU 13.10), 551.61(February 2024 release)
CVE-2024-0071;7.8;HIGH;CVSS:3.1/AV:L/AC:L/PR:N/UI:R/S:U/C:H/I:H/A:H;CWE-125;5520;Tesla;All driver versions prior to 474.82;551.61, 474.82, 474.89, 538.33, 538.33(vGPU 16.4), 474.82(vGPU 13.10), 551.61(February 2024 release)
CVE-2024-0071;7.8;HIGH;CVSS:3.1/AV:L/AC:L/PR:N/UI:R/S:U/C:H/I:H/A:H;CWE-125;5520;Tesla;All driver versions prior to 538.33;551.61, 474.82, 474.89, 538.33, 538.33(vGPU 16.4), 474.82(vGPU 13.10), 551.61(February 2024 release)
CVE-2024-0071;7.8;HIGH;CVSS:3.1/AV:L/AC:L/PR:N/UI:R/S:U/C:H/I:H/A:H;CWE-125;5520;Tesla;All driver versions prior to 551.61;551.61, 474.82, 474.89, 538.33, 538.33(vGPU 16.4), 474.82(vGPU 13.10), 551.61(February 2024 release)
CVE-2024-0072;3.3;LOW;CVSS:3.1/AV:L/AC:L/PR:N/UI:R/S:U/C:N/I:N/A:L;CWE-476;5517;NVIDIA CUDA Toolkit;All versions prior to CUDA Toolkit v12.4;CUDA Toolkit v12.4U1
CVE-2024-0073;7.8;HIGH;CVSS:3.1/AV:L/AC:L/PR:L/UI:N/S:U/C:H/I:H/A:H;CWE-250;5520;GeForce;All driver versions prior to 474.82 for support of GeForce Kepler desktop;551.61, 474.82, 474.89, 538.33, 538.33(vGPU 16.4), 474.82(vGPU 13.10), 551.61(February 2024 release)
CVE-2024-0073;7.8;HIGH;CVSS:3.1/AV:L/AC:L/PR:L/UI:N/S:U/C:H/I:H/A:H;CWE-250;5520;GeForce;All driver versions prior to 474.89;551.61, 474.82, 474.89, 538.33, 538.33(vGPU 16.4), 474.82(vGPU 13.10), 551.61(February 2024 release)
CVE-2024-0073;7.8;HIGH;CVSS:3.1/AV:L/AC:L/PR:L/UI:N/S:U/C:H/I:H/A:H;CWE-250;5520;GeForce;All driver versions prior to 551.61;551.61, 474.82, 474.89, 538.33, 538.33(vGPU 16.4), 474.82(vGPU 13.10), 551.61(February 2024 release)
CVE-2024-0073;7.8;HIGH;CVSS:3.1/AV:L/AC:L/PR:L/UI:N/S:U/C:H/I:H/A:H;CWE-250;5520;Guest driver;474.64(All versions up to and including vGPU 13.9);551.61, 474.82, 474.89, 538.33, 538.33(vGPU 16.4), 474.82(vGPU 13.10), 551.61(February 2024 release)
CVE-2024-0073;7.8;HIGH;CVSS:3.1/AV:L/AC:L/PR:L/UI:N/S:U/C:H/I:H/A:H;CWE-250;5520;Guest driver;538.15(All versions up to and including vGPU 16.3);551.61, 474.82, 474.89, 538.33, 538.33(vGPU 16.4), 474.82(vGPU 13.10), 551.61(February 2024 release)
CVE-2024-0073;7.8;HIGH;CVSS:3.1/AV:L/AC:L/PR:L/UI:N/S:U/C:H/I:H/A:H;CWE-250;5520;Guest driver;546.65(All versions up to and including the January 2024 release);551.61, 474.82, 474.89, 538.33, 538.33(vGPU 16.4), 474.82(vGPU 13.10), 551.61(February 2024 release)
CVE-2024-0073;7.8;HIGH;CVSS:3.1/AV:L/AC:L/PR:L/UI:N/S:U/C:H/I:H/A:H;CWE-250;5520;NVIDIA RTX, Quadro, NVS;All driver versions prior to 474.82;551.61, 474.82, 474.89, 538.33, 538.33(vGPU 16.4), 474.82(vGPU 13.10), 551.61(February 2024 release)
CVE-2024-0073;7.8;HIGH;CVSS:3.1/AV:L/AC:L/PR:L/UI:N/S:U/C:H/I:H/A:H;CWE-250;5520;NVIDIA RTX, Quadro, NVS;All driver versions prior to 538.33;551.61, 474.82, 474.89, 538.33, 538.33(vGPU 16.4), 474.82(vGPU 13.10), 551.61(February 2024 release)
CVE-2024-0073;7.8;HIGH;CVSS:3.1/AV:L/AC:L/PR:L/UI:N/S:U/C:H/I:H/A:H;CWE-250;5520;NVIDIA RTX, Quadro, NVS;All driver versions prior to 551.61;551.61, 474.82, 474.89, 538.33, 538.33(vGPU 16.4), 474.82(vGPU 13.10), 551.61(February 2024 release)
CVE-2024-0073;7.8;HIGH;CVSS:3.1/AV:L/AC:L/PR:L/UI:N/S:U/C:H/I:H/A:H;CWE-250;5520;Studio;All driver versions prior to 551.61;551.61, 474.82, 474.89, 538.33, 538.33(vGPU 16.4), 474.82(vGPU 13.10), 551.61(February 2024 release)
CVE-2024-0073;7.8;HIGH;CVSS:3.1/AV:L/AC:L/PR:L/UI:N/S:U/C:H/I:H/A:H;CWE-250;5520;Tesla;All driver versions prior to 474.82;551.61, 474.82, 474.89, 538.33, 538.33(vGPU 16.4), 474.82(vGPU 13.10), 551.61(February 2024 release)
CVE-2024-0073;7.8;HIGH;CVSS:3.1/AV:L/AC:L/PR:L/UI:N/S:U/C:H/I:H/A:H;CWE-250;5520;Tesla;All driver versions prior to 538.33;551.61, 474.82, 474.89, 538.33, 538.33(vGPU 16.4), 474.82(vGPU 13.10), 551.61(February 2024 release)
CVE-2024-0073;7.8;HIGH;CVSS:3.1/AV:L/AC:L/PR:L/UI:N/S:U/C:H/I:H/A:H;CWE-250;5520;Tesla;All driver versions prior to 551.61;551.61, 474.82, 474.89, 538.33, 538.33(vGPU 16.4), 474.82(vGPU 13.10), 551.61(February 2024 release)
CVE-2024-0073;7.8;HIGH;CVSS:3.1/AV:L/AC:L/PR:L/UI:N/S:U/C:H/I:H/A:H;CWE-250;5520;Virtual GPU Manager;538.15(All versions up to and including vGPU 16.3);551.61, 474.82, 474.89, 538.33, 538.33(vGPU 16.4), 474.82(vGPU 13.10), 551.61(February 2024 release)
CVE-2024-0074;7.1;HIGH;CVSS:3.1/AV:L/AC:L/PR:L/UI:N/S:U/C:N/I:H/A:H;CWE-788;5520;GeForce;All driver versions prior to 470.239.06;538.33(vGPU 16.4), 474.82(vGPU 13.10), 551.61(February 2024 release), 535.161.05(vGPU 16.4), 470.239.01(vGPU 13.10), 550.54.10(February 2024 release), 550.54.14, 535.161.07, 470.239.06, 535.161.07(vGPU 16.4), 470.239.06(vGPU 13.10), 550.54.14(February 2024 release)
CVE-2024-0074;7.1;HIGH;CVSS:3.1/AV:L/AC:L/PR:L/UI:N/S:U/C:N/I:H/A:H;CWE-788;5520;GeForce;All driver versions prior to 535.161.07;538.33(vGPU 16.4), 474.82(vGPU 13.10), 551.61(February 2024 release), 535.161.05(vGPU 16.4), 470.239.01(vGPU 13.10), 550.54.10(February 2024 release), 550.54.14, 535.161.07, 470.239.06, 535.161.07(vGPU 16.4), 470.239.06(vGPU 13.10), 550.54.14(February 2024 release)
CVE-2024-0074;7.1;HIGH;CVSS:3.1/AV:L/AC:L/PR:L/UI:N/S:U/C:N/I:H/A:H;CWE-788;5520;GeForce;All driver versions prior to 550.54.14;538.33(vGPU 16.4), 474.82(vGPU 13.10), 551.61(February 2024 release), 535.161.05(vGPU 16.4), 470.239.01(vGPU 13.10), 550.54.10(February 2024 release), 550.54.14, 535.161.07, 470.239.06, 535.161.07(vGPU 16.4), 470.239.06(vGPU 13.10), 550.54.14(February 2024 release)
CVE-2024-0074;7.1;HIGH;CVSS:3.1/AV:L/AC:L/PR:L/UI:N/S:U/C:N/I:H/A:H;CWE-788;5520;Guest driver;470.223.02(All versions up to and including vGPU 13.9);538.33(vGPU 16.4), 474.82(vGPU 13.10), 551.61(February 2024 release), 535.161.05(vGPU 16.4), 470.239.01(vGPU 13.10), 550.54.10(February 2024 release), 550.54.14, 535.161.07, 470.239.06, 535.161.07(vGPU 16.4), 470.239.06(vGPU 13.10), 550.54.14(February 2024 release)
CVE-2024-0074;7.1;HIGH;CVSS:3.1/AV:L/AC:L/PR:L/UI:N/S:U/C:N/I:H/A:H;CWE-788;5520;Guest driver;474.64(All versions up to and including vGPU 13.9);538.33(vGPU 16.4), 474.82(vGPU 13.10), 551.61(February 2024 release), 535.161.05(vGPU 16.4), 470.239.01(vGPU 13.10), 550.54.10(February 2024 release), 550.54.14, 535.161.07, 470.239.06, 535.161.07(vGPU 16.4), 470.239.06(vGPU 13.10), 550.54.14(February 2024 release)
CVE-2024-0074;7.1;HIGH;CVSS:3.1/AV:L/AC:L/PR:L/UI:N/S:U/C:N/I:H/A:H;CWE-788;5520;Guest driver;535.154.05(All versions up to and including vGPU 16.3);538.33(vGPU 16.4), 474.82(vGPU 13.10), 551.61(February 2024 release), 535.161.05(vGPU 16.4), 470.239.01(vGPU 13.10), 550.54.10(February 2024 release), 550.54.14, 535.161.07, 470.239.06, 535.161.07(vGPU 16.4), 470.239.06(vGPU 13.10), 550.54.14(February 2024 release)
CVE-2024-0074;7.1;HIGH;CVSS:3.1/AV:L/AC:L/PR:L/UI:N/S:U/C:N/I:H/A:H;CWE-788;5520;Guest driver;538.15(All versions up to and including vGPU 16.3);538.33(vGPU 16.4), 474.82(vGPU 13.10), 551.61(February 2024 release), 535.161.05(vGPU 16.4), 470.239.01(vGPU 13.10), 550.54.10(February 2024 release), 550.54.14, 535.161.07, 470.239.06, 535.161.07(vGPU 16.4), 470.239.06(vGPU 13.10), 550.54.14(February 2024 release)
CVE-2024-0074;7.1;HIGH;CVSS:3.1/AV:L/AC:L/PR:L/UI:N/S:U/C:N/I:H/A:H;CWE-788;5520;Guest driver;545.37.02(All versions up to and including the January 2024 release);538.33(vGPU 16.4), 474.82(vGPU 13.10), 551.61(February 2024 release), 535.161.05(vGPU 16.4), 470.239.01(vGPU 13.10), 550.54.10(February 2024 release), 550.54.14, 535.161.07, 470.239.06, 535.161.07(vGPU 16.4), 470.239.06(vGPU 13.10), 550.54.14(February 2024 release)
CVE-2024-0074;7.1;HIGH;CVSS:3.1/AV:L/AC:L/PR:L/UI:N/S:U/C:N/I:H/A:H;CWE-788;5520;Guest driver;546.65(All versions up to and including the January 2024 release);538.33(vGPU 16.4), 474.82(vGPU 13.10), 551.61(February 2024 release), 535.161.05(vGPU 16.4), 470.239.01(vGPU 13.10), 550.54.10(February 2024 release), 550.54.14, 535.161.07, 470.239.06, 535.161.07(vGPU 16.4), 470.239.06(vGPU 13.10), 550.54.14(February 2024 release)
CVE-2024-0074;7.1;HIGH;CVSS:3.1/AV:L/AC:L/PR:L/UI:N/S:U/C:N/I:H/A:H;CWE-788;5520;NVIDIA RTX, Quadro, NVS;All driver versions prior to 470.239.06;538.33(vGPU 16.4), 474.82(vGPU 13.10), 551.61(February 2024 release), 535.161.05(vGPU 16.4), 470.239.01(vGPU 13.10), 550.54.10(February 2024 release), 550.54.14, 535.161.07, 470.239.06, 535.161.07(vGPU 16.4), 470.239.06(vGPU 13.10), 550.54.14(February 2024 release)
CVE-2024-0074;7.1;HIGH;CVSS:3.1/AV:L/AC:L/PR:L/UI:N/S:U/C:N/I:H/A:H;CWE-788;5520;NVIDIA RTX, Quadro, NVS;All driver versions prior to 535.161.07;538.33(vGPU 16.4), 474.82(vGPU 13.10), 551.61(February 2024 release), 535.161.05(vGPU 16.4), 470.239.01(vGPU 13.10), 550.54.10(February 2024 release), 550.54.14, 535.161.07, 470.239.06, 535.161.07(vGPU 16.4), 470.239.06(vGPU 13.10), 550.54.14(February 2024 release)
CVE-2024-0074;7.1;HIGH;CVSS:3.1/AV:L/AC:L/PR:L/UI:N/S:U/C:N/I:H/A:H;CWE-788;5520;NVIDIA RTX, Quadro, NVS;All driver versions prior to 550.54.14;538.33(vGPU 16.4), 474.82(vGPU 13.10), 551.61(February 2024 release), 535.161.05(vGPU 16.4), 470.239.01(vGPU 13.10), 550.54.10(February 2024 release), 550.54.14, 535.161.07, 470.239.06, 535.161.07(vGPU 16.4), 470.239.06(vGPU 13.10), 550.54.14(February 2024 release)
CVE-2024-0074;7.1;HIGH;CVSS:3.1/AV:L/AC:L/PR:L/UI:N/S:U/C:N/I:H/A:H;CWE-788;5520;Tesla;All driver versions prior to 470.239.06;538.33(vGPU 16.4), 474.82(vGPU 13.10), 551.61(February 2024 release), 535.161.05(vGPU 16.4), 470.239.01(vGPU 13.10), 550.54.10(February 2024 release), 550.54.14, 535.161.07, 470.239.06, 535.161.07(vGPU 16.4), 470.239.06(vGPU 13.10), 550.54.14(February 2024 release)
CVE-2024-0074;7.1;HIGH;CVSS:3.1/AV:L/AC:L/PR:L/UI:N/S:U/C:N/I:H/A:H;CWE-788;5520;Tesla;All driver versions prior to 535.161.07;538.33(vGPU 16.4), 474.82(vGPU 13.10), 551.61(February 2024 release), 535.161.05(vGPU 16.4), 470.239.01(vGPU 13.10), 550.54.10(February 2024 release), 550.54.14, 535.161.07, 470.239.06, 535.161.07(vGPU 16.4), 470.239.06(vGPU 13.10), 550.54.14(February 2024 release)
CVE-2024-0074;7.1;HIGH;CVSS:3.1/AV:L/AC:L/PR:L/UI:N/S:U/C:N/I:H/A:H;CWE-788;5520;Tesla;All driver versions prior to 550.54.14;538.33(vGPU 16.4), 474.82(vGPU 13.10), 551.61(February 2024 release), 535.161.05(vGPU 16.4), 470.239.01(vGPU 13.10), 550.54.10(February 2024 release), 550.54.14, 535.161.07, 470.239.06, 535.161.07(vGPU 16.4), 470.239.06(vGPU 13.10), 550.54.14(February 2024 release)
CVE-2024-0074;7.1;HIGH;CVSS:3.1/AV:L/AC:L/PR:L/UI:N/S:U/C:N/I:H/A:H;CWE-788;5520;Virtual GPU Manager;470.223.02(All versions up to and including vGPU 13.9);538.33(vGPU 16.4), 474.82(vGPU 13.10), 551.61(February 2024 release), 535.161.05(vGPU 16.4), 470.239.01(vGPU 13.10), 550.54.10(February 2024 release), 550.54.14, 535.161.07, 470.239.06, 535.161.07(vGPU 16.4), 470.239.06(vGPU 13.10), 550.54.14(February 2024 release)
CVE-2024-0074;7.1;HIGH;CVSS:3.1/AV:L/AC:L/PR:L/UI:N/S:U/C:N/I:H/A:H;CWE-788;5520;Virtual GPU Manager;535.154.02(All versions up to and including vGPU 16.3);538.33(vGPU 16.4), 474.82(vGPU 13.10), 551.61(February 2024 release), 535.161.05(vGPU 16.4), 470.239.01(vGPU 13.10), 550.54.10(February 2024 release), 550.54.14, 535.161.07, 470.239.06, 535.161.07(vGPU 16.4), 470.239.06(vGPU 13.10), 550.54.14(February 2024 release)
CVE-2024-0074;7.1;HIGH;CVSS:3.1/AV:L/AC:L/PR:L/UI:N/S:U/C:N/I:H/A:H;CWE-788;5520;Virtual GPU Manager;538.15(All versions up to and including vGPU 16.3);538.33(vGPU 16.4), 474.82(vGPU 13.10), 551.61(February 2024 release), 535.161.05(vGPU 16.4), 470.239.01(vGPU 13.10), 550.54.10(February 2024 release), 550.54.14, 535.161.07, 470.239.06, 535.161.07(vGPU 16.4), 470.239.06(vGPU 13.10), 550.54.14(February 2024 release)
CVE-2024-0074;7.1;HIGH;CVSS:3.1/AV:L/AC:L/PR:L/UI:N/S:U/C:N/I:H/A:H;CWE-788;5520;Virtual GPU Manager;545.37.02(All versions prior to and including the January 2024 release);538.33(vGPU 16.4), 474.82(vGPU 13.10), 551.61(February 2024 release), 535.161.05(vGPU 16.4), 470.239.01(vGPU 13.10), 550.54.10(February 2024 release), 550.54.14, 535.161.07, 470.239.06, 535.161.07(vGPU 16.4), 470.239.06(vGPU 13.10), 550.54.14(February 2024 release)
CVE-2024-0075;6.1;MEDIUM;CVSS:3.1/AV:L/AC:L/PR:L/UI:N/S:U/C:L/I:N/A:H;CWE-476;5520;GeForce;All driver versions prior to 535.161.07;551.61, 538.33, 538.33(vGPU 16.4), 474.82(vGPU 13.10), 551.61(February 2024 release), 535.161.05(vGPU 16.4), 470.239.01(vGPU 13.10), 550.54.10(February 2024 release), 550.54.14, 535.161.07, 535.161.07(vGPU 16.4), 470.239.06(vGPU 13.10), 550.54.14(February 2024 release)
CVE-2024-0075;6.1;MEDIUM;CVSS:3.1/AV:L/AC:L/PR:L/UI:N/S:U/C:L/I:N/A:H;CWE-476;5520;GeForce;All driver versions prior to 550.54.14;551.61, 538.33, 538.33(vGPU 16.4), 474.82(vGPU 13.10), 551.61(February 2024 release), 535.161.05(vGPU 16.4), 470.239.01(vGPU 13.10), 550.54.10(February 2024 release), 550.54.14, 535.161.07, 535.161.07(vGPU 16.4), 470.239.06(vGPU 13.10), 550.54.14(February 2024 release)
CVE-2024-0075;6.1;MEDIUM;CVSS:3.1/AV:L/AC:L/PR:L/UI:N/S:U/C:L/I:N/A:H;CWE-476;5520;GeForce;All driver versions prior to 551.61;551.61, 538.33, 538.33(vGPU 16.4), 474.82(vGPU 13.10), 551.61(February 2024 release), 535.161.05(vGPU 16.4), 470.239.01(vGPU 13.10), 550.54.10(February 2024 release), 550.54.14, 535.161.07, 535.161.07(vGPU 16.4), 470.239.06(vGPU 13.10), 550.54.14(February 2024 release)
CVE-2024-0075;6.1;MEDIUM;CVSS:3.1/AV:L/AC:L/PR:L/UI:N/S:U/C:L/I:N/A:H;CWE-476;5520;Guest driver;470.223.02(All versions up to and including vGPU 13.9);551.61, 538.33, 538.33(vGPU 16.4), 474.82(vGPU 13.10), 551.61(February 2024 release), 535.161.05(vGPU 16.4), 470.239.01(vGPU 13.10), 550.54.10(February 2024 release), 550.54.14, 535.161.07, 535.161.07(vGPU 16.4), 470.239.06(vGPU 13.10), 550.54.14(February 2024 release)
CVE-2024-0075;6.1;MEDIUM;CVSS:3.1/AV:L/AC:L/PR:L/UI:N/S:U/C:L/I:N/A:H;CWE-476;5520;Guest driver;474.64(All versions up to and including vGPU 13.9);551.61, 538.33, 538.33(vGPU 16.4), 474.82(vGPU 13.10), 551.61(February 2024 release), 535.161.05(vGPU 16.4), 470.239.01(vGPU 13.10), 550.54.10(February 2024 release), 550.54.14, 535.161.07, 535.161.07(vGPU 16.4), 470.239.06(vGPU 13.10), 550.54.14(February 2024 release)
CVE-2024-0075;6.1;MEDIUM;CVSS:3.1/AV:L/AC:L/PR:L/UI:N/S:U/C:L/I:N/A:H;CWE-476;5520;Guest driver;535.154.05(All versions up to and including vGPU 16.3);551.61, 538.33, 538.33(vGPU 16.4), 474.82(vGPU 13.10), 551.61(February 2024 release), 535.161.05(vGPU 16.4), 470.239.01(vGPU 13.10), 550.54.10(February 2024 release), 550.54.14, 535.161.07, 535.161.07(vGPU 16.4), 470.239.06(vGPU 13.10), 550.54.14(February 2024 release)
CVE-2024-0075;6.1;MEDIUM;CVSS:3.1/AV:L/AC:L/PR:L/UI:N/S:U/C:L/I:N/A:H;CWE-476;5520;Guest driver;538.15(All versions up to and including vGPU 16.3);551.61, 538.33, 538.33(vGPU 16.4), 474.82(vGPU 13.10), 551.61(February 2024 release), 535.161.05(vGPU 16.4), 470.239.01(vGPU 13.10), 550.54.10(February 2024 release), 550.54.14, 535.161.07, 535.161.07(vGPU 16.4), 470.239.06(vGPU 13.10), 550.54.14(February 2024 release)
CVE-2024-0075;6.1;MEDIUM;CVSS:3.1/AV:L/AC:L/PR:L/UI:N/S:U/C:L/I:N/A:H;CWE-476;5520;Guest driver;545.37.02(All versions up to and including the January 2024 release);551.61, 538.33, 538.33(vGPU 16.4), 474.82(vGPU 13.10), 551.61(February 2024 release), 535.161.05(vGPU 16.4), 470.239.01(vGPU 13.10), 550.54.10(February 2024 release), 550.54.14, 535.161.07, 535.161.07(vGPU 16.4), 470.239.06(vGPU 13.10), 550.54.14(February 2024 release)
CVE-2024-0075;6.1;MEDIUM;CVSS:3.1/AV:L/AC:L/PR:L/UI:N/S:U/C:L/I:N/A:H;CWE-476;5520;Guest driver;546.65(All versions up to and including the January 2024 release);551.61, 538.33, 538.33(vGPU 16.4), 474.82(vGPU 13.10), 551.61(February 2024 release), 535.161.05(vGPU 16.4), 470.239.01(vGPU 13.10), 550.54.10(February 2024 release), 550.54.14, 535.161.07, 535.161.07(vGPU 16.4), 470.239.06(vGPU 13.10), 550.54.14(February 2024 release)
CVE-2024-0075;6.1;MEDIUM;CVSS:3.1/AV:L/AC:L/PR:L/UI:N/S:U/C:L/I:N/A:H;CWE-476;5520;NVIDIA RTX, Quadro, NVS;All driver versions prior to 535.161.07;551.61, 538.33, 538.33(vGPU 16.4), 474.82(vGPU 13.10), 551.61(February 2024 release), 535.161.05(vGPU 16.4), 470.239.01(vGPU 13.10), 550.54.10(February 2024 release), 550.54.14, 535.161.07, 535.161.07(vGPU 16.4), 470.239.06(vGPU 13.10), 550.54.14(February 2024 release)
CVE-2024-0075;6.1;MEDIUM;CVSS:3.1/AV:L/AC:L/PR:L/UI:N/S:U/C:L/I:N/A:H;CWE-476;5520;NVIDIA RTX, Quadro, NVS;All driver versions prior to 538.33;551.61, 538.33, 538.33(vGPU 16.4), 474.82(vGPU 13.10), 551.61(February 2024 release), 535.161.05(vGPU 16.4), 470.239.01(vGPU 13.10), 550.54.10(February 2024 release), 550.54.14, 535.161.07, 535.161.07(vGPU 16.4), 470.239.06(vGPU 13.10), 550.54.14(February 2024 release)
CVE-2024-0075;6.1;MEDIUM;CVSS:3.1/AV:L/AC:L/PR:L/UI:N/S:U/C:L/I:N/A:H;CWE-476;5520;NVIDIA RTX, Quadro, NVS;All driver versions prior to 550.54.14;551.61, 538.33, 538.33(vGPU 16.4), 474.82(vGPU 13.10), 551.61(February 2024 release), 535.161.05(vGPU 16.4), 470.239.01(vGPU 13.10), 550.54.10(February 2024 release), 550.54.14, 535.161.07, 535.161.07(vGPU 16.4), 470.239.06(vGPU 13.10), 550.54.14(February 2024 release)
CVE-2024-0075;6.1;MEDIUM;CVSS:3.1/AV:L/AC:L/PR:L/UI:N/S:U/C:L/I:N/A:H;CWE-476;5520;NVIDIA RTX, Quadro, NVS;All driver versions prior to 551.61;551.61, 538.33, 538.33(vGPU 16.4), 474.82(vGPU 13.10), 551.61(February 2024 release), 535.161.05(vGPU 16.4), 470.239.01(vGPU 13.10), 550.54.10(February 2024 release), 550.54.14, 535.161.07, 535.161.07(vGPU 16.4), 470.239.06(vGPU 13.10), 550.54.14(February 2024 release)
CVE-2024-0075;6.1;MEDIUM;CVSS:3.1/AV:L/AC:L/PR:L/UI:N/S:U/C:L/I:N/A:H;CWE-476;5520;Studio;All driver versions prior to 551.61;551.61, 538.33, 538.33(vGPU 16.4), 474.82(vGPU 13.10), 551.61(February 2024 release), 535.161.05(vGPU 16.4), 470.239.01(vGPU 13.10), 550.54.10(February 2024 release), 550.54.14, 535.161.07, 535.161.07(vGPU 16.4), 470.239.06(vGPU 13.10), 550.54.14(February 2024 release)
CVE-2024-0075;6.1;MEDIUM;CVSS:3.1/AV:L/AC:L/PR:L/UI:N/S:U/C:L/I:N/A:H;CWE-476;5520;Tesla;All driver versions prior to 535.161.07;551.61, 538.33, 538.33(vGPU 16.4), 474.82(vGPU 13.10), 551.61(February 2024 release), 535.161.05(vGPU 16.4), 470.239.01(vGPU 13.10), 550.54.10(February 2024 release), 550.54.14, 535.161.07, 535.161.07(vGPU 16.4), 470.239.06(vGPU 13.10), 550.54.14(February 2024 release)
CVE-2024-0075;6.1;MEDIUM;CVSS:3.1/AV:L/AC:L/PR:L/UI:N/S:U/C:L/I:N/A:H;CWE-476;5520;Tesla;All driver versions prior to 538.33;551.61, 538.33, 538.33(vGPU 16.4), 474.82(vGPU 13.10), 551.61(February 2024 release), 535.161.05(vGPU 16.4), 470.239.01(vGPU 13.10), 550.54.10(February 2024 release), 550.54.14, 535.161.07, 535.161.07(vGPU 16.4), 470.239.06(vGPU 13.10), 550.54.14(February 2024 release)
CVE-2024-0075;6.1;MEDIUM;CVSS:3.1/AV:L/AC:L/PR:L/UI:N/S:U/C:L/I:N/A:H;CWE-476;5520;Tesla;All driver versions prior to 550.54.14;551.61, 538.33, 538.33(vGPU 16.4), 474.82(vGPU 13.10), 551.61(February 2024 release), 535.161.05(vGPU 16.4), 470.239.01(vGPU 13.10), 550.54.10(February 2024 release), 550.54.14, 535.161.07, 535.161.07(vGPU 16.4), 470.239.06(vGPU 13.10), 550.54.14(February 2024 release)
CVE-2024-0075;6.1;MEDIUM;CVSS:3.1/AV:L/AC:L/PR:L/UI:N/S:U/C:L/I:N/A:H;CWE-476;5520;Tesla;All driver versions prior to 551.61;551.61, 538.33, 538.33(vGPU 16.4), 474.82(vGPU 13.10), 551.61(February 2024 release), 535.161.05(vGPU 16.4), 470.239.01(vGPU 13.10), 550.54.10(February 2024 release), 550.54.14, 535.161.07, 535.161.07(vGPU 16.4), 470.239.06(vGPU 13.10), 550.54.14(February 2024 release)
CVE-2024-0075;6.1;MEDIUM;CVSS:3.1/AV:L/AC:L/PR:L/UI:N/S:U/C:L/I:N/A:H;CWE-476;5520;Virtual GPU Manager;470.223.02(All versions up to and including vGPU 13.9);551.61, 538.33, 538.33(vGPU 16.4), 474.82(vGPU 13.10), 551.61(February 2024 release), 535.161.05(vGPU 16.4), 470.239.01(vGPU 13.10), 550.54.10(February 2024 release), 550.54.14, 535.161.07, 535.161.07(vGPU 16.4), 470.239.06(vGPU 13.10), 550.54.14(February 2024 release)
CVE-2024-0075;6.1;MEDIUM;CVSS:3.1/AV:L/AC:L/PR:L/UI:N/S:U/C:L/I:N/A:H;CWE-476;5520;Virtual GPU Manager;535.154.02(All versions up to and including vGPU 16.3);551.61, 538.33, 538.33(vGPU 16.4), 474.82(vGPU 13.10), 551.61(February 2024 release), 535.161.05(vGPU 16.4), 470.239.01(vGPU 13.10), 550.54.10(February 2024 release), 550.54.14, 535.161.07, 535.161.07(vGPU 16.4), 470.239.06(vGPU 13.10), 550.54.14(February 2024 release)
CVE-2024-0075;6.1;MEDIUM;CVSS:3.1/AV:L/AC:L/PR:L/UI:N/S:U/C:L/I:N/A:H;CWE-476;5520;Virtual GPU Manager;538.15(All versions up to and including vGPU 16.3);551.61, 538.33, 538.33(vGPU 16.4), 474.82(vGPU 13.10), 551.61(February 2024 release), 535.161.05(vGPU 16.4), 470.239.01(vGPU 13.10), 550.54.10(February 2024 release), 550.54.14, 535.161.07, 535.161.07(vGPU 16.4), 470.239.06(vGPU 13.10), 550.54.14(February 2024 release)
CVE-2024-0075;6.1;MEDIUM;CVSS:3.1/AV:L/AC:L/PR:L/UI:N/S:U/C:L/I:N/A:H;CWE-476;5520;Virtual GPU Manager;545.37.02(All versions prior to and including the January 2024 release);551.61, 538.33, 538.33(vGPU 16.4), 474.82(vGPU 13.10), 551.61(February 2024 release), 535.161.05(vGPU 16.4), 470.239.01(vGPU 13.10), 550.54.10(February 2024 release), 550.54.14, 535.161.07, 535.161.07(vGPU 16.4), 470.239.06(vGPU 13.10), 550.54.14(February 2024 release)
CVE-2024-0076;3.3;LOW;CVSS:3.1/AV:L/AC:L/PR:N/UI:R/S:U/C:N/I:N/A:L;CWE-125;5517;NVIDIA CUDA Toolkit;All versions prior to CUDA Toolkit v12.4;CUDA Toolkit v12.4U1
CVE-2024-0077;7.8;HIGH;CVSS:3.1/AV:L/AC:L/PR:L/UI:N/S:U/C:H/I:H/A:H;CWE-285;5520;Virtual GPU Manager;470.223.02(All versions up to and including vGPU 13.9);538.33(vGPU 16.4), 535.161.05(vGPU 16.4), 470.239.01(vGPU 13.10), 550.54.10(February 2024 release)
CVE-2024-0077;7.8;HIGH;CVSS:3.1/AV:L/AC:L/PR:L/UI:N/S:U/C:H/I:H/A:H;CWE-285;5520;Virtual GPU Manager;535.154.02(All versions up to and including vGPU 16.3);538.33(vGPU 16.4), 535.161.05(vGPU 16.4), 470.239.01(vGPU 13.10), 550.54.10(February 2024 release)
CVE-2024-0077;7.8;HIGH;CVSS:3.1/AV:L/AC:L/PR:L/UI:N/S:U/C:H/I:H/A:H;CWE-285;5520;Virtual GPU Manager;538.15(All versions up to and including vGPU 16.3);538.33(vGPU 16.4), 535.161.05(vGPU 16.4), 470.239.01(vGPU 13.10), 550.54.10(February 2024 release)
CVE-2024-0077;7.8;HIGH;CVSS:3.1/AV:L/AC:L/PR:L/UI:N/S:U/C:H/I:H/A:H;CWE-285;5520;Virtual GPU Manager;545.37.02(All versions prior to and including the January 2024 release);538.33(vGPU 16.4), 535.161.05(vGPU 16.4), 470.239.01(vGPU 13.10), 550.54.10(February 2024 release)
CVE-2024-0078;6.5;MEDIUM;CVSS:3.1/AV:L/AC:L/PR:L/UI:N/S:C/C:N/I:N/A:H;CWE-476;5520;GeForce;All driver versions prior to 474.82 for support of GeForce Kepler desktop;551.61, 474.82, 474.89, 538.33, 538.33(vGPU 16.4), 474.82(vGPU 13.10), 551.61(February 2024 release), 535.161.05(vGPU 16.4), 470.239.01(vGPU 13.10), 550.54.10(February 2024 release), 535.161.07(vGPU 16.4), 470.239.06(vGPU 13.10), 550.54.14(February 2024 release)
CVE-2024-0078;6.5;MEDIUM;CVSS:3.1/AV:L/AC:L/PR:L/UI:N/S:C/C:N/I:N/A:H;CWE-476;5520;GeForce;All driver versions prior to 474.89;551.61, 474.82, 474.89, 538.33, 538.33(vGPU 16.4), 474.82(vGPU 13.10), 551.61(February 2024 release), 535.161.05(vGPU 16.4), 470.239.01(vGPU 13.10), 550.54.10(February 2024 release), 535.161.07(vGPU 16.4), 470.239.06(vGPU 13.10), 550.54.14(February 2024 release)
CVE-2024-0078;6.5;MEDIUM;CVSS:3.1/AV:L/AC:L/PR:L/UI:N/S:C/C:N/I:N/A:H;CWE-476;5520;GeForce;All driver versions prior to 551.61;551.61, 474.82, 474.89, 538.33, 538.33(vGPU 16.4), 474.82(vGPU 13.10), 551.61(February 2024 release), 535.161.05(vGPU 16.4), 470.239.01(vGPU 13.10), 550.54.10(February 2024 release), 535.161.07(vGPU 16.4), 470.239.06(vGPU 13.10), 550.54.14(February 2024 release)
CVE-2024-0078;6.5;MEDIUM;CVSS:3.1/AV:L/AC:L/PR:L/UI:N/S:C/C:N/I:N/A:H;CWE-476;5520;Guest driver;470.223.02(All versions up to and including vGPU 13.9);551.61, 474.82, 474.89, 538.33, 538.33(vGPU 16.4), 474.82(vGPU 13.10), 551.61(February 2024 release), 535.161.05(vGPU 16.4), 470.239.01(vGPU 13.10), 550.54.10(February 2024 release), 535.161.07(vGPU 16.4), 470.239.06(vGPU 13.10), 550.54.14(February 2024 release)
CVE-2024-0078;6.5;MEDIUM;CVSS:3.1/AV:L/AC:L/PR:L/UI:N/S:C/C:N/I:N/A:H;CWE-476;5520;Guest driver;474.64(All versions up to and including vGPU 13.9);551.61, 474.82, 474.89, 538.33, 538.33(vGPU 16.4), 474.82(vGPU 13.10), 551.61(February 2024 release), 535.161.05(vGPU 16.4), 470.239.01(vGPU 13.10), 550.54.10(February 2024 release), 535.161.07(vGPU 16.4), 470.239.06(vGPU 13.10), 550.54.14(February 2024 release)
CVE-2024-0078;6.5;MEDIUM;CVSS:3.1/AV:L/AC:L/PR:L/UI:N/S:C/C:N/I:N/A:H;CWE-476;5520;Guest driver;535.154.05(All versions up to and including vGPU 16.3);551.61, 474.82, 474.89, 538.33, 538.33(vGPU 16.4), 474.82(vGPU 13.10), 551.61(February 2024 release), 535.161.05(vGPU 16.4), 470.239.01(vGPU 13.10), 550.54.10(February 2024 release), 535.161.07(vGPU 16.4), 470.239.06(vGPU 13.10), 550.54.14(February 2024 release)
CVE-2024-0078;6.5;MEDIUM;CVSS:3.1/AV:L/AC:L/PR:L/UI:N/S:C/C:N/I:N/A:H;CWE-476;5520;Guest driver;538.15(All versions up to and including vGPU 16.3);551.61, 474.82, 474.89, 538.33, 538.33(vGPU 16.4), 474.82(vGPU 13.10), 551.61(February 2024 release), 535.161.05(vGPU 16.4), 470.239.01(vGPU 13.10), 550.54.10(February 2024 release), 535.161.07(vGPU 16.4), 470.239.06(vGPU 13.10), 550.54.14(February 2024 release)
CVE-2024-0078;6.5;MEDIUM;CVSS:3.1/AV:L/AC:L/PR:L/UI:N/S:C/C:N/I:N/A:H;CWE-476;5520;Guest driver;545.37.02(All versions up to and including the January 2024 release);551.61, 474.82, 474.89, 538.33, 538.33(vGPU 16.4), 474.82(vGPU 13.10), 551.61(February 2024 release), 535.161.05(vGPU 16.4), 470.239.01(vGPU 13.10), 550.54.10(February 2024 release), 535.161.07(vGPU 16.4), 470.239.06(vGPU 13.10), 550.54.14(February 2024 release)
CVE-2024-0078;6.5;MEDIUM;CVSS:3.1/AV:L/AC:L/PR:L/UI:N/S:C/C:N/I:N/A:H;CWE-476;5520;Guest driver;546.65(All versions up to and including the January 2024 release);551.61, 474.82, 474.89, 538.33, 538.33(vGPU 16.4), 474.82(vGPU 13.10), 551.61(February 2024 release), 535.161.05(vGPU 16.4), 470.239.01(vGPU 13.10), 550.54.10(February 2024 release), 535.161.07(vGPU 16.4), 470.239.06(vGPU 13.10), 550.54.14(February 2024 release)
CVE-2024-0078;6.5;MEDIUM;CVSS:3.1/AV:L/AC:L/PR:L/UI:N/S:C/C:N/I:N/A:H;CWE-476;5520;NVIDIA RTX, Quadro, NVS;All driver versions prior to 474.82;551.61, 474.82, 474.89, 538.33, 538.33(vGPU 16.4), 474.82(vGPU 13.10), 551.61(February 2024 release), 535.161.05(vGPU 16.4), 470.239.01(vGPU 13.10), 550.54.10(February 2024 release), 535.161.07(vGPU 16.4), 470.239.06(vGPU 13.10), 550.54.14(February 2024 release)
CVE-2024-0078;6.5;MEDIUM;CVSS:3.1/AV:L/AC:L/PR:L/UI:N/S:C/C:N/I:N/A:H;CWE-476;5520;NVIDIA RTX, Quadro, NVS;All driver versions prior to 538.33;551.61, 474.82, 474.89, 538.33, 538.33(vGPU 16.4), 474.82(vGPU 13.10), 551.61(February 2024 release), 535.161.05(vGPU 16.4), 470.239.01(vGPU 13.10), 550.54.10(February 2024 release), 535.161.07(vGPU 16.4), 470.239.06(vGPU 13.10), 550.54.14(February 2024 release)
CVE-2024-0078;6.5;MEDIUM;CVSS:3.1/AV:L/AC:L/PR:L/UI:N/S:C/C:N/I:N/A:H;CWE-476;5520;NVIDIA RTX, Quadro, NVS;All driver versions prior to 551.61;551.61, 474.82, 474.89, 538.33, 538.33(vGPU 16.4), 474.82(vGPU 13.10), 551.61(February 2024 release), 535.161.05(vGPU 16.4), 470.239.01(vGPU 13.10), 550.54.10(February 2024 release), 535.161.07(vGPU 16.4), 470.239.06(vGPU 13.10), 550.54.14(February 2024 release)
CVE-2024-0078;6.5;MEDIUM;CVSS:3.1/AV:L/AC:L/PR:L/UI:N/S:C/C:N/I:N/A:H;CWE-476;5520;Studio;All driver versions prior to 551.61;551.61, 474.82, 474.89, 538.33, 538.33(vGPU 16.4), 474.82(vGPU 13.10), 551.61(February 2024 release), 535.161.05(vGPU 16.4), 470.239.01(vGPU 13.10), 550.54.10(February 2024 release), 535.161.07(vGPU 16.4), 470.239.06(vGPU 13.10), 550.54.14(February 2024 release)
CVE-2024-0078;6.5;MEDIUM;CVSS:3.1/AV:L/AC:L/PR:L/UI:N/S:C/C:N/I:N/A:H;CWE-476;5520;Tesla;All driver versions prior to 474.82;551.61, 474.82, 474.89, 538.33, 538.33(vGPU 16.4), 474.82(vGPU 13.10), 551.61(February 2024 release), 535.161.05(vGPU 16.4), 470.239.01(vGPU 13.10), 550.54.10(February 2024 release), 535.161.07(vGPU 16.4), 470.239.06(vGPU 13.10), 550.54.14(February 2024 release)
CVE-2024-0078;6.5;MEDIUM;CVSS:3.1/AV:L/AC:L/PR:L/UI:N/S:C/C:N/I:N/A:H;CWE-476;5520;Tesla;All driver versions prior to 538.33;551.61, 474.82, 474.89, 538.33, 538.33(vGPU 16.4), 474.82(vGPU 13.10), 551.61(February 2024 release), 535.161.05(vGPU 16.4), 470.239.01(vGPU 13.10), 550.54.10(February 2024 release), 535.161.07(vGPU 16.4), 470.239.06(vGPU 13.10), 550.54.14(February 2024 release)
CVE-2024-0078;6.5;MEDIUM;CVSS:3.1/AV:L/AC:L/PR:L/UI:N/S:C/C:N/I:N/A:H;CWE-476;5520;Tesla;All driver versions prior to 551.61;551.61, 474.82, 474.89, 538.33, 538.33(vGPU 16.4), 474.82(vGPU 13.10), 551.61(February 2024 release), 535.161.05(vGPU 16.4), 470.239.01(vGPU 13.10), 550.54.10(February 2024 release), 535.161.07(vGPU 16.4), 470.239.06(vGPU 13.10), 550.54.14(February 2024 release)
CVE-2024-0078;6.5;MEDIUM;CVSS:3.1/AV:L/AC:L/PR:L/UI:N/S:C/C:N/I:N/A:H;CWE-476;5520;Virtual GPU Manager;470.223.02(All versions up to and including vGPU 13.9);551.61, 474.82, 474.89, 538.33, 538.33(vGPU 16.4), 474.82(vGPU 13.10), 551.61(February 2024 release), 535.161.05(vGPU 16.4), 470.239.01(vGPU 13.10), 550.54.10(February 2024 release), 535.161.07(vGPU 16.4), 470.239.06(vGPU 13.10), 550.54.14(February 2024 release)
CVE-2024-0078;6.5;MEDIUM;CVSS:3.1/AV:L/AC:L/PR:L/UI:N/S:C/C:N/I:N/A:H;CWE-476;5520;Virtual GPU Manager;535.154.02(All versions up to and including vGPU 16.3);551.61, 474.82, 474.89, 538.33, 538.33(vGPU 16.4), 474.82(vGPU 13.10), 551.61(February 2024 release), 535.161.05(vGPU 16.4), 470.239.01(vGPU 13.10), 550.54.10(February 2024 release), 535.161.07(vGPU 16.4), 470.239.06(vGPU 13.10), 550.54.14(February 2024 release)
CVE-2024-0078;6.5;MEDIUM;CVSS:3.1/AV:L/AC:L/PR:L/UI:N/S:C/C:N/I:N/A:H;CWE-476;5520;Virtual GPU Manager;538.15(All versions up to and including vGPU 16.3);551.61, 474.82, 474.89, 538.33, 538.33(vGPU 16.4), 474.82(vGPU 13.10), 551.61(February 2024 release), 535.161.05(vGPU 16.4), 470.239.01(vGPU 13.10), 550.54.10(February 2024 release), 535.161.07(vGPU 16.4), 470.239.06(vGPU 13.10), 550.54.14(February 2024 release)
CVE-2024-0078;6.5;MEDIUM;CVSS:3.1/AV:L/AC:L/PR:L/UI:N/S:C/C:N/I:N/A:H;CWE-476;5520;Virtual GPU Manager;545.37.02(All versions prior to and including the January 2024 release);551.61, 474.82, 474.89, 538.33, 538.33(vGPU 16.4), 474.82(vGPU 13.10), 551.61(February 2024 release), 535.161.05(vGPU 16.4), 470.239.01(vGPU 13.10), 550.54.10(February 2024 release), 535.161.07(vGPU 16.4), 470.239.06(vGPU 13.10), 550.54.14(February 2024 release)
CVE-2024-0079;6.5;MEDIUM;CVSS:3.1/AV:L/AC:L/PR:L/UI:N/S:C/C:N/I:N/A:H;CWE-476;5520;Virtual GPU Manager;470.223.02(All versions up to and including vGPU 13.9);538.33(vGPU 16.4), 535.161.05(vGPU 16.4), 470.239.01(vGPU 13.10), 550.54.10(February 2024 release)
CVE-2024-0079;6.5;MEDIUM;CVSS:3.1/AV:L/AC:L/PR:L/UI:N/S:C/C:N/I:N/A:H;CWE-476;5520;Virtual GPU Manager;535.154.02(All versions up to and including vGPU 16.3);538.33(vGPU 16.4), 535.161.05(vGPU 16.4), 470.239.01(vGPU 13.10), 550.54.10(February 2024 release)
CVE-2024-0079;6.5;MEDIUM;CVSS:3.1/AV:L/AC:L/PR:L/UI:N/S:C/C:N/I:N/A:H;CWE-476;5520;Virtual GPU Manager;538.15(All versions up to and including vGPU 16.3);538.33(vGPU 16.4), 535.161.05(vGPU 16.4), 470.239.01(vGPU 13.10), 550.54.10(February 2024 release)
CVE-2024-0079;6.5;MEDIUM;CVSS:3.1/AV:L/AC:L/PR:L/UI:N/S:C/C:N/I:N/A:H;CWE-476;5520;Virtual GPU Manager;545.37.02(All versions prior to and including the January 2024 release);538.33(vGPU 16.4), 535.161.05(vGPU 16.4), 470.239.01(vGPU 13.10), 550.54.10(February 2024 release)
CVE-2024-0080;2.8;LOW;CVSS:3.1/AV:L/AC:L/PR:L/UI:R/S:U/C:N/I:N/A:L;CWE-20;5517;nvTIFF Library;All versions prior to nvTIFF v0.3.0;nvTIFF v0.3.0
CVE-2024-0082;8.2;HIGH;CVSS:3.1/AV:L/AC:L/PR:L/UI:R/S:C/C:H/I:H/A:H;CWE-269;5532;ChatRTX;0.2 and prior versions;0.2.1 (ChatWithRTX_installer_3_27.zip)
CVE-2024-0083;6.5;MEDIUM;CVSS:3.1/AV:N/AC:L/PR:N/UI:N/S:U/C:L/I:N/A:L;CWE-79;5532;ChatRTX;0.2 and prior versions;0.2.1 (ChatWithRTX_installer_3_27.zip)
CVE-2024-0084;7.8;HIGH;CVSS:3.1/AV:L/AC:L/PR:L/UI:N/S:U/C:H/I:H/A:H;CWE-250;5551;Virtual GPU Manager;470.239.01(All versions up to and including vGPU 13.10);550.90.05(vGPU 17.2), 535.183.04(vGPU 16.6), 470.256.02(vGPU 13.11), 555.52.04(May 2024 release)
CVE-2024-0084;7.8;HIGH;CVSS:3.1/AV:L/AC:L/PR:L/UI:N/S:U/C:H/I:H/A:H;CWE-250;5551;Virtual GPU Manager;535.161.05(All versions up to and including vGPU 16.5);550.90.05(vGPU 17.2), 535.183.04(vGPU 16.6), 470.256.02(vGPU 13.11), 555.52.04(May 2024 release)
CVE-2024-0084;7.8;HIGH;CVSS:3.1/AV:L/AC:L/PR:L/UI:N/S:U/C:H/I:H/A:H;CWE-250;5551;Virtual GPU Manager;550.54.16(All versions up to and including vGPU 17.1);550.90.05(vGPU 17.2), 535.183.04(vGPU 16.6), 470.256.02(vGPU 13.11), 555.52.04(May 2024 release)
CVE-2024-0084;7.8;HIGH;CVSS:3.1/AV:L/AC:L/PR:L/UI:N/S:U/C:H/I:H/A:H;CWE-250;5551;Virtual GPU Manager;550.73(All versions prior to and including the April 2024 release);550.90.05(vGPU 17.2), 535.183.04(vGPU 16.6), 470.256.02(vGPU 13.11), 555.52.04(May 2024 release)
CVE-2024-0085;6.3;MEDIUM;CVSS:3.1/AV:L/AC:H/PR:L/UI:N/S:U/C:N/I:H/A:H;CWE-266;5551;Virtual GPU Manager;470.239.01(All versions up to and including vGPU 13.10);550.90.05(vGPU 17.2), 535.183.04(vGPU 16.6), 470.256.02(vGPU 13.11), 552.55(vGPU 17.2), 555.52.04(May 2024 release)
CVE-2024-0085;6.3;MEDIUM;CVSS:3.1/AV:L/AC:H/PR:L/UI:N/S:U/C:N/I:H/A:H;CWE-266;5551;Virtual GPU Manager;535.161.05(All versions up to and including vGPU 16.5);550.90.05(vGPU 17.2), 535.183.04(vGPU 16.6), 470.256.02(vGPU 13.11), 552.55(vGPU 17.2), 555.52.04(May 2024 release)
CVE-2024-0085;6.3;MEDIUM;CVSS:3.1/AV:L/AC:H/PR:L/UI:N/S:U/C:N/I:H/A:H;CWE-266;5551;Virtual GPU Manager;550.54.16(All versions up to and including vGPU 17.1);550.90.05(vGPU 17.2), 535.183.04(vGPU 16.6), 470.256.02(vGPU 13.11), 552.55(vGPU 17.2), 555.52.04(May 2024 release)
CVE-2024-0085;6.3;MEDIUM;CVSS:3.1/AV:L/AC:H/PR:L/UI:N/S:U/C:N/I:H/A:H;CWE-266;5551;Virtual GPU Manager;550.73(All versions prior to and including the April 2024 release);550.90.05(vGPU 17.2), 535.183.04(vGPU 16.6), 470.256.02(vGPU 13.11), 552.55(vGPU 17.2), 555.52.04(May 2024 release)
CVE-2024-0085;6.3;MEDIUM;CVSS:3.1/AV:L/AC:H/PR:L/UI:N/S:U/C:N/I:H/A:H;CWE-266;5551;Virtual GPU Manager;551.60(All versions up to and including vGPU 17.1);550.90.05(vGPU 17.2), 535.183.04(vGPU 16.6), 470.256.02(vGPU 13.11), 552.55(vGPU 17.2), 555.52.04(May 2024 release)
CVE-2024-0086;5.5;MEDIUM;CVSS:3.1/AV:L/AC:L/PR:L/UI:N/S:U/C:N/I:N/A:H;CWE-476;5551;Virtual GPU Manager;470.239.01(All versions up to and including vGPU 13.10);550.90.05(vGPU 17.2), 535.183.04(vGPU 16.6), 470.256.02(vGPU 13.11), 555.52.04(May 2024 release)
CVE-2024-0086;5.5;MEDIUM;CVSS:3.1/AV:L/AC:L/PR:L/UI:N/S:U/C:N/I:N/A:H;CWE-476;5551;Virtual GPU Manager;535.161.05(All versions up to and including vGPU 16.5);550.90.05(vGPU 17.2), 535.183.04(vGPU 16.6), 470.256.02(vGPU 13.11), 555.52.04(May 2024 release)
CVE-2024-0086;5.5;MEDIUM;CVSS:3.1/AV:L/AC:L/PR:L/UI:N/S:U/C:N/I:N/A:H;CWE-476;5551;Virtual GPU Manager;550.54.16(All versions up to and including vGPU 17.1);550.90.05(vGPU 17.2), 535.183.04(vGPU 16.6), 470.256.02(vGPU 13.11), 555.52.04(May 2024 release)
CVE-2024-0086;5.5;MEDIUM;CVSS:3.1/AV:L/AC:L/PR:L/UI:N/S:U/C:N/I:N/A:H;CWE-476;5551;Virtual GPU Manager;550.73(All versions prior to and including the April 2024 release);550.90.05(vGPU 17.2), 535.183.04(vGPU 16.6), 470.256.02(vGPU 13.11), 555.52.04(May 2024 release)
CVE-2024-0087;9;CRITICAL;CVSS:3.1/AV:N/AC:L/PR:H/UI:N/S:C/C:H/I:L/A:H;CWE-73;5535;NVIDIA Triton Inference Server;22.09 to 24.03;24.04
CVE-2024-0088;5.5;MEDIUM;CVSS:3.1/AV:N/AC:H/PR:H/UI:N/S:U/C:L/I:L/A:H;CWE-119;5535;NVIDIA Triton Inference Server;20.10 to 24.03;24.04
CVE-2024-0089;7.8;HIGH;CVSS:3.1/AV:L/AC:L/PR:L/UI:N/S:U/C:H/I:H/A:H;CWE-665;5551;GeForce;All driver versions prior 475.06 to for support of GeForce Kepler desktop;555.99, 475.06, 552.55, 538.67, 555.99(May 2024 release), 552.55(vGPU 17.2), 538.67(vGPU 16.6), 475.06(vGPU 13.11)
CVE-2024-0089;7.8;HIGH;CVSS:3.1/AV:L/AC:L/PR:L/UI:N/S:U/C:H/I:H/A:H;CWE-665;5551;GeForce;All driver versions prior to 475.06;555.99, 475.06, 552.55, 538.67, 555.99(May 2024 release), 552.55(vGPU 17.2), 538.67(vGPU 16.6), 475.06(vGPU 13.11)
CVE-2024-0089;7.8;HIGH;CVSS:3.1/AV:L/AC:L/PR:L/UI:N/S:U/C:H/I:H/A:H;CWE-665;5551;GeForce;All driver versions prior to 555.99;555.99, 475.06, 552.55, 538.67, 555.99(May 2024 release), 552.55(vGPU 17.2), 538.67(vGPU 16.6), 475.06(vGPU 13.11)
CVE-2024-0089;7.8;HIGH;CVSS:3.1/AV:L/AC:L/PR:L/UI:N/S:U/C:H/I:H/A:H;CWE-665;5551;Guest driver;474.82(All versions up to and including vGPU 13.10);555.99, 475.06, 552.55, 538.67, 555.99(May 2024 release), 552.55(vGPU 17.2), 538.67(vGPU 16.6), 475.06(vGPU 13.11)
CVE-2024-0089;7.8;HIGH;CVSS:3.1/AV:L/AC:L/PR:L/UI:N/S:U/C:H/I:H/A:H;CWE-665;5551;Guest driver;538.46(All versions up to and including vGPU 16.5);555.99, 475.06, 552.55, 538.67, 555.99(May 2024 release), 552.55(vGPU 17.2), 538.67(vGPU 16.6), 475.06(vGPU 13.11)
CVE-2024-0089;7.8;HIGH;CVSS:3.1/AV:L/AC:L/PR:L/UI:N/S:U/C:H/I:H/A:H;CWE-665;5551;Guest driver;551.78(All versions up to and including vGPU 17.1);555.99, 475.06, 552.55, 538.67, 555.99(May 2024 release), 552.55(vGPU 17.2), 538.67(vGPU 16.6), 475.06(vGPU 13.11)
CVE-2024-0089;7.8;HIGH;CVSS:3.1/AV:L/AC:L/PR:L/UI:N/S:U/C:H/I:H/A:H;CWE-665;5551;Guest driver;552.12(All versions up to and including the April 2024 release);555.99, 475.06, 552.55, 538.67, 555.99(May 2024 release), 552.55(vGPU 17.2), 538.67(vGPU 16.6), 475.06(vGPU 13.11)
CVE-2024-0089;7.8;HIGH;CVSS:3.1/AV:L/AC:L/PR:L/UI:N/S:U/C:H/I:H/A:H;CWE-665;5551;NVIDIA RTX, Quadro, NVS;All driver versions prior to 475.06;555.99, 475.06, 552.55, 538.67, 555.99(May 2024 release), 552.55(vGPU 17.2), 538.67(vGPU 16.6), 475.06(vGPU 13.11)
CVE-2024-0089;7.8;HIGH;CVSS:3.1/AV:L/AC:L/PR:L/UI:N/S:U/C:H/I:H/A:H;CWE-665;5551;NVIDIA RTX, Quadro, NVS;All driver versions prior to 538.67;555.99, 475.06, 552.55, 538.67, 555.99(May 2024 release), 552.55(vGPU 17.2), 538.67(vGPU 16.6), 475.06(vGPU 13.11)
CVE-2024-0089;7.8;HIGH;CVSS:3.1/AV:L/AC:L/PR:L/UI:N/S:U/C:H/I:H/A:H;CWE-665;5551;NVIDIA RTX, Quadro, NVS;All driver versions prior to 552.55;555.99, 475.06, 552.55, 538.67, 555.99(May 2024 release), 552.55(vGPU 17.2), 538.67(vGPU 16.6), 475.06(vGPU 13.11)
CVE-2024-0089;7.8;HIGH;CVSS:3.1/AV:L/AC:L/PR:L/UI:N/S:U/C:H/I:H/A:H;CWE-665;5551;NVIDIA RTX, Quadro, NVS;All driver versions prior to 555.99;555.99, 475.06, 552.55, 538.67, 555.99(May 2024 release), 552.55(vGPU 17.2), 538.67(vGPU 16.6), 475.06(vGPU 13.11)
CVE-2024-0089;7.8;HIGH;CVSS:3.1/AV:L/AC:L/PR:L/UI:N/S:U/C:H/I:H/A:H;CWE-665;5551;Studio;All driver versions prior to 555.99;555.99, 475.06, 552.55, 538.67, 555.99(May 2024 release), 552.55(vGPU 17.2), 538.67(vGPU 16.6), 475.06(vGPU 13.11)
CVE-2024-0089;7.8;HIGH;CVSS:3.1/AV:L/AC:L/PR:L/UI:N/S:U/C:H/I:H/A:H;CWE-665;5551;Tesla;All driver versions prior to 475.06;555.99, 475.06, 552.55, 538.67, 555.99(May 2024 release), 552.55(vGPU 17.2), 538.67(vGPU 16.6), 475.06(vGPU 13.11)
CVE-2024-0089;7.8;HIGH;CVSS:3.1/AV:L/AC:L/PR:L/UI:N/S:U/C:H/I:H/A:H;CWE-665;5551;Tesla;All driver versions prior to 538.67;555.99, 475.06, 552.55, 538.67, 555.99(May 2024 release), 552.55(vGPU 17.2), 538.67(vGPU 16.6), 475.06(vGPU 13.11)
CVE-2024-0089;7.8;HIGH;CVSS:3.1/AV:L/AC:L/PR:L/UI:N/S:U/C:H/I:H/A:H;CWE-665;5551;Tesla;All driver versions prior to 552.55;555.99, 475.06, 552.55, 538.67, 555.99(May 2024 release), 552.55(vGPU 17.2), 538.67(vGPU 16.6), 475.06(vGPU 13.11)
CVE-2024-0090;7.8;HIGH;CVSS:3.1/AV:L/AC:L/PR:L/UI:N/S:U/C:H/I:H/A:H;CWE-787;5551;GeForce;All driver versions prior 475.06 to for support of GeForce Kepler desktop;555.99, 475.06, 552.55, 538.67, 555.99(May 2024 release), 555.52.04, 550.90.07, 535.183.01, 470.256.02, 552.55(vGPU 17.2), 538.67(vGPU 16.6), 475.06(vGPU 13.11), 550.90.07(vGPU 17.2), 535.183.01(vGPU 16.6), 470.256.02(vGPU 13.11), 550.90.05(vGPU 17.2), 535.183.04(vGPU 16.6), 555.52.04(May 2024 release)
CVE-2024-0090;7.8;HIGH;CVSS:3.1/AV:L/AC:L/PR:L/UI:N/S:U/C:H/I:H/A:H;CWE-787;5551;GeForce;All driver versions prior to 470.256.02;555.99, 475.06, 552.55, 538.67, 555.99(May 2024 release), 555.52.04, 550.90.07, 535.183.01, 470.256.02, 552.55(vGPU 17.2), 538.67(vGPU 16.6), 475.06(vGPU 13.11), 550.90.07(vGPU 17.2), 535.183.01(vGPU 16.6), 470.256.02(vGPU 13.11), 550.90.05(vGPU 17.2), 535.183.04(vGPU 16.6), 555.52.04(May 2024 release)
CVE-2024-0090;7.8;HIGH;CVSS:3.1/AV:L/AC:L/PR:L/UI:N/S:U/C:H/I:H/A:H;CWE-787;5551;GeForce;All driver versions prior to 475.06;555.99, 475.06, 552.55, 538.67, 555.99(May 2024 release), 555.52.04, 550.90.07, 535.183.01, 470.256.02, 552.55(vGPU 17.2), 538.67(vGPU 16.6), 475.06(vGPU 13.11), 550.90.07(vGPU 17.2), 535.183.01(vGPU 16.6), 470.256.02(vGPU 13.11), 550.90.05(vGPU 17.2), 535.183.04(vGPU 16.6), 555.52.04(May 2024 release)
CVE-2024-0090;7.8;HIGH;CVSS:3.1/AV:L/AC:L/PR:L/UI:N/S:U/C:H/I:H/A:H;CWE-787;5551;GeForce;All driver versions prior to 535.183.01;555.99, 475.06, 552.55, 538.67, 555.99(May 2024 release), 555.52.04, 550.90.07, 535.183.01, 470.256.02, 552.55(vGPU 17.2), 538.67(vGPU 16.6), 475.06(vGPU 13.11), 550.90.07(vGPU 17.2), 535.183.01(vGPU 16.6), 470.256.02(vGPU 13.11), 550.90.05(vGPU 17.2), 535.183.04(vGPU 16.6), 555.52.04(May 2024 release)
CVE-2024-0090;7.8;HIGH;CVSS:3.1/AV:L/AC:L/PR:L/UI:N/S:U/C:H/I:H/A:H;CWE-787;5551;GeForce;All driver versions prior to 550.90.07;555.99, 475.06, 552.55, 538.67, 555.99(May 2024 release), 555.52.04, 550.90.07, 535.183.01, 470.256.02, 552.55(vGPU 17.2), 538.67(vGPU 16.6), 475.06(vGPU 13.11), 550.90.07(vGPU 17.2), 535.183.01(vGPU 16.6), 470.256.02(vGPU 13.11), 550.90.05(vGPU 17.2), 535.183.04(vGPU 16.6), 555.52.04(May 2024 release)
CVE-2024-0090;7.8;HIGH;CVSS:3.1/AV:L/AC:L/PR:L/UI:N/S:U/C:H/I:H/A:H;CWE-787;5551;GeForce;All driver versions prior to 555.52.04;555.99, 475.06, 552.55, 538.67, 555.99(May 2024 release), 555.52.04, 550.90.07, 535.183.01, 470.256.02, 552.55(vGPU 17.2), 538.67(vGPU 16.6), 475.06(vGPU 13.11), 550.90.07(vGPU 17.2), 535.183.01(vGPU 16.6), 470.256.02(vGPU 13.11), 550.90.05(vGPU 17.2), 535.183.04(vGPU 16.6), 555.52.04(May 2024 release)
CVE-2024-0090;7.8;HIGH;CVSS:3.1/AV:L/AC:L/PR:L/UI:N/S:U/C:H/I:H/A:H;CWE-787;5551;GeForce;All driver versions prior to 555.99;555.99, 475.06, 552.55, 538.67, 555.99(May 2024 release), 555.52.04, 550.90.07, 535.183.01, 470.256.02, 552.55(vGPU 17.2), 538.67(vGPU 16.6), 475.06(vGPU 13.11), 550.90.07(vGPU 17.2), 535.183.01(vGPU 16.6), 470.256.02(vGPU 13.11), 550.90.05(vGPU 17.2), 535.183.04(vGPU 16.6), 555.52.04(May 2024 release)
CVE-2024-0090;7.8;HIGH;CVSS:3.1/AV:L/AC:L/PR:L/UI:N/S:U/C:H/I:H/A:H;CWE-787;5551;Guest driver;470.239.06(All versions up to and including vGPU 13.10);555.99, 475.06, 552.55, 538.67, 555.99(May 2024 release), 555.52.04, 550.90.07, 535.183.01, 470.256.02, 552.55(vGPU 17.2), 538.67(vGPU 16.6), 475.06(vGPU 13.11), 550.90.07(vGPU 17.2), 535.183.01(vGPU 16.6), 470.256.02(vGPU 13.11), 550.90.05(vGPU 17.2), 535.183.04(vGPU 16.6), 555.52.04(May 2024 release)
CVE-2024-0090;7.8;HIGH;CVSS:3.1/AV:L/AC:L/PR:L/UI:N/S:U/C:H/I:H/A:H;CWE-787;5551;Guest driver;474.82(All versions up to and including vGPU 13.10);555.99, 475.06, 552.55, 538.67, 555.99(May 2024 release), 555.52.04, 550.90.07, 535.183.01, 470.256.02, 552.55(vGPU 17.2), 538.67(vGPU 16.6), 475.06(vGPU 13.11), 550.90.07(vGPU 17.2), 535.183.01(vGPU 16.6), 470.256.02(vGPU 13.11), 550.90.05(vGPU 17.2), 535.183.04(vGPU 16.6), 555.52.04(May 2024 release)
CVE-2024-0090;7.8;HIGH;CVSS:3.1/AV:L/AC:L/PR:L/UI:N/S:U/C:H/I:H/A:H;CWE-787;5551;Guest driver;535.161.08(All versions up to and including vGPU 16.5);555.99, 475.06, 552.55, 538.67, 555.99(May 2024 release), 555.52.04, 550.90.07, 535.183.01, 470.256.02, 552.55(vGPU 17.2), 538.67(vGPU 16.6), 475.06(vGPU 13.11), 550.90.07(vGPU 17.2), 535.183.01(vGPU 16.6), 470.256.02(vGPU 13.11), 550.90.05(vGPU 17.2), 535.183.04(vGPU 16.6), 555.52.04(May 2024 release)
CVE-2024-0090;7.8;HIGH;CVSS:3.1/AV:L/AC:L/PR:L/UI:N/S:U/C:H/I:H/A:H;CWE-787;5551;Guest driver;538.46(All versions up to and including vGPU 16.5);555.99, 475.06, 552.55, 538.67, 555.99(May 2024 release), 555.52.04, 550.90.07, 535.183.01, 470.256.02, 552.55(vGPU 17.2), 538.67(vGPU 16.6), 475.06(vGPU 13.11), 550.90.07(vGPU 17.2), 535.183.01(vGPU 16.6), 470.256.02(vGPU 13.11), 550.90.05(vGPU 17.2), 535.183.04(vGPU 16.6), 555.52.04(May 2024 release)
CVE-2024-0090;7.8;HIGH;CVSS:3.1/AV:L/AC:L/PR:L/UI:N/S:U/C:H/I:H/A:H;CWE-787;5551;Guest driver;550.54.15(All versions up to and including vGPU17.1);555.99, 475.06, 552.55, 538.67, 555.99(May 2024 release), 555.52.04, 550.90.07, 535.183.01, 470.256.02, 552.55(vGPU 17.2), 538.67(vGPU 16.6), 475.06(vGPU 13.11), 550.90.07(vGPU 17.2), 535.183.01(vGPU 16.6), 470.256.02(vGPU 13.11), 550.90.05(vGPU 17.2), 535.183.04(vGPU 16.6), 555.52.04(May 2024 release)
CVE-2024-0090;7.8;HIGH;CVSS:3.1/AV:L/AC:L/PR:L/UI:N/S:U/C:H/I:H/A:H;CWE-787;5551;Guest driver;550.73(All versions up to and including the April 2024 release);555.99, 475.06, 552.55, 538.67, 555.99(May 2024 release), 555.52.04, 550.90.07, 535.183.01, 470.256.02, 552.55(vGPU 17.2), 538.67(vGPU 16.6), 475.06(vGPU 13.11), 550.90.07(vGPU 17.2), 535.183.01(vGPU 16.6), 470.256.02(vGPU 13.11), 550.90.05(vGPU 17.2), 535.183.04(vGPU 16.6), 555.52.04(May 2024 release)
CVE-2024-0090;7.8;HIGH;CVSS:3.1/AV:L/AC:L/PR:L/UI:N/S:U/C:H/I:H/A:H;CWE-787;5551;Guest driver;551.78(All versions up to and including vGPU 17.1);555.99, 475.06, 552.55, 538.67, 555.99(May 2024 release), 555.52.04, 550.90.07, 535.183.01, 470.256.02, 552.55(vGPU 17.2), 538.67(vGPU 16.6), 475.06(vGPU 13.11), 550.90.07(vGPU 17.2), 535.183.01(vGPU 16.6), 470.256.02(vGPU 13.11), 550.90.05(vGPU 17.2), 535.183.04(vGPU 16.6), 555.52.04(May 2024 release)
CVE-2024-0090;7.8;HIGH;CVSS:3.1/AV:L/AC:L/PR:L/UI:N/S:U/C:H/I:H/A:H;CWE-787;5551;Guest driver;552.12(All versions up to and including the April 2024 release);555.99, 475.06, 552.55, 538.67, 555.99(May 2024 release), 555.52.04, 550.90.07, 535.183.01, 470.256.02, 552.55(vGPU 17.2), 538.67(vGPU 16.6), 475.06(vGPU 13.11), 550.90.07(vGPU 17.2), 535.183.01(vGPU 16.6), 470.256.02(vGPU 13.11), 550.90.05(vGPU 17.2), 535.183.04(vGPU 16.6), 555.52.04(May 2024 release)
CVE-2024-0090;7.8;HIGH;CVSS:3.1/AV:L/AC:L/PR:L/UI:N/S:U/C:H/I:H/A:H;CWE-787;5551;NVIDIA RTX, Quadro, NVS;All driver versions prior to 470.256.02;555.99, 475.06, 552.55, 538.67, 555.99(May 2024 release), 555.52.04, 550.90.07, 535.183.01, 470.256.02, 552.55(vGPU 17.2), 538.67(vGPU 16.6), 475.06(vGPU 13.11), 550.90.07(vGPU 17.2), 535.183.01(vGPU 16.6), 470.256.02(vGPU 13.11), 550.90.05(vGPU 17.2), 535.183.04(vGPU 16.6), 555.52.04(May 2024 release)
CVE-2024-0090;7.8;HIGH;CVSS:3.1/AV:L/AC:L/PR:L/UI:N/S:U/C:H/I:H/A:H;CWE-787;5551;NVIDIA RTX, Quadro, NVS;All driver versions prior to 475.06;555.99, 475.06, 552.55, 538.67, 555.99(May 2024 release), 555.52.04, 550.90.07, 535.183.01, 470.256.02, 552.55(vGPU 17.2), 538.67(vGPU 16.6), 475.06(vGPU 13.11), 550.90.07(vGPU 17.2), 535.183.01(vGPU 16.6), 470.256.02(vGPU 13.11), 550.90.05(vGPU 17.2), 535.183.04(vGPU 16.6), 555.52.04(May 2024 release)
CVE-2024-0090;7.8;HIGH;CVSS:3.1/AV:L/AC:L/PR:L/UI:N/S:U/C:H/I:H/A:H;CWE-787;5551;NVIDIA RTX, Quadro, NVS;All driver versions prior to 535.183.01;555.99, 475.06, 552.55, 538.67, 555.99(May 2024 release), 555.52.04, 550.90.07, 535.183.01, 470.256.02, 552.55(vGPU 17.2), 538.67(vGPU 16.6), 475.06(vGPU 13.11), 550.90.07(vGPU 17.2), 535.183.01(vGPU 16.6), 470.256.02(vGPU 13.11), 550.90.05(vGPU 17.2), 535.183.04(vGPU 16.6), 555.52.04(May 2024 release)
CVE-2024-0090;7.8;HIGH;CVSS:3.1/AV:L/AC:L/PR:L/UI:N/S:U/C:H/I:H/A:H;CWE-787;5551;NVIDIA RTX, Quadro, NVS;All driver versions prior to 538.67;555.99, 475.06, 552.55, 538.67, 555.99(May 2024 release), 555.52.04, 550.90.07, 535.183.01, 470.256.02, 552.55(vGPU 17.2), 538.67(vGPU 16.6), 475.06(vGPU 13.11), 550.90.07(vGPU 17.2), 535.183.01(vGPU 16.6), 470.256.02(vGPU 13.11), 550.90.05(vGPU 17.2), 535.183.04(vGPU 16.6), 555.52.04(May 2024 release)
CVE-2024-0090;7.8;HIGH;CVSS:3.1/AV:L/AC:L/PR:L/UI:N/S:U/C:H/I:H/A:H;CWE-787;5551;NVIDIA RTX, Quadro, NVS;All driver versions prior to 550.90.07;555.99, 475.06, 552.55, 538.67, 555.99(May 2024 release), 555.52.04, 550.90.07, 535.183.01, 470.256.02, 552.55(vGPU 17.2), 538.67(vGPU 16.6), 475.06(vGPU 13.11), 550.90.07(vGPU 17.2), 535.183.01(vGPU 16.6), 470.256.02(vGPU 13.11), 550.90.05(vGPU 17.2), 535.183.04(vGPU 16.6), 555.52.04(May 2024 release)
CVE-2024-0090;7.8;HIGH;CVSS:3.1/AV:L/AC:L/PR:L/UI:N/S:U/C:H/I:H/A:H;CWE-787;5551;NVIDIA RTX, Quadro, NVS;All driver versions prior to 552.55;555.99, 475.06, 552.55, 538.67, 555.99(May 2024 release), 555.52.04, 550.90.07, 535.183.01, 470.256.02, 552.55(vGPU 17.2), 538.67(vGPU 16.6), 475.06(vGPU 13.11), 550.90.07(vGPU 17.2), 535.183.01(vGPU 16.6), 470.256.02(vGPU 13.11), 550.90.05(vGPU 17.2), 535.183.04(vGPU 16.6), 555.52.04(May 2024 release)
CVE-2024-0090;7.8;HIGH;CVSS:3.1/AV:L/AC:L/PR:L/UI:N/S:U/C:H/I:H/A:H;CWE-787;5551;NVIDIA RTX, Quadro, NVS;All driver versions prior to 555.52.04;555.99, 475.06, 552.55, 538.67, 555.99(May 2024 release), 555.52.04, 550.90.07, 535.183.01, 470.256.02, 552.55(vGPU 17.2), 538.67(vGPU 16.6), 475.06(vGPU 13.11), 550.90.07(vGPU 17.2), 535.183.01(vGPU 16.6), 470.256.02(vGPU 13.11), 550.90.05(vGPU 17.2), 535.183.04(vGPU 16.6), 555.52.04(May 2024 release)
CVE-2024-0090;7.8;HIGH;CVSS:3.1/AV:L/AC:L/PR:L/UI:N/S:U/C:H/I:H/A:H;CWE-787;5551;NVIDIA RTX, Quadro, NVS;All driver versions prior to 555.99;555.99, 475.06, 552.55, 538.67, 555.99(May 2024 release), 555.52.04, 550.90.07, 535.183.01, 470.256.02, 552.55(vGPU 17.2), 538.67(vGPU 16.6), 475.06(vGPU 13.11), 550.90.07(vGPU 17.2), 535.183.01(vGPU 16.6), 470.256.02(vGPU 13.11), 550.90.05(vGPU 17.2), 535.183.04(vGPU 16.6), 555.52.04(May 2024 release)
CVE-2024-0090;7.8;HIGH;CVSS:3.1/AV:L/AC:L/PR:L/UI:N/S:U/C:H/I:H/A:H;CWE-787;5551;Studio;All driver versions prior to 555.99;555.99, 475.06, 552.55, 538.67, 555.99(May 2024 release), 555.52.04, 550.90.07, 535.183.01, 470.256.02, 552.55(vGPU 17.2), 538.67(vGPU 16.6), 475.06(vGPU 13.11), 550.90.07(vGPU 17.2), 535.183.01(vGPU 16.6), 470.256.02(vGPU 13.11), 550.90.05(vGPU 17.2), 535.183.04(vGPU 16.6), 555.52.04(May 2024 release)
CVE-2024-0090;7.8;HIGH;CVSS:3.1/AV:L/AC:L/PR:L/UI:N/S:U/C:H/I:H/A:H;CWE-787;5551;Tesla;All driver versions prior to 470.256.02;555.99, 475.06, 552.55, 538.67, 555.99(May 2024 release), 555.52.04, 550.90.07, 535.183.01, 470.256.02, 552.55(vGPU 17.2), 538.67(vGPU 16.6), 475.06(vGPU 13.11), 550.90.07(vGPU 17.2), 535.183.01(vGPU 16.6), 470.256.02(vGPU 13.11), 550.90.05(vGPU 17.2), 535.183.04(vGPU 16.6), 555.52.04(May 2024 release)
CVE-2024-0090;7.8;HIGH;CVSS:3.1/AV:L/AC:L/PR:L/UI:N/S:U/C:H/I:H/A:H;CWE-787;5551;Tesla;All driver versions prior to 475.06;555.99, 475.06, 552.55, 538.67, 555.99(May 2024 release), 555.52.04, 550.90.07, 535.183.01, 470.256.02, 552.55(vGPU 17.2), 538.67(vGPU 16.6), 475.06(vGPU 13.11), 550.90.07(vGPU 17.2), 535.183.01(vGPU 16.6), 470.256.02(vGPU 13.11), 550.90.05(vGPU 17.2), 535.183.04(vGPU 16.6), 555.52.04(May 2024 release)
CVE-2024-0090;7.8;HIGH;CVSS:3.1/AV:L/AC:L/PR:L/UI:N/S:U/C:H/I:H/A:H;CWE-787;5551;Tesla;All driver versions prior to 535.183.01;555.99, 475.06, 552.55, 538.67, 555.99(May 2024 release), 555.52.04, 550.90.07, 535.183.01, 470.256.02, 552.55(vGPU 17.2), 538.67(vGPU 16.6), 475.06(vGPU 13.11), 550.90.07(vGPU 17.2), 535.183.01(vGPU 16.6), 470.256.02(vGPU 13.11), 550.90.05(vGPU 17.2), 535.183.04(vGPU 16.6), 555.52.04(May 2024 release)
CVE-2024-0090;7.8;HIGH;CVSS:3.1/AV:L/AC:L/PR:L/UI:N/S:U/C:H/I:H/A:H;CWE-787;5551;Tesla;All driver versions prior to 538.67;555.99, 475.06, 552.55, 538.67, 555.99(May 2024 release), 555.52.04, 550.90.07, 535.183.01, 470.256.02, 552.55(vGPU 17.2), 538.67(vGPU 16.6), 475.06(vGPU 13.11), 550.90.07(vGPU 17.2), 535.183.01(vGPU 16.6), 470.256.02(vGPU 13.11), 550.90.05(vGPU 17.2), 535.183.04(vGPU 16.6), 555.52.04(May 2024 release)
CVE-2024-0090;7.8;HIGH;CVSS:3.1/AV:L/AC:L/PR:L/UI:N/S:U/C:H/I:H/A:H;CWE-787;5551;Tesla;All driver versions prior to 550.90.07;555.99, 475.06, 552.55, 538.67, 555.99(May 2024 release), 555.52.04, 550.90.07, 535.183.01, 470.256.02, 552.55(vGPU 17.2), 538.67(vGPU 16.6), 475.06(vGPU 13.11), 550.90.07(vGPU 17.2), 535.183.01(vGPU 16.6), 470.256.02(vGPU 13.11), 550.90.05(vGPU 17.2), 535.183.04(vGPU 16.6), 555.52.04(May 2024 release)
CVE-2024-0090;7.8;HIGH;CVSS:3.1/AV:L/AC:L/PR:L/UI:N/S:U/C:H/I:H/A:H;CWE-787;5551;Tesla;All driver versions prior to 552.55;555.99, 475.06, 552.55, 538.67, 555.99(May 2024 release), 555.52.04, 550.90.07, 535.183.01, 470.256.02, 552.55(vGPU 17.2), 538.67(vGPU 16.6), 475.06(vGPU 13.11), 550.90.07(vGPU 17.2), 535.183.01(vGPU 16.6), 470.256.02(vGPU 13.11), 550.90.05(vGPU 17.2), 535.183.04(vGPU 16.6), 555.52.04(May 2024 release)
CVE-2024-0090;7.8;HIGH;CVSS:3.1/AV:L/AC:L/PR:L/UI:N/S:U/C:H/I:H/A:H;CWE-787;5551;Virtual GPU Manager;470.239.01(All versions up to and including vGPU 13.10);555.99, 475.06, 552.55, 538.67, 555.99(May 2024 release), 555.52.04, 550.90.07, 535.183.01, 470.256.02, 552.55(vGPU 17.2), 538.67(vGPU 16.6), 475.06(vGPU 13.11), 550.90.07(vGPU 17.2), 535.183.01(vGPU 16.6), 470.256.02(vGPU 13.11), 550.90.05(vGPU 17.2), 535.183.04(vGPU 16.6), 555.52.04(May 2024 release)
CVE-2024-0090;7.8;HIGH;CVSS:3.1/AV:L/AC:L/PR:L/UI:N/S:U/C:H/I:H/A:H;CWE-787;5551;Virtual GPU Manager;535.161.05(All versions up to and including vGPU 16.5);555.99, 475.06, 552.55, 538.67, 555.99(May 2024 release), 555.52.04, 550.90.07, 535.183.01, 470.256.02, 552.55(vGPU 17.2), 538.67(vGPU 16.6), 475.06(vGPU 13.11), 550.90.07(vGPU 17.2), 535.183.01(vGPU 16.6), 470.256.02(vGPU 13.11), 550.90.05(vGPU 17.2), 535.183.04(vGPU 16.6), 555.52.04(May 2024 release)
CVE-2024-0090;7.8;HIGH;CVSS:3.1/AV:L/AC:L/PR:L/UI:N/S:U/C:H/I:H/A:H;CWE-787;5551;Virtual GPU Manager;550.54.16(All versions up to and including vGPU 17.1);555.99, 475.06, 552.55, 538.67, 555.99(May 2024 release), 555.52.04, 550.90.07, 535.183.01, 470.256.02, 552.55(vGPU 17.2), 538.67(vGPU 16.6), 475.06(vGPU 13.11), 550.90.07(vGPU 17.2), 535.183.01(vGPU 16.6), 470.256.02(vGPU 13.11), 550.90.05(vGPU 17.2), 535.183.04(vGPU 16.6), 555.52.04(May 2024 release)
CVE-2024-0090;7.8;HIGH;CVSS:3.1/AV:L/AC:L/PR:L/UI:N/S:U/C:H/I:H/A:H;CWE-787;5551;Virtual GPU Manager;550.73(All versions prior to and including the April 2024 release);555.99, 475.06, 552.55, 538.67, 555.99(May 2024 release), 555.52.04, 550.90.07, 535.183.01, 470.256.02, 552.55(vGPU 17.2), 538.67(vGPU 16.6), 475.06(vGPU 13.11), 550.90.07(vGPU 17.2), 535.183.01(vGPU 16.6), 470.256.02(vGPU 13.11), 550.90.05(vGPU 17.2), 535.183.04(vGPU 16.6), 555.52.04(May 2024 release)
CVE-2024-0090;7.8;HIGH;CVSS:3.1/AV:L/AC:L/PR:L/UI:N/S:U/C:H/I:H/A:H;CWE-787;5551;Virtual GPU Manager;551.60(All versions up to and including vGPU 17.1);555.99, 475.06, 552.55, 538.67, 555.99(May 2024 release), 555.52.04, 550.90.07, 535.183.01, 470.256.02, 552.55(vGPU 17.2), 538.67(vGPU 16.6), 475.06(vGPU 13.11), 550.90.07(vGPU 17.2), 535.183.01(vGPU 16.6), 470.256.02(vGPU 13.11), 550.90.05(vGPU 17.2), 535.183.04(vGPU 16.6), 555.52.04(May 2024 release)
CVE-2024-0091;7.8;HIGH;CVSS:3.1/AV:L/AC:L/PR:L/UI:N/S:U/C:H/I:H/A:H;CWE-822;5551;GeForce;All driver versions prior to 550.90.07;555.99, 552.55, 555.99(May 2024 release), 555.52.04, 550.90.07, 552.55(vGPU 17.2), 538.67(vGPU 16.6), 475.06(vGPU 13.11), 550.90.07(vGPU 17.2), 535.183.01(vGPU 16.6), 470.256.02(vGPU 13.11), 550.90.05(vGPU 17.2), 535.183.04(vGPU 16.6), 555.52.04(May 2024 release)
CVE-2024-0091;7.8;HIGH;CVSS:3.1/AV:L/AC:L/PR:L/UI:N/S:U/C:H/I:H/A:H;CWE-822;5551;GeForce;All driver versions prior to 555.52.04;555.99, 552.55, 555.99(May 2024 release), 555.52.04, 550.90.07, 552.55(vGPU 17.2), 538.67(vGPU 16.6), 475.06(vGPU 13.11), 550.90.07(vGPU 17.2), 535.183.01(vGPU 16.6), 470.256.02(vGPU 13.11), 550.90.05(vGPU 17.2), 535.183.04(vGPU 16.6), 555.52.04(May 2024 release)
CVE-2024-0091;7.8;HIGH;CVSS:3.1/AV:L/AC:L/PR:L/UI:N/S:U/C:H/I:H/A:H;CWE-822;5551;GeForce;All driver versions prior to 555.99;555.99, 552.55, 555.99(May 2024 release), 555.52.04, 550.90.07, 552.55(vGPU 17.2), 538.67(vGPU 16.6), 475.06(vGPU 13.11), 550.90.07(vGPU 17.2), 535.183.01(vGPU 16.6), 470.256.02(vGPU 13.11), 550.90.05(vGPU 17.2), 535.183.04(vGPU 16.6), 555.52.04(May 2024 release)
CVE-2024-0091;7.8;HIGH;CVSS:3.1/AV:L/AC:L/PR:L/UI:N/S:U/C:H/I:H/A:H;CWE-822;5551;Guest driver;470.239.06(All versions up to and including vGPU 13.10);555.99, 552.55, 555.99(May 2024 release), 555.52.04, 550.90.07, 552.55(vGPU 17.2), 538.67(vGPU 16.6), 475.06(vGPU 13.11), 550.90.07(vGPU 17.2), 535.183.01(vGPU 16.6), 470.256.02(vGPU 13.11), 550.90.05(vGPU 17.2), 535.183.04(vGPU 16.6), 555.52.04(May 2024 release)
CVE-2024-0091;7.8;HIGH;CVSS:3.1/AV:L/AC:L/PR:L/UI:N/S:U/C:H/I:H/A:H;CWE-822;5551;Guest driver;474.82(All versions up to and including vGPU 13.10);555.99, 552.55, 555.99(May 2024 release), 555.52.04, 550.90.07, 552.55(vGPU 17.2), 538.67(vGPU 16.6), 475.06(vGPU 13.11), 550.90.07(vGPU 17.2), 535.183.01(vGPU 16.6), 470.256.02(vGPU 13.11), 550.90.05(vGPU 17.2), 535.183.04(vGPU 16.6), 555.52.04(May 2024 release)
CVE-2024-0091;7.8;HIGH;CVSS:3.1/AV:L/AC:L/PR:L/UI:N/S:U/C:H/I:H/A:H;CWE-822;5551;Guest driver;535.161.08(All versions up to and including vGPU 16.5);555.99, 552.55, 555.99(May 2024 release), 555.52.04, 550.90.07, 552.55(vGPU 17.2), 538.67(vGPU 16.6), 475.06(vGPU 13.11), 550.90.07(vGPU 17.2), 535.183.01(vGPU 16.6), 470.256.02(vGPU 13.11), 550.90.05(vGPU 17.2), 535.183.04(vGPU 16.6), 555.52.04(May 2024 release)
CVE-2024-0091;7.8;HIGH;CVSS:3.1/AV:L/AC:L/PR:L/UI:N/S:U/C:H/I:H/A:H;CWE-822;5551;Guest driver;538.46(All versions up to and including vGPU 16.5);555.99, 552.55, 555.99(May 2024 release), 555.52.04, 550.90.07, 552.55(vGPU 17.2), 538.67(vGPU 16.6), 475.06(vGPU 13.11), 550.90.07(vGPU 17.2), 535.183.01(vGPU 16.6), 470.256.02(vGPU 13.11), 550.90.05(vGPU 17.2), 535.183.04(vGPU 16.6), 555.52.04(May 2024 release)
CVE-2024-0091;7.8;HIGH;CVSS:3.1/AV:L/AC:L/PR:L/UI:N/S:U/C:H/I:H/A:H;CWE-822;5551;Guest driver;550.54.15(All versions up to and including vGPU17.1);555.99, 552.55, 555.99(May 2024 release), 555.52.04, 550.90.07, 552.55(vGPU 17.2), 538.67(vGPU 16.6), 475.06(vGPU 13.11), 550.90.07(vGPU 17.2), 535.183.01(vGPU 16.6), 470.256.02(vGPU 13.11), 550.90.05(vGPU 17.2), 535.183.04(vGPU 16.6), 555.52.04(May 2024 release)
CVE-2024-0091;7.8;HIGH;CVSS:3.1/AV:L/AC:L/PR:L/UI:N/S:U/C:H/I:H/A:H;CWE-822;5551;Guest driver;550.73(All versions up to and including the April 2024 release);555.99, 552.55, 555.99(May 2024 release), 555.52.04, 550.90.07, 552.55(vGPU 17.2), 538.67(vGPU 16.6), 475.06(vGPU 13.11), 550.90.07(vGPU 17.2), 535.183.01(vGPU 16.6), 470.256.02(vGPU 13.11), 550.90.05(vGPU 17.2), 535.183.04(vGPU 16.6), 555.52.04(May 2024 release)
CVE-2024-0091;7.8;HIGH;CVSS:3.1/AV:L/AC:L/PR:L/UI:N/S:U/C:H/I:H/A:H;CWE-822;5551;Guest driver;551.78(All versions up to and including vGPU 17.1);555.99, 552.55, 555.99(May 2024 release), 555.52.04, 550.90.07, 552.55(vGPU 17.2), 538.67(vGPU 16.6), 475.06(vGPU 13.11), 550.90.07(vGPU 17.2), 535.183.01(vGPU 16.6), 470.256.02(vGPU 13.11), 550.90.05(vGPU 17.2), 535.183.04(vGPU 16.6), 555.52.04(May 2024 release)
CVE-2024-0091;7.8;HIGH;CVSS:3.1/AV:L/AC:L/PR:L/UI:N/S:U/C:H/I:H/A:H;CWE-822;5551;Guest driver;552.12(All versions up to and including the April 2024 release);555.99, 552.55, 555.99(May 2024 release), 555.52.04, 550.90.07, 552.55(vGPU 17.2), 538.67(vGPU 16.6), 475.06(vGPU 13.11), 550.90.07(vGPU 17.2), 535.183.01(vGPU 16.6), 470.256.02(vGPU 13.11), 550.90.05(vGPU 17.2), 535.183.04(vGPU 16.6), 555.52.04(May 2024 release)
CVE-2024-0091;7.8;HIGH;CVSS:3.1/AV:L/AC:L/PR:L/UI:N/S:U/C:H/I:H/A:H;CWE-822;5551;NVIDIA RTX, Quadro, NVS;All driver versions prior to 550.90.07;555.99, 552.55, 555.99(May 2024 release), 555.52.04, 550.90.07, 552.55(vGPU 17.2), 538.67(vGPU 16.6), 475.06(vGPU 13.11), 550.90.07(vGPU 17.2), 535.183.01(vGPU 16.6), 470.256.02(vGPU 13.11), 550.90.05(vGPU 17.2), 535.183.04(vGPU 16.6), 555.52.04(May 2024 release)
CVE-2024-0091;7.8;HIGH;CVSS:3.1/AV:L/AC:L/PR:L/UI:N/S:U/C:H/I:H/A:H;CWE-822;5551;NVIDIA RTX, Quadro, NVS;All driver versions prior to 552.55;555.99, 552.55, 555.99(May 2024 release), 555.52.04, 550.90.07, 552.55(vGPU 17.2), 538.67(vGPU 16.6), 475.06(vGPU 13.11), 550.90.07(vGPU 17.2), 535.183.01(vGPU 16.6), 470.256.02(vGPU 13.11), 550.90.05(vGPU 17.2), 535.183.04(vGPU 16.6), 555.52.04(May 2024 release)
CVE-2024-0091;7.8;HIGH;CVSS:3.1/AV:L/AC:L/PR:L/UI:N/S:U/C:H/I:H/A:H;CWE-822;5551;NVIDIA RTX, Quadro, NVS;All driver versions prior to 555.52.04;555.99, 552.55, 555.99(May 2024 release), 555.52.04, 550.90.07, 552.55(vGPU 17.2), 538.67(vGPU 16.6), 475.06(vGPU 13.11), 550.90.07(vGPU 17.2), 535.183.01(vGPU 16.6), 470.256.02(vGPU 13.11), 550.90.05(vGPU 17.2), 535.183.04(vGPU 16.6), 555.52.04(May 2024 release)
CVE-2024-0091;7.8;HIGH;CVSS:3.1/AV:L/AC:L/PR:L/UI:N/S:U/C:H/I:H/A:H;CWE-822;5551;NVIDIA RTX, Quadro, NVS;All driver versions prior to 555.99;555.99, 552.55, 555.99(May 2024 release), 555.52.04, 550.90.07, 552.55(vGPU 17.2), 538.67(vGPU 16.6), 475.06(vGPU 13.11), 550.90.07(vGPU 17.2), 535.183.01(vGPU 16.6), 470.256.02(vGPU 13.11), 550.90.05(vGPU 17.2), 535.183.04(vGPU 16.6), 555.52.04(May 2024 release)
CVE-2024-0091;7.8;HIGH;CVSS:3.1/AV:L/AC:L/PR:L/UI:N/S:U/C:H/I:H/A:H;CWE-822;5551;Studio;All driver versions prior to 555.99;555.99, 552.55, 555.99(May 2024 release), 555.52.04, 550.90.07, 552.55(vGPU 17.2), 538.67(vGPU 16.6), 475.06(vGPU 13.11), 550.90.07(vGPU 17.2), 535.183.01(vGPU 16.6), 470.256.02(vGPU 13.11), 550.90.05(vGPU 17.2), 535.183.04(vGPU 16.6), 555.52.04(May 2024 release)
CVE-2024-0091;7.8;HIGH;CVSS:3.1/AV:L/AC:L/PR:L/UI:N/S:U/C:H/I:H/A:H;CWE-822;5551;Tesla;All driver versions prior to 550.90.07;555.99, 552.55, 555.99(May 2024 release), 555.52.04, 550.90.07, 552.55(vGPU 17.2), 538.67(vGPU 16.6), 475.06(vGPU 13.11), 550.90.07(vGPU 17.2), 535.183.01(vGPU 16.6), 470.256.02(vGPU 13.11), 550.90.05(vGPU 17.2), 535.183.04(vGPU 16.6), 555.52.04(May 2024 release)
CVE-2024-0091;7.8;HIGH;CVSS:3.1/AV:L/AC:L/PR:L/UI:N/S:U/C:H/I:H/A:H;CWE-822;5551;Tesla;All driver versions prior to 552.55;555.99, 552.55, 555.99(May 2024 release), 555.52.04, 550.90.07, 552.55(vGPU 17.2), 538.67(vGPU 16.6), 475.06(vGPU 13.11), 550.90.07(vGPU 17.2), 535.183.01(vGPU 16.6), 470.256.02(vGPU 13.11), 550.90.05(vGPU 17.2), 535.183.04(vGPU 16.6), 555.52.04(May 2024 release)
CVE-2024-0091;7.8;HIGH;CVSS:3.1/AV:L/AC:L/PR:L/UI:N/S:U/C:H/I:H/A:H;CWE-822;5551;Virtual GPU Manager;470.239.01(All versions up to and including vGPU 13.10);555.99, 552.55, 555.99(May 2024 release), 555.52.04, 550.90.07, 552.55(vGPU 17.2), 538.67(vGPU 16.6), 475.06(vGPU 13.11), 550.90.07(vGPU 17.2), 535.183.01(vGPU 16.6), 470.256.02(vGPU 13.11), 550.90.05(vGPU 17.2), 535.183.04(vGPU 16.6), 555.52.04(May 2024 release)
CVE-2024-0091;7.8;HIGH;CVSS:3.1/AV:L/AC:L/PR:L/UI:N/S:U/C:H/I:H/A:H;CWE-822;5551;Virtual GPU Manager;535.161.05(All versions up to and including vGPU 16.5);555.99, 552.55, 555.99(May 2024 release), 555.52.04, 550.90.07, 552.55(vGPU 17.2), 538.67(vGPU 16.6), 475.06(vGPU 13.11), 550.90.07(vGPU 17.2), 535.183.01(vGPU 16.6), 470.256.02(vGPU 13.11), 550.90.05(vGPU 17.2), 535.183.04(vGPU 16.6), 555.52.04(May 2024 release)
CVE-2024-0091;7.8;HIGH;CVSS:3.1/AV:L/AC:L/PR:L/UI:N/S:U/C:H/I:H/A:H;CWE-822;5551;Virtual GPU Manager;550.54.16(All versions up to and including vGPU 17.1);555.99, 552.55, 555.99(May 2024 release), 555.52.04, 550.90.07, 552.55(vGPU 17.2), 538.67(vGPU 16.6), 475.06(vGPU 13.11), 550.90.07(vGPU 17.2), 535.183.01(vGPU 16.6), 470.256.02(vGPU 13.11), 550.90.05(vGPU 17.2), 535.183.04(vGPU 16.6), 555.52.04(May 2024 release)
CVE-2024-0091;7.8;HIGH;CVSS:3.1/AV:L/AC:L/PR:L/UI:N/S:U/C:H/I:H/A:H;CWE-822;5551;Virtual GPU Manager;550.73(All versions prior to and including the April 2024 release);555.99, 552.55, 555.99(May 2024 release), 555.52.04, 550.90.07, 552.55(vGPU 17.2), 538.67(vGPU 16.6), 475.06(vGPU 13.11), 550.90.07(vGPU 17.2), 535.183.01(vGPU 16.6), 470.256.02(vGPU 13.11), 550.90.05(vGPU 17.2), 535.183.04(vGPU 16.6), 555.52.04(May 2024 release)
CVE-2024-0091;7.8;HIGH;CVSS:3.1/AV:L/AC:L/PR:L/UI:N/S:U/C:H/I:H/A:H;CWE-822;5551;Virtual GPU Manager;551.60(All versions up to and including vGPU 17.1);555.99, 552.55, 555.99(May 2024 release), 555.52.04, 550.90.07, 552.55(vGPU 17.2), 538.67(vGPU 16.6), 475.06(vGPU 13.11), 550.90.07(vGPU 17.2), 535.183.01(vGPU 16.6), 470.256.02(vGPU 13.11), 550.90.05(vGPU 17.2), 535.183.04(vGPU 16.6), 555.52.04(May 2024 release)
CVE-2024-0092;5.5;MEDIUM;CVSS:3.1/AV:L/AC:L/PR:L/UI:N/S:U/C:N/I:N/A:H;CWE-703;5551;GeForce;All driver versions prior 475.06 to for support of GeForce Kepler desktop;555.99, 475.06, 552.55, 538.67, 555.52.04, 550.90.07, 535.183.01, 470.256.02, 550.90.05(vGPU 17.2), 535.183.04(vGPU 16.6), 470.256.02(vGPU 13.11), 552.55(vGPU 17.2), 555.52.04(May 2024 release)
CVE-2024-0092;5.5;MEDIUM;CVSS:3.1/AV:L/AC:L/PR:L/UI:N/S:U/C:N/I:N/A:H;CWE-703;5551;GeForce;All driver versions prior to 470.256.02;555.99, 475.06, 552.55, 538.67, 555.52.04, 550.90.07, 535.183.01, 470.256.02, 550.90.05(vGPU 17.2), 535.183.04(vGPU 16.6), 470.256.02(vGPU 13.11), 552.55(vGPU 17.2), 555.52.04(May 2024 release)
CVE-2024-0092;5.5;MEDIUM;CVSS:3.1/AV:L/AC:L/PR:L/UI:N/S:U/C:N/I:N/A:H;CWE-703;5551;GeForce;All driver versions prior to 475.06;555.99, 475.06, 552.55, 538.67, 555.52.04, 550.90.07, 535.183.01, 470.256.02, 550.90.05(vGPU 17.2), 535.183.04(vGPU 16.6), 470.256.02(vGPU 13.11), 552.55(vGPU 17.2), 555.52.04(May 2024 release)
CVE-2024-0092;5.5;MEDIUM;CVSS:3.1/AV:L/AC:L/PR:L/UI:N/S:U/C:N/I:N/A:H;CWE-703;5551;GeForce;All driver versions prior to 535.183.01;555.99, 475.06, 552.55, 538.67, 555.52.04, 550.90.07, 535.183.01, 470.256.02, 550.90.05(vGPU 17.2), 535.183.04(vGPU 16.6), 470.256.02(vGPU 13.11), 552.55(vGPU 17.2), 555.52.04(May 2024 release)
CVE-2024-0092;5.5;MEDIUM;CVSS:3.1/AV:L/AC:L/PR:L/UI:N/S:U/C:N/I:N/A:H;CWE-703;5551;GeForce;All driver versions prior to 550.90.07;555.99, 475.06, 552.55, 538.67, 555.52.04, 550.90.07, 535.183.01, 470.256.02, 550.90.05(vGPU 17.2), 535.183.04(vGPU 16.6), 470.256.02(vGPU 13.11), 552.55(vGPU 17.2), 555.52.04(May 2024 release)
CVE-2024-0092;5.5;MEDIUM;CVSS:3.1/AV:L/AC:L/PR:L/UI:N/S:U/C:N/I:N/A:H;CWE-703;5551;GeForce;All driver versions prior to 555.52.04;555.99, 475.06, 552.55, 538.67, 555.52.04, 550.90.07, 535.183.01, 470.256.02, 550.90.05(vGPU 17.2), 535.183.04(vGPU 16.6), 470.256.02(vGPU 13.11), 552.55(vGPU 17.2), 555.52.04(May 2024 release)
CVE-2024-0092;5.5;MEDIUM;CVSS:3.1/AV:L/AC:L/PR:L/UI:N/S:U/C:N/I:N/A:H;CWE-703;5551;GeForce;All driver versions prior to 555.99;555.99, 475.06, 552.55, 538.67, 555.52.04, 550.90.07, 535.183.01, 470.256.02, 550.90.05(vGPU 17.2), 535.183.04(vGPU 16.6), 470.256.02(vGPU 13.11), 552.55(vGPU 17.2), 555.52.04(May 2024 release)
CVE-2024-0092;5.5;MEDIUM;CVSS:3.1/AV:L/AC:L/PR:L/UI:N/S:U/C:N/I:N/A:H;CWE-703;5551;NVIDIA RTX, Quadro, NVS;All driver versions prior to 470.256.02;555.99, 475.06, 552.55, 538.67, 555.52.04, 550.90.07, 535.183.01, 470.256.02, 550.90.05(vGPU 17.2), 535.183.04(vGPU 16.6), 470.256.02(vGPU 13.11), 552.55(vGPU 17.2), 555.52.04(May 2024 release)
CVE-2024-0092;5.5;MEDIUM;CVSS:3.1/AV:L/AC:L/PR:L/UI:N/S:U/C:N/I:N/A:H;CWE-703;5551;NVIDIA RTX, Quadro, NVS;All driver versions prior to 475.06;555.99, 475.06, 552.55, 538.67, 555.52.04, 550.90.07, 535.183.01, 470.256.02, 550.90.05(vGPU 17.2), 535.183.04(vGPU 16.6), 470.256.02(vGPU 13.11), 552.55(vGPU 17.2), 555.52.04(May 2024 release)
CVE-2024-0092;5.5;MEDIUM;CVSS:3.1/AV:L/AC:L/PR:L/UI:N/S:U/C:N/I:N/A:H;CWE-703;5551;NVIDIA RTX, Quadro, NVS;All driver versions prior to 535.183.01;555.99, 475.06, 552.55, 538.67, 555.52.04, 550.90.07, 535.183.01, 470.256.02, 550.90.05(vGPU 17.2), 535.183.04(vGPU 16.6), 470.256.02(vGPU 13.11), 552.55(vGPU 17.2), 555.52.04(May 2024 release)
CVE-2024-0092;5.5;MEDIUM;CVSS:3.1/AV:L/AC:L/PR:L/UI:N/S:U/C:N/I:N/A:H;CWE-703;5551;NVIDIA RTX, Quadro, NVS;All driver versions prior to 538.67;555.99, 475.06, 552.55, 538.67, 555.52.04, 550.90.07, 535.183.01, 470.256.02, 550.90.05(vGPU 17.2), 535.183.04(vGPU 16.6), 470.256.02(vGPU 13.11), 552.55(vGPU 17.2), 555.52.04(May 2024 release)
CVE-2024-0092;5.5;MEDIUM;CVSS:3.1/AV:L/AC:L/PR:L/UI:N/S:U/C:N/I:N/A:H;CWE-703;5551;NVIDIA RTX, Quadro, NVS;All driver versions prior to 550.90.07;555.99, 475.06, 552.55, 538.67, 555.52.04, 550.90.07, 535.183.01, 470.256.02, 550.90.05(vGPU 17.2), 535.183.04(vGPU 16.6), 470.256.02(vGPU 13.11), 552.55(vGPU 17.2), 555.52.04(May 2024 release)
CVE-2024-0092;5.5;MEDIUM;CVSS:3.1/AV:L/AC:L/PR:L/UI:N/S:U/C:N/I:N/A:H;CWE-703;5551;NVIDIA RTX, Quadro, NVS;All driver versions prior to 552.55;555.99, 475.06, 552.55, 538.67, 555.52.04, 550.90.07, 535.183.01, 470.256.02, 550.90.05(vGPU 17.2), 535.183.04(vGPU 16.6), 470.256.02(vGPU 13.11), 552.55(vGPU 17.2), 555.52.04(May 2024 release)
CVE-2024-0092;5.5;MEDIUM;CVSS:3.1/AV:L/AC:L/PR:L/UI:N/S:U/C:N/I:N/A:H;CWE-703;5551;NVIDIA RTX, Quadro, NVS;All driver versions prior to 555.52.04;555.99, 475.06, 552.55, 538.67, 555.52.04, 550.90.07, 535.183.01, 470.256.02, 550.90.05(vGPU 17.2), 535.183.04(vGPU 16.6), 470.256.02(vGPU 13.11), 552.55(vGPU 17.2), 555.52.04(May 2024 release)
CVE-2024-0092;5.5;MEDIUM;CVSS:3.1/AV:L/AC:L/PR:L/UI:N/S:U/C:N/I:N/A:H;CWE-703;5551;NVIDIA RTX, Quadro, NVS;All driver versions prior to 555.99;555.99, 475.06, 552.55, 538.67, 555.52.04, 550.90.07, 535.183.01, 470.256.02, 550.90.05(vGPU 17.2), 535.183.04(vGPU 16.6), 470.256.02(vGPU 13.11), 552.55(vGPU 17.2), 555.52.04(May 2024 release)
CVE-2024-0092;5.5;MEDIUM;CVSS:3.1/AV:L/AC:L/PR:L/UI:N/S:U/C:N/I:N/A:H;CWE-703;5551;Studio;All driver versions prior to 555.99;555.99, 475.06, 552.55, 538.67, 555.52.04, 550.90.07, 535.183.01, 470.256.02, 550.90.05(vGPU 17.2), 535.183.04(vGPU 16.6), 470.256.02(vGPU 13.11), 552.55(vGPU 17.2), 555.52.04(May 2024 release)
CVE-2024-0092;5.5;MEDIUM;CVSS:3.1/AV:L/AC:L/PR:L/UI:N/S:U/C:N/I:N/A:H;CWE-703;5551;Tesla;All driver versions prior to 470.256.02;555.99, 475.06, 552.55, 538.67, 555.52.04, 550.90.07, 535.183.01, 470.256.02, 550.90.05(vGPU 17.2), 535.183.04(vGPU 16.6), 470.256.02(vGPU 13.11), 552.55(vGPU 17.2), 555.52.04(May 2024 release)
CVE-2024-0092;5.5;MEDIUM;CVSS:3.1/AV:L/AC:L/PR:L/UI:N/S:U/C:N/I:N/A:H;CWE-703;5551;Tesla;All driver versions prior to 475.06;555.99, 475.06, 552.55, 538.67, 555.52.04, 550.90.07, 535.183.01, 470.256.02, 550.90.05(vGPU 17.2), 535.183.04(vGPU 16.6), 470.256.02(vGPU 13.11), 552.55(vGPU 17.2), 555.52.04(May 2024 release)
CVE-2024-0092;5.5;MEDIUM;CVSS:3.1/AV:L/AC:L/PR:L/UI:N/S:U/C:N/I:N/A:H;CWE-703;5551;Tesla;All driver versions prior to 535.183.01;555.99, 475.06, 552.55, 538.67, 555.52.04, 550.90.07, 535.183.01, 470.256.02, 550.90.05(vGPU 17.2), 535.183.04(vGPU 16.6), 470.256.02(vGPU 13.11), 552.55(vGPU 17.2), 555.52.04(May 2024 release)
CVE-2024-0092;5.5;MEDIUM;CVSS:3.1/AV:L/AC:L/PR:L/UI:N/S:U/C:N/I:N/A:H;CWE-703;5551;Tesla;All driver versions prior to 538.67;555.99, 475.06, 552.55, 538.67, 555.52.04, 550.90.07, 535.183.01, 470.256.02, 550.90.05(vGPU 17.2), 535.183.04(vGPU 16.6), 470.256.02(vGPU 13.11), 552.55(vGPU 17.2), 555.52.04(May 2024 release)
CVE-2024-0092;5.5;MEDIUM;CVSS:3.1/AV:L/AC:L/PR:L/UI:N/S:U/C:N/I:N/A:H;CWE-703;5551;Tesla;All driver versions prior to 550.90.07;555.99, 475.06, 552.55, 538.67, 555.52.04, 550.90.07, 535.183.01, 470.256.02, 550.90.05(vGPU 17.2), 535.183.04(vGPU 16.6), 470.256.02(vGPU 13.11), 552.55(vGPU 17.2), 555.52.04(May 2024 release)
CVE-2024-0092;5.5;MEDIUM;CVSS:3.1/AV:L/AC:L/PR:L/UI:N/S:U/C:N/I:N/A:H;CWE-703;5551;Tesla;All driver versions prior to 552.55;555.99, 475.06, 552.55, 538.67, 555.52.04, 550.90.07, 535.183.01, 470.256.02, 550.90.05(vGPU 17.2), 535.183.04(vGPU 16.6), 470.256.02(vGPU 13.11), 552.55(vGPU 17.2), 555.52.04(May 2024 release)
CVE-2024-0092;5.5;MEDIUM;CVSS:3.1/AV:L/AC:L/PR:L/UI:N/S:U/C:N/I:N/A:H;CWE-703;5551;Virtual GPU Manager;470.239.01(All versions up to and including vGPU 13.10);555.99, 475.06, 552.55, 538.67, 555.52.04, 550.90.07, 535.183.01, 470.256.02, 550.90.05(vGPU 17.2), 535.183.04(vGPU 16.6), 470.256.02(vGPU 13.11), 552.55(vGPU 17.2), 555.52.04(May 2024 release)
CVE-2024-0092;5.5;MEDIUM;CVSS:3.1/AV:L/AC:L/PR:L/UI:N/S:U/C:N/I:N/A:H;CWE-703;5551;Virtual GPU Manager;535.161.05(All versions up to and including vGPU 16.5);555.99, 475.06, 552.55, 538.67, 555.52.04, 550.90.07, 535.183.01, 470.256.02, 550.90.05(vGPU 17.2), 535.183.04(vGPU 16.6), 470.256.02(vGPU 13.11), 552.55(vGPU 17.2), 555.52.04(May 2024 release)
CVE-2024-0092;5.5;MEDIUM;CVSS:3.1/AV:L/AC:L/PR:L/UI:N/S:U/C:N/I:N/A:H;CWE-703;5551;Virtual GPU Manager;550.54.16(All versions up to and including vGPU 17.1);555.99, 475.06, 552.55, 538.67, 555.52.04, 550.90.07, 535.183.01, 470.256.02, 550.90.05(vGPU 17.2), 535.183.04(vGPU 16.6), 470.256.02(vGPU 13.11), 552.55(vGPU 17.2), 555.52.04(May 2024 release)
CVE-2024-0092;5.5;MEDIUM;CVSS:3.1/AV:L/AC:L/PR:L/UI:N/S:U/C:N/I:N/A:H;CWE-703;5551;Virtual GPU Manager;550.73(All versions prior to and including the April 2024 release);555.99, 475.06, 552.55, 538.67, 555.52.04, 550.90.07, 535.183.01, 470.256.02, 550.90.05(vGPU 17.2), 535.183.04(vGPU 16.6), 470.256.02(vGPU 13.11), 552.55(vGPU 17.2), 555.52.04(May 2024 release)
CVE-2024-0092;5.5;MEDIUM;CVSS:3.1/AV:L/AC:L/PR:L/UI:N/S:U/C:N/I:N/A:H;CWE-703;5551;Virtual GPU Manager;551.60(All versions up to and including vGPU 17.1);555.99, 475.06, 552.55, 538.67, 555.52.04, 550.90.07, 535.183.01, 470.256.02, 550.90.05(vGPU 17.2), 535.183.04(vGPU 16.6), 470.256.02(vGPU 13.11), 552.55(vGPU 17.2), 555.52.04(May 2024 release)
CVE-2024-0093;6.5;MEDIUM;CVSS:3.1/AV:L/AC:L/PR:L/UI:N/S:C/C:H/I:N/A:N;CWE-200;5551;Virtual GPU Manager;470.239.01(All versions up to and including vGPU 13.10);550.90.05(vGPU 17.2), 535.183.04(vGPU 16.6), 470.256.02(vGPU 13.11), 555.52.04(May 2024 release)
CVE-2024-0093;6.5;MEDIUM;CVSS:3.1/AV:L/AC:L/PR:L/UI:N/S:C/C:H/I:N/A:N;CWE-200;5551;Virtual GPU Manager;535.161.05(All versions up to and including vGPU 16.5);550.90.05(vGPU 17.2), 535.183.04(vGPU 16.6), 470.256.02(vGPU 13.11), 555.52.04(May 2024 release)
CVE-2024-0093;6.5;MEDIUM;CVSS:3.1/AV:L/AC:L/PR:L/UI:N/S:C/C:H/I:N/A:N;CWE-200;5551;Virtual GPU Manager;550.54.16(All versions up to and including vGPU 17.1);550.90.05(vGPU 17.2), 535.183.04(vGPU 16.6), 470.256.02(vGPU 13.11), 555.52.04(May 2024 release)
CVE-2024-0093;6.5;MEDIUM;CVSS:3.1/AV:L/AC:L/PR:L/UI:N/S:C/C:H/I:N/A:N;CWE-200;5551;Virtual GPU Manager;550.73(All versions prior to and including the April 2024 release);550.90.05(vGPU 17.2), 535.183.04(vGPU 16.6), 470.256.02(vGPU 13.11), 555.52.04(May 2024 release)
CVE-2024-0094;5.5;MEDIUM;CVSS:3.1/AV:L/AC:L/PR:L/UI:N/S:U/C:N/I:N/A:H;CWE-799;5551;Virtual GPU Manager;470.239.01(All versions up to and including vGPU 13.10);550.90.05(vGPU 17.2), 535.183.04(vGPU 16.6), 470.256.02(vGPU 13.11), 555.52.04(May 2024 release)
CVE-2024-0094;5.5;MEDIUM;CVSS:3.1/AV:L/AC:L/PR:L/UI:N/S:U/C:N/I:N/A:H;CWE-799;5551;Virtual GPU Manager;535.161.05(All versions up to and including vGPU 16.5);550.90.05(vGPU 17.2), 535.183.04(vGPU 16.6), 470.256.02(vGPU 13.11), 555.52.04(May 2024 release)
CVE-2024-0094;5.5;MEDIUM;CVSS:3.1/AV:L/AC:L/PR:L/UI:N/S:U/C:N/I:N/A:H;CWE-799;5551;Virtual GPU Manager;550.54.16(All versions up to and including vGPU 17.1);550.90.05(vGPU 17.2), 535.183.04(vGPU 16.6), 470.256.02(vGPU 13.11), 555.52.04(May 2024 release)
CVE-2024-0094;5.5;MEDIUM;CVSS:3.1/AV:L/AC:L/PR:L/UI:N/S:U/C:N/I:N/A:H;CWE-799;5551;Virtual GPU Manager;550.73(All versions prior to and including the April 2024 release);550.90.05(vGPU 17.2), 535.183.04(vGPU 16.6), 470.256.02(vGPU 13.11), 555.52.04(May 2024 release)
CVE-2024-0095;4.3;MEDIUM;CVSS:3.1/AV:N/AC:L/PR:L/UI:N/S:U/C:N/I:L/A:N;CWE-117;5546;NVIDIA Triton Inference Server;20.10 to 24.04;24.05
CVE-2024-0096;7.5;HIGH;CVSS:3.1/AV:L/AC:H/PR:L/UI:N/S:C/C:H/I:H/A:N;CWE-269;5533;ChatRTX;All versions prior to and including 0.2.1;NVIDIA ChatRTX 0.3
CVE-2024-0097;7.5;HIGH;CVSS:3.1/AV:L/AC:H/PR:L/UI:N/S:C/C:H/I:H/A:N;CWE-269;5533;ChatRTX;All versions prior to and including 0.2.1;NVIDIA ChatRTX 0.3
CVE-2024-0098;5.5;MEDIUM;CVSS:3.1/AV:L/AC:L/PR:L/UI:N/S:U/C:H/I:N/A:N;CWE-319;5533;ChatRTX;All versions prior to and including 0.2.1;NVIDIA ChatRTX 0.3
CVE-2024-0099;7.8;HIGH;CVSS:3.1/AV:L/AC:L/PR:L/UI:N/S:U/C:H/I:H/A:H;CWE-120;5551;Virtual GPU Manager;470.239.01(All versions up to and including vGPU 13.10);550.90.05(vGPU 17.2), 535.183.04(vGPU 16.6), 470.256.02(vGPU 13.11), 555.52.04(May 2024 release)
CVE-2024-0099;7.8;HIGH;CVSS:3.1/AV:L/AC:L/PR:L/UI:N/S:U/C:H/I:H/A:H;CWE-120;5551;Virtual GPU Manager;535.161.05(All versions up to and including vGPU 16.5);550.90.05(vGPU 17.2), 535.183.04(vGPU 16.6), 470.256.02(vGPU 13.11), 555.52.04(May 2024 release)
CVE-2024-0099;7.8;HIGH;CVSS:3.1/AV:L/AC:L/PR:L/UI:N/S:U/C:H/I:H/A:H;CWE-120;5551;Virtual GPU Manager;550.54.16(All versions up to and including vGPU 17.1);550.90.05(vGPU 17.2), 535.183.04(vGPU 16.6), 470.256.02(vGPU 13.11), 555.52.04(May 2024 release)
CVE-2024-0099;7.8;HIGH;CVSS:3.1/AV:L/AC:L/PR:L/UI:N/S:U/C:H/I:H/A:H;CWE-120;5551;Virtual GPU Manager;550.73(All versions prior to and including the April 2024 release);550.90.05(vGPU 17.2), 535.183.04(vGPU 16.6), 470.256.02(vGPU 13.11), 555.52.04(May 2024 release)
CVE-2024-0100;6.5;MEDIUM;CVSS:3.1/AV:N/AC:L/PR:H/UI:N/S:U/C:N/I:H/A:H;CWE-73;5535;NVIDIA Triton Inference Server;22.09 to 24.03;24.04
CVE-2024-0101;7.5;HIGH;CVSS:3.1/AV:N/AC:L/PR:N/UI:N/S:U/C:N/I:N/A:H;CWE-693;5559;Mellanox OS;All versions prior to and including 3.11.1000;3.11.2002, 3.10.4402, 8.2.2000, 18.2.2000, 8.1.4400
CVE-2024-0101;7.5;HIGH;CVSS:3.1/AV:N/AC:L/PR:N/UI:N/S:U/C:N/I:N/A:H;CWE-693;5559;MetroX-2;All versions prior to and including 3.11.1000;3.11.2002, 3.10.4402, 8.2.2000, 18.2.2000, 8.1.4400
CVE-2024-0101;7.5;HIGH;CVSS:3.1/AV:N/AC:L/PR:N/UI:N/S:U/C:N/I:N/A:H;CWE-693;5559;MetroX-3 XC;All versions prior to and including 18.2.1000;3.11.2002, 3.10.4402, 8.2.2000, 18.2.2000, 8.1.4400
CVE-2024-0101;7.5;HIGH;CVSS:3.1/AV:N/AC:L/PR:N/UI:N/S:U/C:N/I:N/A:H;CWE-693;5559;ONYX;All versions prior to and including 3.10.4300;3.11.2002, 3.10.4402, 8.2.2000, 18.2.2000, 8.1.4400
CVE-2024-0101;7.5;HIGH;CVSS:3.1/AV:N/AC:L/PR:N/UI:N/S:U/C:N/I:N/A:H;CWE-693;5559;Skyway;All versions prior to and including 8.1.4300;3.11.2002, 3.10.4402, 8.2.2000, 18.2.2000, 8.1.4400
CVE-2024-0101;7.5;HIGH;CVSS:3.1/AV:N/AC:L/PR:N/UI:N/S:U/C:N/I:N/A:H;CWE-693;5559;Skyway;All versions prior to and including 8.2.1000;3.11.2002, 3.10.4402, 8.2.2000, 18.2.2000, 8.1.4400
CVE-2024-0102;3.3;LOW;CVSS:3.1/AV:L/AC:L/PR:N/UI:R/S:U/C:N/I:N/A:L;CWE-125;5548;NVIDIA CUDA Toolkit;All versions up to and including CUDA Toolkit 12.5U1;CUDA Toolkit 12.6
CVE-2024-0103;5.4;MEDIUM;CVSS:3.1/AV:N/AC:L/PR:L/UI:N/S:U/C:L/I:L/A:N;CWE-1419;5546;NVIDIA Triton Inference Server;20.10 to 24.04;24.05
CVE-2024-0104;4.2;MEDIUM;CVSS:3.1/AV:N/AC:H/PR:L/UI:N/S:U/C:L/I:L/A:N;CWE-284;5559;Mellanox OS;All versions prior to and including 3.11.2100;3.11.2202, 3.10.4402, 8.2.2202, 18.2.2200, 3.11.2002
CVE-2024-0104;4.2;MEDIUM;CVSS:3.1/AV:N/AC:H/PR:L/UI:N/S:U/C:L/I:L/A:N;CWE-284;5559;MetroX-2;All versions prior to and including 3.11.1000;3.11.2202, 3.10.4402, 8.2.2202, 18.2.2200, 3.11.2002
CVE-2024-0104;4.2;MEDIUM;CVSS:3.1/AV:N/AC:H/PR:L/UI:N/S:U/C:L/I:L/A:N;CWE-284;5559;MetroX-3 XC;All versions prior to and including 18.2.2100;3.11.2202, 3.10.4402, 8.2.2202, 18.2.2200, 3.11.2002
CVE-2024-0104;4.2;MEDIUM;CVSS:3.1/AV:N/AC:H/PR:L/UI:N/S:U/C:L/I:L/A:N;CWE-284;5559;ONYX;All versions prior to and including 3.10.4302;3.11.2202, 3.10.4402, 8.2.2202, 18.2.2200, 3.11.2002
CVE-2024-0104;4.2;MEDIUM;CVSS:3.1/AV:N/AC:H/PR:L/UI:N/S:U/C:L/I:L/A:N;CWE-284;5559;Skyway;All versions prior to and including 8.2.2100;3.11.2202, 3.10.4402, 8.2.2202, 18.2.2200, 3.11.2002
CVE-2024-0105;8.9;HIGH;CVSS:3.1/AV:A/AC:L/PR:L/UI:N/S:C/C:L/I:H/A:H;CWE-274;5562;ConnectX GA;All versions prior to xx.41.1000;12.28.2302 or later, xx.32.1900 or later, xx.41.1000 or later, xx.35.4030 or later, xx.39.3560 or later
CVE-2024-0105;8.9;HIGH;CVSS:3.1/AV:A/AC:L/PR:L/UI:N/S:C/C:L/I:H/A:H;CWE-274;5562;ConnectX LTS22;All versions prior to xx.35.4030;12.28.2302 or later, xx.32.1900 or later, xx.41.1000 or later, xx.35.4030 or later, xx.39.3560 or later
CVE-2024-0105;8.9;HIGH;CVSS:3.1/AV:A/AC:L/PR:L/UI:N/S:C/C:L/I:H/A:H;CWE-274;5562;ConnectX LTS23;All versions prior to xx.39.3560;12.28.2302 or later, xx.32.1900 or later, xx.41.1000 or later, xx.35.4030 or later, xx.39.3560 or later
CVE-2024-0105;8.9;HIGH;CVSS:3.1/AV:A/AC:L/PR:L/UI:N/S:C/C:L/I:H/A:H;CWE-274;5562;ConnectX4;All versions prior to 12.28.2302;12.28.2302 or later, xx.32.1900 or later, xx.41.1000 or later, xx.35.4030 or later, xx.39.3560 or later
CVE-2024-0105;8.9;HIGH;CVSS:3.1/AV:A/AC:L/PR:L/UI:N/S:C/C:L/I:H/A:H;CWE-274;5562;ConnectX4;All versions prior to xx.32.1900;12.28.2302 or later, xx.32.1900 or later, xx.41.1000 or later, xx.35.4030 or later, xx.39.3560 or later
CVE-2024-0105;8.9;HIGH;CVSS:3.1/AV:A/AC:L/PR:L/UI:N/S:C/C:L/I:H/A:H;CWE-274;5562;ConnectX4 LX;All versions prior to xx.32.1900;12.28.2302 or later, xx.32.1900 or later, xx.41.1000 or later, xx.35.4030 or later, xx.39.3560 or later
CVE-2024-0106;8.7;HIGH;CVSS:3.1/AV:L/AC:L/PR:L/UI:N/S:C/C:L/I:H/A:H;CWE-274;5562;BlueField 1;All versions prior to 18.31.1014;Contact your NVIDIA Customer Program Manager, xx.41.1000 or later, xx.35.4030 or later, xx.39.3560 or later
CVE-2024-0106;8.7;HIGH;CVSS:3.1/AV:L/AC:L/PR:L/UI:N/S:C/C:L/I:H/A:H;CWE-274;5562;BlueField GA;All versions prior to xx.41.1000;Contact your NVIDIA Customer Program Manager, xx.41.1000 or later, xx.35.4030 or later, xx.39.3560 or later
CVE-2024-0106;8.7;HIGH;CVSS:3.1/AV:L/AC:L/PR:L/UI:N/S:C/C:L/I:H/A:H;CWE-274;5562;BlueField LTS22;All versions prior to xx.35.4030;Contact your NVIDIA Customer Program Manager, xx.41.1000 or later, xx.35.4030 or later, xx.39.3560 or later
CVE-2024-0106;8.7;HIGH;CVSS:3.1/AV:L/AC:L/PR:L/UI:N/S:C/C:L/I:H/A:H;CWE-274;5562;BlueField LTS23;All versions prior to xx.39.3560;Contact your NVIDIA Customer Program Manager, xx.41.1000 or later, xx.35.4030 or later, xx.39.3560 or later
CVE-2024-0107;7.8;HIGH;CVSS:3.1/AV:L/AC:L/PR:N/UI:R/S:U/C:H/I:H/A:H;CWE-125;5557;GeForce;All driver versions prior to 475.14;556.12, 475.14, 552.74, 538.78, 552.74(vGPU 17.3), 538.78(vGPU 16.7), 475.14(vGPU 13.12), 556.12(June 2024 release)
CVE-2024-0107;7.8;HIGH;CVSS:3.1/AV:L/AC:L/PR:N/UI:R/S:U/C:H/I:H/A:H;CWE-125;5557;GeForce;All driver versions prior to 475.14 for support of GeForce Kepler desktop;556.12, 475.14, 552.74, 538.78, 552.74(vGPU 17.3), 538.78(vGPU 16.7), 475.14(vGPU 13.12), 556.12(June 2024 release)
CVE-2024-0107;7.8;HIGH;CVSS:3.1/AV:L/AC:L/PR:N/UI:R/S:U/C:H/I:H/A:H;CWE-125;5557;GeForce;All driver versions prior to 556.12;556.12, 475.14, 552.74, 538.78, 552.74(vGPU 17.3), 538.78(vGPU 16.7), 475.14(vGPU 13.12), 556.12(June 2024 release)
CVE-2024-0107;7.8;HIGH;CVSS:3.1/AV:L/AC:L/PR:N/UI:R/S:U/C:H/I:H/A:H;CWE-125;5557;Guest driver;475.06(All versions up to and including vGPU 13.11);556.12, 475.14, 552.74, 538.78, 552.74(vGPU 17.3), 538.78(vGPU 16.7), 475.14(vGPU 13.12), 556.12(June 2024 release)
CVE-2024-0107;7.8;HIGH;CVSS:3.1/AV:L/AC:L/PR:N/UI:R/S:U/C:H/I:H/A:H;CWE-125;5557;Guest driver;538.67(All versions up to and including vGPU 16.6);556.12, 475.14, 552.74, 538.78, 552.74(vGPU 17.3), 538.78(vGPU 16.7), 475.14(vGPU 13.12), 556.12(June 2024 release)
CVE-2024-0107;7.8;HIGH;CVSS:3.1/AV:L/AC:L/PR:N/UI:R/S:U/C:H/I:H/A:H;CWE-125;5557;Guest driver;552.55(All versions up to and including vGPU 17.2);556.12, 475.14, 552.74, 538.78, 552.74(vGPU 17.3), 538.78(vGPU 16.7), 475.14(vGPU 13.12), 556.12(June 2024 release)
CVE-2024-0107;7.8;HIGH;CVSS:3.1/AV:L/AC:L/PR:N/UI:R/S:U/C:H/I:H/A:H;CWE-125;5557;Guest driver;555.99(All versions up to and including the June 2024 release);556.12, 475.14, 552.74, 538.78, 552.74(vGPU 17.3), 538.78(vGPU 16.7), 475.14(vGPU 13.12), 556.12(June 2024 release)
CVE-2024-0107;7.8;HIGH;CVSS:3.1/AV:L/AC:L/PR:N/UI:R/S:U/C:H/I:H/A:H;CWE-125;5557;NVIDIA RTX/ Quadro, NVS;All driver versions prior to 475.14;556.12, 475.14, 552.74, 538.78, 552.74(vGPU 17.3), 538.78(vGPU 16.7), 475.14(vGPU 13.12), 556.12(June 2024 release)
CVE-2024-0107;7.8;HIGH;CVSS:3.1/AV:L/AC:L/PR:N/UI:R/S:U/C:H/I:H/A:H;CWE-125;5557;NVIDIA RTX/ Quadro, NVS;All driver versions prior to 538.78;556.12, 475.14, 552.74, 538.78, 552.74(vGPU 17.3), 538.78(vGPU 16.7), 475.14(vGPU 13.12), 556.12(June 2024 release)
CVE-2024-0107;7.8;HIGH;CVSS:3.1/AV:L/AC:L/PR:N/UI:R/S:U/C:H/I:H/A:H;CWE-125;5557;NVIDIA RTX/ Quadro, NVS;All driver versions prior to 552.74;556.12, 475.14, 552.74, 538.78, 552.74(vGPU 17.3), 538.78(vGPU 16.7), 475.14(vGPU 13.12), 556.12(June 2024 release)
CVE-2024-0107;7.8;HIGH;CVSS:3.1/AV:L/AC:L/PR:N/UI:R/S:U/C:H/I:H/A:H;CWE-125;5557;Tesla;All driver versions prior to 475.14;556.12, 475.14, 552.74, 538.78, 552.74(vGPU 17.3), 538.78(vGPU 16.7), 475.14(vGPU 13.12), 556.12(June 2024 release)
CVE-2024-0107;7.8;HIGH;CVSS:3.1/AV:L/AC:L/PR:N/UI:R/S:U/C:H/I:H/A:H;CWE-125;5557;Tesla;All driver versions prior to 538.78;556.12, 475.14, 552.74, 538.78, 552.74(vGPU 17.3), 538.78(vGPU 16.7), 475.14(vGPU 13.12), 556.12(June 2024 release)
CVE-2024-0107;7.8;HIGH;CVSS:3.1/AV:L/AC:L/PR:N/UI:R/S:U/C:H/I:H/A:H;CWE-125;5557;Tesla;All driver versions prior to 552.74;556.12, 475.14, 552.74, 538.78, 552.74(vGPU 17.3), 538.78(vGPU 16.7), 475.14(vGPU 13.12), 556.12(June 2024 release)
CVE-2024-0108;8.7;HIGH;CVSS:3.1/AV:L/AC:L/PR:L/UI:N/S:C/C:H/I:H/A:L;CWE-755;5555;NVIDIA Jetson AGX Xavier series, Jetson Xavier NX, Jetson TX2 series, Jetson TX2 NX, Jetson TX1, Jetson Nano series;All versions prior to and including 32.7.4;32.7.5
CVE-2024-0109;3.3;LOW;CVSS:3.1/AV:L/AC:L/PR:N/UI:R/S:U/C:N/I:N/A:L;CWE-125;5564;NVIDIA CUDA Toolkit;All versions up to and including CUDA Toolkit 12.6;CUDA Toolkit 12.6U1
CVE-2024-0110;4.4;MEDIUM;CVSS:3.1/AV:L/AC:L/PR:N/UI:R/S:U/C:L/I:L/A:N;CWE-787;5564;NVIDIA CUDA Toolkit;All versions up to and including CUDA Toolkit 12.6;CUDA Toolkit 12.6U1
CVE-2024-0111;4.4;MEDIUM;CVSS:3.1/AV:L/AC:L/PR:N/UI:R/S:U/C:N/I:L/A:L;CWE-1284;5564;NVIDIA CUDA Toolkit;All versions up to and including CUDA Toolkit 12.6;CUDA Toolkit 12.6U1
CVE-2024-0113;7.5;HIGH;CVSS:3.1/AV:N/AC:H/PR:N/UI:R/S:U/C:H/I:H/A:H;CWE-35;5563;Mellanox OS;All versions prior to and including 3.10.4400;3.12.1002, 3.11.2302, 3.10.4500, 3.10.4504, 8.2.2300, 8.1.4500, 18.2.2300
CVE-2024-0113;7.5;HIGH;CVSS:3.1/AV:N/AC:H/PR:N/UI:R/S:U/C:H/I:H/A:H;CWE-35;5563;Mellanox OS;All versions prior to and including 3.11.2200;3.12.1002, 3.11.2302, 3.10.4500, 3.10.4504, 8.2.2300, 8.1.4500, 18.2.2300
CVE-2024-0113;7.5;HIGH;CVSS:3.1/AV:N/AC:H/PR:N/UI:R/S:U/C:H/I:H/A:H;CWE-35;5563;Mellanox OS;All versions prior to and including 3.11.4000;3.12.1002, 3.11.2302, 3.10.4500, 3.10.4504, 8.2.2300, 8.1.4500, 18.2.2300
CVE-2024-0113;7.5;HIGH;CVSS:3.1/AV:N/AC:H/PR:N/UI:R/S:U/C:H/I:H/A:H;CWE-35;5563;MetroX-2;All versions prior to and including 3.11.4000;3.12.1002, 3.11.2302, 3.10.4500, 3.10.4504, 8.2.2300, 8.1.4500, 18.2.2300
CVE-2024-0113;7.5;HIGH;CVSS:3.1/AV:N/AC:H/PR:N/UI:R/S:U/C:H/I:H/A:H;CWE-35;5563;MetroX-3 XC;All versions prior to and including 18.2.2200;3.12.1002, 3.11.2302, 3.10.4500, 3.10.4504, 8.2.2300, 8.1.4500, 18.2.2300
CVE-2024-0113;7.5;HIGH;CVSS:3.1/AV:N/AC:H/PR:N/UI:R/S:U/C:H/I:H/A:H;CWE-35;5563;ONYX;All versions prior to and including 3.10.4400;3.12.1002, 3.11.2302, 3.10.4500, 3.10.4504, 8.2.2300, 8.1.4500, 18.2.2300
CVE-2024-0113;7.5;HIGH;CVSS:3.1/AV:N/AC:H/PR:N/UI:R/S:U/C:H/I:H/A:H;CWE-35;5563;Skyway;All versions prior to and including 8.1.4400;3.12.1002, 3.11.2302, 3.10.4500, 3.10.4504, 8.2.2300, 8.1.4500, 18.2.2300
CVE-2024-0113;7.5;HIGH;CVSS:3.1/AV:N/AC:H/PR:N/UI:R/S:U/C:H/I:H/A:H;CWE-35;5563;Skyway;All versions prior to and including 8.2.2200;3.12.1002, 3.11.2302, 3.10.4500, 3.10.4504, 8.2.2300, 8.1.4500, 18.2.2300
CVE-2024-0115;6.1;MEDIUM;CVSS:3.1/AV:L/AC:L/PR:L/UI:N/S:U/C:N/I:L/A:H;CWE-400;5560;NVIDIA CV-CUDA;v0.1.x - v0.9.x;v0.10.0
CVE-2024-0116;4.9;MEDIUM;CVSS:3.1/AV:N/AC:L/PR:H/UI:N/S:U/C:N/I:N/A:H;CWE-125;5565;NVIDIA Triton Inference Server;v19.11 through v24.08;24.09
CVE-2024-0117;7.8;HIGH;CVSS:3.1/AV:L/AC:L/PR:N/UI:R/S:U/C:H/I:H/A:H;CWE-125;5586;GeForce;All driver versions prior to 566.03;566.03, 553.24, 538.95, 553.24(vGPU 17.4), 538.95(vGPU 16.8), 566.03(October 2024 Release)
CVE-2024-0117;7.8;HIGH;CVSS:3.1/AV:L/AC:L/PR:N/UI:R/S:U/C:H/I:H/A:H;CWE-125;5586;Guest driver;538.78(All versions prior to and including vGPU 16.7);566.03, 553.24, 538.95, 553.24(vGPU 17.4), 538.95(vGPU 16.8), 566.03(October 2024 Release)
CVE-2024-0117;7.8;HIGH;CVSS:3.1/AV:L/AC:L/PR:N/UI:R/S:U/C:H/I:H/A:H;CWE-125;5586;Guest driver;552.74(All versions prior to and including vGPU 17.3);566.03, 553.24, 538.95, 553.24(vGPU 17.4), 538.95(vGPU 16.8), 566.03(October 2024 Release)
CVE-2024-0117;7.8;HIGH;CVSS:3.1/AV:L/AC:L/PR:N/UI:R/S:U/C:H/I:H/A:H;CWE-125;5586;Guest driver;560.94(All versions up to and including the September 2024 release);566.03, 553.24, 538.95, 553.24(vGPU 17.4), 538.95(vGPU 16.8), 566.03(October 2024 Release)
CVE-2024-0117;7.8;HIGH;CVSS:3.1/AV:L/AC:L/PR:N/UI:R/S:U/C:H/I:H/A:H;CWE-125;5586;NVIDIA RTX, Quadro, NVS;All driver versions prior to 538.95;566.03, 553.24, 538.95, 553.24(vGPU 17.4), 538.95(vGPU 16.8), 566.03(October 2024 Release)
CVE-2024-0117;7.8;HIGH;CVSS:3.1/AV:L/AC:L/PR:N/UI:R/S:U/C:H/I:H/A:H;CWE-125;5586;NVIDIA RTX, Quadro, NVS;All driver versions prior to 553.24;566.03, 553.24, 538.95, 553.24(vGPU 17.4), 538.95(vGPU 16.8), 566.03(October 2024 Release)
CVE-2024-0117;7.8;HIGH;CVSS:3.1/AV:L/AC:L/PR:N/UI:R/S:U/C:H/I:H/A:H;CWE-125;5586;NVIDIA RTX, Quadro, NVS;All driver versions prior to 566.03;566.03, 553.24, 538.95, 553.24(vGPU 17.4), 538.95(vGPU 16.8), 566.03(October 2024 Release)
CVE-2024-0117;7.8;HIGH;CVSS:3.1/AV:L/AC:L/PR:N/UI:R/S:U/C:H/I:H/A:H;CWE-125;5586;Tesla;All driver versions prior to 538.95;566.03, 553.24, 538.95, 553.24(vGPU 17.4), 538.95(vGPU 16.8), 566.03(October 2024 Release)
CVE-2024-0117;7.8;HIGH;CVSS:3.1/AV:L/AC:L/PR:N/UI:R/S:U/C:H/I:H/A:H;CWE-125;5586;Tesla;All driver versions prior to 553.24;566.03, 553.24, 538.95, 553.24(vGPU 17.4), 538.95(vGPU 16.8), 566.03(October 2024 Release)
CVE-2024-0117;7.8;HIGH;CVSS:3.1/AV:L/AC:L/PR:N/UI:R/S:U/C:H/I:H/A:H;CWE-125;5586;Tesla;All driver versions prior to 566.03;566.03, 553.24, 538.95, 553.24(vGPU 17.4), 538.95(vGPU 16.8), 566.03(October 2024 Release)
CVE-2024-0118;7.8;HIGH;CVSS:3.1/AV:L/AC:L/PR:N/UI:R/S:U/C:H/I:H/A:H;CWE-125;5586;GeForce;All driver versions prior to 566.03;566.03, 553.24, 538.95, 553.24(vGPU 17.4), 538.95(vGPU 16.8), 566.03(October 2024 Release)
CVE-2024-0118;7.8;HIGH;CVSS:3.1/AV:L/AC:L/PR:N/UI:R/S:U/C:H/I:H/A:H;CWE-125;5586;Guest driver;538.78(All versions prior to and including vGPU 16.7);566.03, 553.24, 538.95, 553.24(vGPU 17.4), 538.95(vGPU 16.8), 566.03(October 2024 Release)
CVE-2024-0118;7.8;HIGH;CVSS:3.1/AV:L/AC:L/PR:N/UI:R/S:U/C:H/I:H/A:H;CWE-125;5586;Guest driver;552.74(All versions prior to and including vGPU 17.3);566.03, 553.24, 538.95, 553.24(vGPU 17.4), 538.95(vGPU 16.8), 566.03(October 2024 Release)
CVE-2024-0118;7.8;HIGH;CVSS:3.1/AV:L/AC:L/PR:N/UI:R/S:U/C:H/I:H/A:H;CWE-125;5586;Guest driver;560.94(All versions up to and including the September 2024 release);566.03, 553.24, 538.95, 553.24(vGPU 17.4), 538.95(vGPU 16.8), 566.03(October 2024 Release)
CVE-2024-0118;7.8;HIGH;CVSS:3.1/AV:L/AC:L/PR:N/UI:R/S:U/C:H/I:H/A:H;CWE-125;5586;NVIDIA RTX, Quadro, NVS;All driver versions prior to 538.95;566.03, 553.24, 538.95, 553.24(vGPU 17.4), 538.95(vGPU 16.8), 566.03(October 2024 Release)
CVE-2024-0118;7.8;HIGH;CVSS:3.1/AV:L/AC:L/PR:N/UI:R/S:U/C:H/I:H/A:H;CWE-125;5586;NVIDIA RTX, Quadro, NVS;All driver versions prior to 553.24;566.03, 553.24, 538.95, 553.24(vGPU 17.4), 538.95(vGPU 16.8), 566.03(October 2024 Release)
CVE-2024-0118;7.8;HIGH;CVSS:3.1/AV:L/AC:L/PR:N/UI:R/S:U/C:H/I:H/A:H;CWE-125;5586;NVIDIA RTX, Quadro, NVS;All driver versions prior to 566.03;566.03, 553.24, 538.95, 553.24(vGPU 17.4), 538.95(vGPU 16.8), 566.03(October 2024 Release)
CVE-2024-0118;7.8;HIGH;CVSS:3.1/AV:L/AC:L/PR:N/UI:R/S:U/C:H/I:H/A:H;CWE-125;5586;Tesla;All driver versions prior to 538.95;566.03, 553.24, 538.95, 553.24(vGPU 17.4), 538.95(vGPU 16.8), 566.03(October 2024 Release)
CVE-2024-0118;7.8;HIGH;CVSS:3.1/AV:L/AC:L/PR:N/UI:R/S:U/C:H/I:H/A:H;CWE-125;5586;Tesla;All driver versions prior to 553.24;566.03, 553.24, 538.95, 553.24(vGPU 17.4), 538.95(vGPU 16.8), 566.03(October 2024 Release)
CVE-2024-0118;7.8;HIGH;CVSS:3.1/AV:L/AC:L/PR:N/UI:R/S:U/C:H/I:H/A:H;CWE-125;5586;Tesla;All driver versions prior to 566.03;566.03, 553.24, 538.95, 553.24(vGPU 17.4), 538.95(vGPU 16.8), 566.03(October 2024 Release)
CVE-2024-0119;7.8;HIGH;CVSS:3.1/AV:L/AC:L/PR:N/UI:R/S:U/C:H/I:H/A:H;CWE-125;5586;GeForce;All driver versions prior to 566.03;566.03, 553.24, 538.95, 553.24(vGPU 17.4), 538.95(vGPU 16.8), 566.03(October 2024 Release)
CVE-2024-0119;7.8;HIGH;CVSS:3.1/AV:L/AC:L/PR:N/UI:R/S:U/C:H/I:H/A:H;CWE-125;5586;Guest driver;538.78(All versions prior to and including vGPU 16.7);566.03, 553.24, 538.95, 553.24(vGPU 17.4), 538.95(vGPU 16.8), 566.03(October 2024 Release)
CVE-2024-0119;7.8;HIGH;CVSS:3.1/AV:L/AC:L/PR:N/UI:R/S:U/C:H/I:H/A:H;CWE-125;5586;Guest driver;552.74(All versions prior to and including vGPU 17.3);566.03, 553.24, 538.95, 553.24(vGPU 17.4), 538.95(vGPU 16.8), 566.03(October 2024 Release)
CVE-2024-0119;7.8;HIGH;CVSS:3.1/AV:L/AC:L/PR:N/UI:R/S:U/C:H/I:H/A:H;CWE-125;5586;Guest driver;560.94(All versions up to and including the September 2024 release);566.03, 553.24, 538.95, 553.24(vGPU 17.4), 538.95(vGPU 16.8), 566.03(October 2024 Release)
CVE-2024-0119;7.8;HIGH;CVSS:3.1/AV:L/AC:L/PR:N/UI:R/S:U/C:H/I:H/A:H;CWE-125;5586;NVIDIA RTX, Quadro, NVS;All driver versions prior to 538.95;566.03, 553.24, 538.95, 553.24(vGPU 17.4), 538.95(vGPU 16.8), 566.03(October 2024 Release)
CVE-2024-0119;7.8;HIGH;CVSS:3.1/AV:L/AC:L/PR:N/UI:R/S:U/C:H/I:H/A:H;CWE-125;5586;NVIDIA RTX, Quadro, NVS;All driver versions prior to 553.24;566.03, 553.24, 538.95, 553.24(vGPU 17.4), 538.95(vGPU 16.8), 566.03(October 2024 Release)
CVE-2024-0119;7.8;HIGH;CVSS:3.1/AV:L/AC:L/PR:N/UI:R/S:U/C:H/I:H/A:H;CWE-125;5586;NVIDIA RTX, Quadro, NVS;All driver versions prior to 566.03;566.03, 553.24, 538.95, 553.24(vGPU 17.4), 538.95(vGPU 16.8), 566.03(October 2024 Release)
CVE-2024-0119;7.8;HIGH;CVSS:3.1/AV:L/AC:L/PR:N/UI:R/S:U/C:H/I:H/A:H;CWE-125;5586;Tesla;All driver versions prior to 538.95;566.03, 553.24, 538.95, 553.24(vGPU 17.4), 538.95(vGPU 16.8), 566.03(October 2024 Release)
CVE-2024-0119;7.8;HIGH;CVSS:3.1/AV:L/AC:L/PR:N/UI:R/S:U/C:H/I:H/A:H;CWE-125;5586;Tesla;All driver versions prior to 553.24;566.03, 553.24, 538.95, 553.24(vGPU 17.4), 538.95(vGPU 16.8), 566.03(October 2024 Release)
CVE-2024-0119;7.8;HIGH;CVSS:3.1/AV:L/AC:L/PR:N/UI:R/S:U/C:H/I:H/A:H;CWE-125;5586;Tesla;All driver versions prior to 566.03;566.03, 553.24, 538.95, 553.24(vGPU 17.4), 538.95(vGPU 16.8), 566.03(October 2024 Release)
CVE-2024-0120;7.8;HIGH;CVSS:3.1/AV:L/AC:L/PR:N/UI:R/S:U/C:H/I:H/A:H;CWE-125;5586;GeForce;All driver versions prior to 566.03;566.03, 553.24, 538.95, 553.24(vGPU 17.4), 538.95(vGPU 16.8), 566.03(October 2024 Release)
CVE-2024-0120;7.8;HIGH;CVSS:3.1/AV:L/AC:L/PR:N/UI:R/S:U/C:H/I:H/A:H;CWE-125;5586;Guest driver;538.78(All versions prior to and including vGPU 16.7);566.03, 553.24, 538.95, 553.24(vGPU 17.4), 538.95(vGPU 16.8), 566.03(October 2024 Release)
CVE-2024-0120;7.8;HIGH;CVSS:3.1/AV:L/AC:L/PR:N/UI:R/S:U/C:H/I:H/A:H;CWE-125;5586;Guest driver;552.74(All versions prior to and including vGPU 17.3);566.03, 553.24, 538.95, 553.24(vGPU 17.4), 538.95(vGPU 16.8), 566.03(October 2024 Release)
CVE-2024-0120;7.8;HIGH;CVSS:3.1/AV:L/AC:L/PR:N/UI:R/S:U/C:H/I:H/A:H;CWE-125;5586;Guest driver;560.94(All versions up to and including the September 2024 release);566.03, 553.24, 538.95, 553.24(vGPU 17.4), 538.95(vGPU 16.8), 566.03(October 2024 Release)
CVE-2024-0120;7.8;HIGH;CVSS:3.1/AV:L/AC:L/PR:N/UI:R/S:U/C:H/I:H/A:H;CWE-125;5586;NVIDIA RTX, Quadro, NVS;All driver versions prior to 538.95;566.03, 553.24, 538.95, 553.24(vGPU 17.4), 538.95(vGPU 16.8), 566.03(October 2024 Release)
CVE-2024-0120;7.8;HIGH;CVSS:3.1/AV:L/AC:L/PR:N/UI:R/S:U/C:H/I:H/A:H;CWE-125;5586;NVIDIA RTX, Quadro, NVS;All driver versions prior to 553.24;566.03, 553.24, 538.95, 553.24(vGPU 17.4), 538.95(vGPU 16.8), 566.03(October 2024 Release)
CVE-2024-0120;7.8;HIGH;CVSS:3.1/AV:L/AC:L/PR:N/UI:R/S:U/C:H/I:H/A:H;CWE-125;5586;NVIDIA RTX, Quadro, NVS;All driver versions prior to 566.03;566.03, 553.24, 538.95, 553.24(vGPU 17.4), 538.95(vGPU 16.8), 566.03(October 2024 Release)
CVE-2024-0120;7.8;HIGH;CVSS:3.1/AV:L/AC:L/PR:N/UI:R/S:U/C:H/I:H/A:H;CWE-125;5586;Tesla;All driver versions prior to 538.95;566.03, 553.24, 538.95, 553.24(vGPU 17.4), 538.95(vGPU 16.8), 566.03(October 2024 Release)
CVE-2024-0120;7.8;HIGH;CVSS:3.1/AV:L/AC:L/PR:N/UI:R/S:U/C:H/I:H/A:H;CWE-125;5586;Tesla;All driver versions prior to 553.24;566.03, 553.24, 538.95, 553.24(vGPU 17.4), 538.95(vGPU 16.8), 566.03(October 2024 Release)
CVE-2024-0120;7.8;HIGH;CVSS:3.1/AV:L/AC:L/PR:N/UI:R/S:U/C:H/I:H/A:H;CWE-125;5586;Tesla;All driver versions prior to 566.03;566.03, 553.24, 538.95, 553.24(vGPU 17.4), 538.95(vGPU 16.8), 566.03(October 2024 Release)
CVE-2024-0121;7.8;HIGH;CVSS:3.1/AV:L/AC:L/PR:N/UI:R/S:U/C:H/I:H/A:H;CWE-125;5586;GeForce;All driver versions prior to 566.03;566.03, 553.24, 538.95, 553.24(vGPU 17.4), 538.95(vGPU 16.8), 566.03(October 2024 Release)
CVE-2024-0121;7.8;HIGH;CVSS:3.1/AV:L/AC:L/PR:N/UI:R/S:U/C:H/I:H/A:H;CWE-125;5586;Guest driver;538.78(All versions prior to and including vGPU 16.7);566.03, 553.24, 538.95, 553.24(vGPU 17.4), 538.95(vGPU 16.8), 566.03(October 2024 Release)
CVE-2024-0121;7.8;HIGH;CVSS:3.1/AV:L/AC:L/PR:N/UI:R/S:U/C:H/I:H/A:H;CWE-125;5586;Guest driver;552.74(All versions prior to and including vGPU 17.3);566.03, 553.24, 538.95, 553.24(vGPU 17.4), 538.95(vGPU 16.8), 566.03(October 2024 Release)
CVE-2024-0121;7.8;HIGH;CVSS:3.1/AV:L/AC:L/PR:N/UI:R/S:U/C:H/I:H/A:H;CWE-125;5586;Guest driver;560.94(All versions up to and including the September 2024 release);566.03, 553.24, 538.95, 553.24(vGPU 17.4), 538.95(vGPU 16.8), 566.03(October 2024 Release)
CVE-2024-0121;7.8;HIGH;CVSS:3.1/AV:L/AC:L/PR:N/UI:R/S:U/C:H/I:H/A:H;CWE-125;5586;NVIDIA RTX, Quadro, NVS;All driver versions prior to 538.95;566.03, 553.24, 538.95, 553.24(vGPU 17.4), 538.95(vGPU 16.8), 566.03(October 2024 Release)
CVE-2024-0121;7.8;HIGH;CVSS:3.1/AV:L/AC:L/PR:N/UI:R/S:U/C:H/I:H/A:H;CWE-125;5586;NVIDIA RTX, Quadro, NVS;All driver versions prior to 553.24;566.03, 553.24, 538.95, 553.24(vGPU 17.4), 538.95(vGPU 16.8), 566.03(October 2024 Release)
CVE-2024-0121;7.8;HIGH;CVSS:3.1/AV:L/AC:L/PR:N/UI:R/S:U/C:H/I:H/A:H;CWE-125;5586;NVIDIA RTX, Quadro, NVS;All driver versions prior to 566.03;566.03, 553.24, 538.95, 553.24(vGPU 17.4), 538.95(vGPU 16.8), 566.03(October 2024 Release)
CVE-2024-0121;7.8;HIGH;CVSS:3.1/AV:L/AC:L/PR:N/UI:R/S:U/C:H/I:H/A:H;CWE-125;5586;Tesla;All driver versions prior to 538.95;566.03, 553.24, 538.95, 553.24(vGPU 17.4), 538.95(vGPU 16.8), 566.03(October 2024 Release)
CVE-2024-0121;7.8;HIGH;CVSS:3.1/AV:L/AC:L/PR:N/UI:R/S:U/C:H/I:H/A:H;CWE-125;5586;Tesla;All driver versions prior to 553.24;566.03, 553.24, 538.95, 553.24(vGPU 17.4), 538.95(vGPU 16.8), 566.03(October 2024 Release)
CVE-2024-0121;7.8;HIGH;CVSS:3.1/AV:L/AC:L/PR:N/UI:R/S:U/C:H/I:H/A:H;CWE-125;5586;Tesla;All driver versions prior to 566.03;566.03, 553.24, 538.95, 553.24(vGPU 17.4), 538.95(vGPU 16.8), 566.03(October 2024 Release)
CVE-2024-0122;7.6;HIGH;CVSS:3.1/AV:A/AC:L/PR:N/UI:N/S:U/C:H/I:L/A:L;CWE-862;5570;DLS component of NVIDIA License System;2.1, 3.1, 3.1.1, 3.1.2, 3.1.3, 3.2, 3.3, 3.3.1;DLS v3.4 and v3.1.4
CVE-2024-0123;3.3;LOW;CVSS:3.1/AV:L/AC:L/PR:N/UI:R/S:U/C:N/I:N/A:L;CWE-1285;5577;NVIDIA CUDA Toolkit;All versions up to and including CUDA Toolkit 12.6U1;CUDA Toolkit 12.6U2
CVE-2024-0124;3.3;LOW;CVSS:3.1/AV:L/AC:L/PR:N/UI:R/S:U/C:N/I:N/A:L;CWE-416;5577;NVIDIA CUDA Toolkit;All versions up to and including CUDA Toolkit 12.6U1;CUDA Toolkit 12.6U2
CVE-2024-0125;3.3;LOW;CVSS:3.1/AV:L/AC:L/PR:N/UI:R/S:U/C:N/I:N/A:L;CWE-476;5577;NVIDIA CUDA Toolkit;All versions up to and including CUDA Toolkit 12.6U1;CUDA Toolkit 12.6U2
CVE-2024-0126;8.2;HIGH;CVSS:3.1/AV:L/AC:L/PR:H/UI:N/S:C/C:H/I:H/A:H;CWE-20;5586;GeForce;All driver versions prior to 535.216.01;566.03, 553.24, 538.95, 565.57.01, 550.127.05, 535.216.01, 550.127.06(vGPU 17.4), 535.216.01(vGPU 16.8), 553.20(vGPU 17.4), 565.57.01(October 2024 Release)
CVE-2024-0126;8.2;HIGH;CVSS:3.1/AV:L/AC:L/PR:H/UI:N/S:C/C:H/I:H/A:H;CWE-20;5586;GeForce;All driver versions prior to 550.127.05;566.03, 553.24, 538.95, 565.57.01, 550.127.05, 535.216.01, 550.127.06(vGPU 17.4), 535.216.01(vGPU 16.8), 553.20(vGPU 17.4), 565.57.01(October 2024 Release)
CVE-2024-0126;8.2;HIGH;CVSS:3.1/AV:L/AC:L/PR:H/UI:N/S:C/C:H/I:H/A:H;CWE-20;5586;GeForce;All driver versions prior to 565.57.01;566.03, 553.24, 538.95, 565.57.01, 550.127.05, 535.216.01, 550.127.06(vGPU 17.4), 535.216.01(vGPU 16.8), 553.20(vGPU 17.4), 565.57.01(October 2024 Release)
CVE-2024-0126;8.2;HIGH;CVSS:3.1/AV:L/AC:L/PR:H/UI:N/S:C/C:H/I:H/A:H;CWE-20;5586;GeForce;All driver versions prior to 566.03;566.03, 553.24, 538.95, 565.57.01, 550.127.05, 535.216.01, 550.127.06(vGPU 17.4), 535.216.01(vGPU 16.8), 553.20(vGPU 17.4), 565.57.01(October 2024 Release)
CVE-2024-0126;8.2;HIGH;CVSS:3.1/AV:L/AC:L/PR:H/UI:N/S:C/C:H/I:H/A:H;CWE-20;5586;NVIDIA RTX, Quadro, NVS;All driver versions prior to 535.216.01;566.03, 553.24, 538.95, 565.57.01, 550.127.05, 535.216.01, 550.127.06(vGPU 17.4), 535.216.01(vGPU 16.8), 553.20(vGPU 17.4), 565.57.01(October 2024 Release)
CVE-2024-0126;8.2;HIGH;CVSS:3.1/AV:L/AC:L/PR:H/UI:N/S:C/C:H/I:H/A:H;CWE-20;5586;NVIDIA RTX, Quadro, NVS;All driver versions prior to 538.95;566.03, 553.24, 538.95, 565.57.01, 550.127.05, 535.216.01, 550.127.06(vGPU 17.4), 535.216.01(vGPU 16.8), 553.20(vGPU 17.4), 565.57.01(October 2024 Release)
CVE-2024-0126;8.2;HIGH;CVSS:3.1/AV:L/AC:L/PR:H/UI:N/S:C/C:H/I:H/A:H;CWE-20;5586;NVIDIA RTX, Quadro, NVS;All driver versions prior to 550.127.05;566.03, 553.24, 538.95, 565.57.01, 550.127.05, 535.216.01, 550.127.06(vGPU 17.4), 535.216.01(vGPU 16.8), 553.20(vGPU 17.4), 565.57.01(October 2024 Release)
CVE-2024-0126;8.2;HIGH;CVSS:3.1/AV:L/AC:L/PR:H/UI:N/S:C/C:H/I:H/A:H;CWE-20;5586;NVIDIA RTX, Quadro, NVS;All driver versions prior to 553.24;566.03, 553.24, 538.95, 565.57.01, 550.127.05, 535.216.01, 550.127.06(vGPU 17.4), 535.216.01(vGPU 16.8), 553.20(vGPU 17.4), 565.57.01(October 2024 Release)
CVE-2024-0126;8.2;HIGH;CVSS:3.1/AV:L/AC:L/PR:H/UI:N/S:C/C:H/I:H/A:H;CWE-20;5586;NVIDIA RTX, Quadro, NVS;All driver versions prior to 565.57.01;566.03, 553.24, 538.95, 565.57.01, 550.127.05, 535.216.01, 550.127.06(vGPU 17.4), 535.216.01(vGPU 16.8), 553.20(vGPU 17.4), 565.57.01(October 2024 Release)
CVE-2024-0126;8.2;HIGH;CVSS:3.1/AV:L/AC:L/PR:H/UI:N/S:C/C:H/I:H/A:H;CWE-20;5586;NVIDIA RTX, Quadro, NVS;All driver versions prior to 566.03;566.03, 553.24, 538.95, 565.57.01, 550.127.05, 535.216.01, 550.127.06(vGPU 17.4), 535.216.01(vGPU 16.8), 553.20(vGPU 17.4), 565.57.01(October 2024 Release)
CVE-2024-0126;8.2;HIGH;CVSS:3.1/AV:L/AC:L/PR:H/UI:N/S:C/C:H/I:H/A:H;CWE-20;5586;Tesla;All driver versions prior to 535.216.01;566.03, 553.24, 538.95, 565.57.01, 550.127.05, 535.216.01, 550.127.06(vGPU 17.4), 535.216.01(vGPU 16.8), 553.20(vGPU 17.4), 565.57.01(October 2024 Release)
CVE-2024-0126;8.2;HIGH;CVSS:3.1/AV:L/AC:L/PR:H/UI:N/S:C/C:H/I:H/A:H;CWE-20;5586;Tesla;All driver versions prior to 538.95;566.03, 553.24, 538.95, 565.57.01, 550.127.05, 535.216.01, 550.127.06(vGPU 17.4), 535.216.01(vGPU 16.8), 553.20(vGPU 17.4), 565.57.01(October 2024 Release)
CVE-2024-0126;8.2;HIGH;CVSS:3.1/AV:L/AC:L/PR:H/UI:N/S:C/C:H/I:H/A:H;CWE-20;5586;Tesla;All driver versions prior to 550.127.05;566.03, 553.24, 538.95, 565.57.01, 550.127.05, 535.216.01, 550.127.06(vGPU 17.4), 535.216.01(vGPU 16.8), 553.20(vGPU 17.4), 565.57.01(October 2024 Release)
CVE-2024-0126;8.2;HIGH;CVSS:3.1/AV:L/AC:L/PR:H/UI:N/S:C/C:H/I:H/A:H;CWE-20;5586;Tesla;All driver versions prior to 553.24;566.03, 553.24, 538.95, 565.57.01, 550.127.05, 535.216.01, 550.127.06(vGPU 17.4), 535.216.01(vGPU 16.8), 553.20(vGPU 17.4), 565.57.01(October 2024 Release)
CVE-2024-0126;8.2;HIGH;CVSS:3.1/AV:L/AC:L/PR:H/UI:N/S:C/C:H/I:H/A:H;CWE-20;5586;Tesla;All driver versions prior to 566.03;566.03, 553.24, 538.95, 565.57.01, 550.127.05, 535.216.01, 550.127.06(vGPU 17.4), 535.216.01(vGPU 16.8), 553.20(vGPU 17.4), 565.57.01(October 2024 Release)
CVE-2024-0126;8.2;HIGH;CVSS:3.1/AV:L/AC:L/PR:H/UI:N/S:C/C:H/I:H/A:H;CWE-20;5586;Virtual GPU Manager;535.183.04(All versions prior to and including vGPU 16.7);566.03, 553.24, 538.95, 565.57.01, 550.127.05, 535.216.01, 550.127.06(vGPU 17.4), 535.216.01(vGPU 16.8), 553.20(vGPU 17.4), 565.57.01(October 2024 Release)
CVE-2024-0126;8.2;HIGH;CVSS:3.1/AV:L/AC:L/PR:H/UI:N/S:C/C:H/I:H/A:H;CWE-20;5586;Virtual GPU Manager;550.90.05(All versions prior to and including vGPU 17.3);566.03, 553.24, 538.95, 565.57.01, 550.127.05, 535.216.01, 550.127.06(vGPU 17.4), 535.216.01(vGPU 16.8), 553.20(vGPU 17.4), 565.57.01(October 2024 Release)
CVE-2024-0126;8.2;HIGH;CVSS:3.1/AV:L/AC:L/PR:H/UI:N/S:C/C:H/I:H/A:H;CWE-20;5586;Virtual GPU Manager;552.55(All versions prior to and including vGPU 17.3);566.03, 553.24, 538.95, 565.57.01, 550.127.05, 535.216.01, 550.127.06(vGPU 17.4), 535.216.01(vGPU 16.8), 553.20(vGPU 17.4), 565.57.01(October 2024 Release)
CVE-2024-0126;8.2;HIGH;CVSS:3.1/AV:L/AC:L/PR:H/UI:N/S:C/C:H/I:H/A:H;CWE-20;5586;Virtual GPU Manager;560.35.02(All versions prior to and including the September 2024 release);566.03, 553.24, 538.95, 565.57.01, 550.127.05, 535.216.01, 550.127.06(vGPU 17.4), 535.216.01(vGPU 16.8), 553.20(vGPU 17.4), 565.57.01(October 2024 Release)
CVE-2024-0127;7.8;HIGH;CVSS:3.1/AV:L/AC:L/PR:L/UI:N/S:U/C:H/I:H/A:H;CWE-20;5586;Virtual GPU Manager;535.183.04(All versions prior to and including vGPU 16.7);550.127.06(vGPU 17.4), 535.216.01(vGPU 16.8), 553.20(vGPU 17.4), 565.57.01(October 2024 Release)
CVE-2024-0127;7.8;HIGH;CVSS:3.1/AV:L/AC:L/PR:L/UI:N/S:U/C:H/I:H/A:H;CWE-20;5586;Virtual GPU Manager;550.90.05(All versions prior to and including vGPU 17.3);550.127.06(vGPU 17.4), 535.216.01(vGPU 16.8), 553.20(vGPU 17.4), 565.57.01(October 2024 Release)
CVE-2024-0127;7.8;HIGH;CVSS:3.1/AV:L/AC:L/PR:L/UI:N/S:U/C:H/I:H/A:H;CWE-20;5586;Virtual GPU Manager;552.55(All versions prior to and including vGPU 17.3);550.127.06(vGPU 17.4), 535.216.01(vGPU 16.8), 553.20(vGPU 17.4), 565.57.01(October 2024 Release)
CVE-2024-0127;7.8;HIGH;CVSS:3.1/AV:L/AC:L/PR:L/UI:N/S:U/C:H/I:H/A:H;CWE-20;5586;Virtual GPU Manager;560.35.02(All versions prior to and including the September 2024 release);550.127.06(vGPU 17.4), 535.216.01(vGPU 16.8), 553.20(vGPU 17.4), 565.57.01(October 2024 Release)
CVE-2024-0128;7.1;HIGH;CVSS:3.1/AV:L/AC:L/PR:L/UI:N/S:U/C:H/I:H/A:N;CWE-732;5586;Virtual GPU Manager;535.183.04(All versions prior to and including vGPU 16.7);550.127.06(vGPU 17.4), 535.216.01(vGPU 16.8), 553.20(vGPU 17.4), 565.57.01(October 2024 Release)
CVE-2024-0128;7.1;HIGH;CVSS:3.1/AV:L/AC:L/PR:L/UI:N/S:U/C:H/I:H/A:N;CWE-732;5586;Virtual GPU Manager;550.90.05(All versions prior to and including vGPU 17.3);550.127.06(vGPU 17.4), 535.216.01(vGPU 16.8), 553.20(vGPU 17.4), 565.57.01(October 2024 Release)
CVE-2024-0128;7.1;HIGH;CVSS:3.1/AV:L/AC:L/PR:L/UI:N/S:U/C:H/I:H/A:N;CWE-732;5586;Virtual GPU Manager;552.55(All versions prior to and including vGPU 17.3);550.127.06(vGPU 17.4), 535.216.01(vGPU 16.8), 553.20(vGPU 17.4), 565.57.01(October 2024 Release)
CVE-2024-0128;7.1;HIGH;CVSS:3.1/AV:L/AC:L/PR:L/UI:N/S:U/C:H/I:H/A:N;CWE-732;5586;Virtual GPU Manager;560.35.02(All versions prior to and including the September 2024 release);550.127.06(vGPU 17.4), 535.216.01(vGPU 16.8), 553.20(vGPU 17.4), 565.57.01(October 2024 Release)
CVE-2024-0129;6.3;MEDIUM;CVSS:3.1/AV:L/AC:L/PR:L/UI:N/S:C/C:L/I:L/A:L;CWE-22;5580;NeMo;All versions prior to r2.0.0rc0;r2.0.0rc0
CVE-2024-0130;8.8;HIGH;CVSS:3.1/AV:A/AC:L/PR:N/UI:N/S:U/C:H/I:H/A:H;CWE-287;5584;UFM CyberAI GA;2.6.x, 2.7.x, 2.8.x;6.16.0-5, 6.18.0-5, 6.15.6-4 LTS, 1.9.1-2, 1.6.6-1 LTS, 4.17.0.5, 4.14.6.4 LTS, 2.9.1-2, 2.6.1-4 LTS
CVE-2024-0130;8.8;HIGH;CVSS:3.1/AV:A/AC:L/PR:N/UI:N/S:U/C:H/I:H/A:H;CWE-287;5584;UFM CyberAI LTS23;2.6.1-3 LTS;6.16.0-5, 6.18.0-5, 6.15.6-4 LTS, 1.9.1-2, 1.6.6-1 LTS, 4.17.0.5, 4.14.6.4 LTS, 2.9.1-2, 2.6.1-4 LTS
CVE-2024-0130;8.8;HIGH;CVSS:3.1/AV:A/AC:L/PR:N/UI:N/S:U/C:H/I:H/A:H;CWE-287;5584;UFM Enterprise Appliance GA;1.6.x, 1.7.x, 1.8.x;6.16.0-5, 6.18.0-5, 6.15.6-4 LTS, 1.9.1-2, 1.6.6-1 LTS, 4.17.0.5, 4.14.6.4 LTS, 2.9.1-2, 2.6.1-4 LTS
CVE-2024-0130;8.8;HIGH;CVSS:3.1/AV:A/AC:L/PR:N/UI:N/S:U/C:H/I:H/A:H;CWE-287;5584;UFM Enterprise Appliance LTS23;1.6.x LTS prior to 1.6.6-1 LTS;6.16.0-5, 6.18.0-5, 6.15.6-4 LTS, 1.9.1-2, 1.6.6-1 LTS, 4.17.0.5, 4.14.6.4 LTS, 2.9.1-2, 2.6.1-4 LTS
CVE-2024-0130;8.8;HIGH;CVSS:3.1/AV:A/AC:L/PR:N/UI:N/S:U/C:H/I:H/A:H;CWE-287;5584;UFM Enterprise GA;6.15.x, 6.16.x, 6.17.x;6.16.0-5, 6.18.0-5, 6.15.6-4 LTS, 1.9.1-2, 1.6.6-1 LTS, 4.17.0.5, 4.14.6.4 LTS, 2.9.1-2, 2.6.1-4 LTS
CVE-2024-0130;8.8;HIGH;CVSS:3.1/AV:A/AC:L/PR:N/UI:N/S:U/C:H/I:H/A:H;CWE-287;5584;UFM Enterprise LTS23;6.15.x LTS prior to 6.15.6-4 LTS;6.16.0-5, 6.18.0-5, 6.15.6-4 LTS, 1.9.1-2, 1.6.6-1 LTS, 4.17.0.5, 4.14.6.4 LTS, 2.9.1-2, 2.6.1-4 LTS
CVE-2024-0130;8.8;HIGH;CVSS:3.1/AV:A/AC:L/PR:N/UI:N/S:U/C:H/I:H/A:H;CWE-287;5584;UFM SDN Appliance GA;4.14.x, 4.15.x, 4.16.x;6.16.0-5, 6.18.0-5, 6.15.6-4 LTS, 1.9.1-2, 1.6.6-1 LTS, 4.17.0.5, 4.14.6.4 LTS, 2.9.1-2, 2.6.1-4 LTS
CVE-2024-0130;8.8;HIGH;CVSS:3.1/AV:A/AC:L/PR:N/UI:N/S:U/C:H/I:H/A:H;CWE-287;5584;UFM SDN Appliance LTS23;4.14.x LTS prior to 4.14.6.4 LTS;6.16.0-5, 6.18.0-5, 6.15.6-4 LTS, 1.9.1-2, 1.6.6-1 LTS, 4.17.0.5, 4.14.6.4 LTS, 2.9.1-2, 2.6.1-4 LTS
CVE-2024-0132;9;CRITICAL;CVSS:3.1/AV:N/AC:L/PR:L/UI:R/S:C/C:H/I:H/A:H;CWE-367;5582;NVIDIA Container Toolkit;All versions up to and including v1.16.1;v1.16.2, v24.6.2
CVE-2024-0132;9;CRITICAL;CVSS:3.1/AV:N/AC:L/PR:L/UI:R/S:C/C:H/I:H/A:H;CWE-367;5582;NVIDIA GPU Operator;All versions up to and including 24.6.1;v1.16.2, v24.6.2
CVE-2024-0133;4.1;MEDIUM;CVSS:3.1/AV:N/AC:L/PR:L/UI:R/S:C/C:N/I:L/A:N;CWE-367;5582;NVIDIA Container Toolkit;All versions up to and including v1.16.1;v1.16.2, v24.6.2
CVE-2024-0133;4.1;MEDIUM;CVSS:3.1/AV:N/AC:L/PR:L/UI:R/S:C/C:N/I:L/A:N;CWE-367;5582;NVIDIA GPU Operator;All versions up to and including 24.6.1;v1.16.2, v24.6.2
CVE-2024-0134;4.1;MEDIUM;CVSS:3.1/AV:N/AC:L/PR:L/UI:R/S:C/C:N/I:L/A:N;CWE-61;5585;NVIDIA Container Toolkit;All versions up to and including v1.16.2;v1.17, 24.9.0
CVE-2024-0134;4.1;MEDIUM;CVSS:3.1/AV:N/AC:L/PR:L/UI:R/S:C/C:N/I:L/A:N;CWE-61;5585;NVIDIA GPU Operator;All versions up to and including 24.6.2;v1.17, 24.9.0
CVE-2024-0138;9.8;CRITICAL;CVSS:3.1/AV:N/AC:L/PR:N/UI:N/S:U/C:H/I:H/A:H;CWE-862;5595;NVIDIA Base Command Manager;10.24.09;10.24.09a
CVE-2024-0139;4.4;MEDIUM;CVSS:3.1/AV:L/AC:H/PR:L/UI:R/S:U/C:N/I:N/A:H;CWE-377;5600;NVIDIA Base Command Manager;Base Command Manager 3, Base Command Manager 10;10.24.09a, Bright Cluster Manager 9.0-22, 9.1-19, 9.2-17
CVE-2024-0139;4.4;MEDIUM;CVSS:3.1/AV:L/AC:H/PR:L/UI:R/S:U/C:N/I:N/A:H;CWE-377;5600;NVIDIA Bright Cluster Manager;Bright Cluster Manager 9.0-9.2;10.24.09a, Bright Cluster Manager 9.0-22, 9.1-19, 9.2-17
