CVE;CVSS;Severity;Vector;CWE;Bulletin;Affected Product;Affected Version;Fixed In
CVE-2021-1106;8.8;HIGH;CVSS:3.1/AV:L/AC:L/PR:L/UI:N/S:C/C:H/I:H/A:H;CWE-284;5259;SHIELD TV;Shield Experience prior to SE 9.0;Shield Experience Upgrade SE 9.0
CVE-2021-1107;8.8;HIGH;CVSS:3.1/AV:L/AC:L/PR:L/UI:N/S:C/C:H/I:H/A:H;CWE-284;5259;SHIELD TV;Shield Experience prior to SE 9.0;Shield Experience Upgrade SE 9.0
CVE-2021-1108;7.3;HIGH;CVSS:3.1/AV:L/AC:L/PR:L/UI:N/S:U/C:H/I:L/A:H;CWE-190;5259;SHIELD TV;Shield Experience prior to SE 9.0;Shield Experience Upgrade SE 9.0
CVE-2021-1112;5.5;MEDIUM;CVSS:3.1/AV:L/AC:L/PR:L/UI:N/S:U/C:N/I:N/A:H;CWE-476;5259;SHIELD TV;Shield Experience prior to SE 9.0;Shield Experience Upgrade SE 9.0
CVE-2021-4034;7.8;HIGH;CVSS:3.1/AV:L/AC:L/PR:L/UI:N/S:U/C:H/I:H/A:H;CWE-20;5321;Jetson AGX Xavier series, Jetson Xavier NX, Jetson TX1, Jetson TX2 series, Jetson TX2 NX;All 32.x versions prior to 32.7.1;32.7.1
CVE-2021-4034;7.8;HIGH;CVSS:3.1/AV:L/AC:L/PR:L/UI:N/S:U/C:H/I:H/A:H;CWE-20;5321;Jetson Nano, Jetson Nano 2GB;All 32.x versions prior to 32.7.1;32.7.1
CVE-2021-34401;8.8;HIGH;CVSS:3.1/AV:L/AC:L/PR:L/UI:N/S:C/C:H/I:H/A:H;CWE-284;5259;SHIELD TV;Shield Experience prior to SE 9.0;Shield Experience Upgrade SE 9.0
CVE-2021-34401;8.8;HIGH;CVSS:3.1/AV:L/AC:L/PR:L/UI:N/S:C/C:H/I:H/A:H;CWE-284;5321;Jetson AGX Xavier series, Jetson Xavier NX, Jetson TX1, Jetson TX2 series, Jetson TX2 NX;All 32.x versions prior to 32.7.1;32.7.1
CVE-2021-34401;8.8;HIGH;CVSS:3.1/AV:L/AC:L/PR:L/UI:N/S:C/C:H/I:H/A:H;CWE-284;5321;Jetson Nano, Jetson Nano 2GB;All 32.x versions prior to 32.7.1;32.7.1
CVE-2021-34402;6.7;MEDIUM;CVSS:3.1/AV:L/AC:L/PR:H/UI:N/S:U/C:H/I:H/A:H;CWE-119;5259;SHIELD TV;Shield Experience prior to SE 9.0;Shield Experience Upgrade SE 9.0
CVE-2021-34403;7.8;HIGH;CVSS:3.1/AV:L/AC:L/PR:L/UI:N/S:U/C:H/I:H/A:H;CWE-416;5259;SHIELD TV;Shield Experience prior to SE 9.0;Shield Experience Upgrade SE 9.0
CVE-2021-34404;7.1;HIGH;CVSS:3.1/AV:P/AC:H/PR:N/UI:N/S:C/C:H/I:H/A:H;CWE-636;5259;SHIELD TV;Shield Experience prior to SE 9.0;Shield Experience Upgrade SE 9.0
CVE-2021-34405;5.5;MEDIUM;CVSS:3.1/AV:L/AC:L/PR:L/UI:N/S:U/C:N/I:N/A:H;CWE-690;5259;SHIELD TV;Shield Experience prior to SE 9.0;Shield Experience Upgrade SE 9.0
CVE-2021-34406;4.7;MEDIUM;CVSS:3.1/AV:L/AC:H/PR:L/UI:N/S:U/C:N/I:N/A:H;CWE-476;5259;SHIELD TV;Shield Experience prior to SE 9.0;Shield Experience Upgrade SE 9.0
CVE-2022-21813;6.1;MEDIUM;CVSS:3.1/AV:L/AC:L/PR:L/UI:N/S:U/C:N/I:L/A:H;CWE-280;5312;Cloud Gaming Guest Driver;495.50(All versions prior to and including the November 2021 Cloud Gaming Release);510.47.03, 470.103.01, 470.103.01(vGPU 13.2), 450.172.01(vGPU 11.7), 418.240(vGPU 8.10), 510.47.03(January 2022 Cloud Gaming Release)
CVE-2022-21813;6.1;MEDIUM;CVSS:3.1/AV:L/AC:L/PR:L/UI:N/S:U/C:N/I:L/A:H;CWE-280;5312;GeForce;All drivers versions prior to 470.103.01;510.47.03, 470.103.01, 470.103.01(vGPU 13.2), 450.172.01(vGPU 11.7), 418.240(vGPU 8.10), 510.47.03(January 2022 Cloud Gaming Release)
CVE-2022-21813;6.1;MEDIUM;CVSS:3.1/AV:L/AC:L/PR:L/UI:N/S:U/C:N/I:L/A:H;CWE-280;5312;GeForce;All drivers versions prior to 510.47.03;510.47.03, 470.103.01, 470.103.01(vGPU 13.2), 450.172.01(vGPU 11.7), 418.240(vGPU 8.10), 510.47.03(January 2022 Cloud Gaming Release)
CVE-2022-21813;6.1;MEDIUM;CVSS:3.1/AV:L/AC:L/PR:L/UI:N/S:U/C:N/I:L/A:H;CWE-280;5312;NVIDIA RTX/ Quadro, NVS;All drivers versions prior to 470.103.01;510.47.03, 470.103.01, 470.103.01(vGPU 13.2), 450.172.01(vGPU 11.7), 418.240(vGPU 8.10), 510.47.03(January 2022 Cloud Gaming Release)
CVE-2022-21813;6.1;MEDIUM;CVSS:3.1/AV:L/AC:L/PR:L/UI:N/S:U/C:N/I:L/A:H;CWE-280;5312;NVIDIA RTX/ Quadro, NVS;All drivers versions prior to 510.47.03;510.47.03, 470.103.01, 470.103.01(vGPU 13.2), 450.172.01(vGPU 11.7), 418.240(vGPU 8.10), 510.47.03(January 2022 Cloud Gaming Release)
CVE-2022-21813;6.1;MEDIUM;CVSS:3.1/AV:L/AC:L/PR:L/UI:N/S:U/C:N/I:L/A:H;CWE-280;5312;Tesla;All drivers versions prior to 470.103.01;510.47.03, 470.103.01, 470.103.01(vGPU 13.2), 450.172.01(vGPU 11.7), 418.240(vGPU 8.10), 510.47.03(January 2022 Cloud Gaming Release)
CVE-2022-21813;6.1;MEDIUM;CVSS:3.1/AV:L/AC:L/PR:L/UI:N/S:U/C:N/I:L/A:H;CWE-280;5312;Tesla;All drivers versions prior to 510.47.03;510.47.03, 470.103.01, 470.103.01(vGPU 13.2), 450.172.01(vGPU 11.7), 418.240(vGPU 8.10), 510.47.03(January 2022 Cloud Gaming Release)
CVE-2022-21813;6.1;MEDIUM;CVSS:3.1/AV:L/AC:L/PR:L/UI:N/S:U/C:N/I:L/A:H;CWE-280;5312;vGPU software (guest driver);418.226.00(All versions prior to and including vGPU 8.9);510.47.03, 470.103.01, 470.103.01(vGPU 13.2), 450.172.01(vGPU 11.7), 418.240(vGPU 8.10), 510.47.03(January 2022 Cloud Gaming Release)
CVE-2022-21813;6.1;MEDIUM;CVSS:3.1/AV:L/AC:L/PR:L/UI:N/S:U/C:N/I:L/A:H;CWE-280;5312;vGPU software (guest driver);450.156.00(All versions prior to and including vGPU 11.6);510.47.03, 470.103.01, 470.103.01(vGPU 13.2), 450.172.01(vGPU 11.7), 418.240(vGPU 8.10), 510.47.03(January 2022 Cloud Gaming Release)
CVE-2022-21813;6.1;MEDIUM;CVSS:3.1/AV:L/AC:L/PR:L/UI:N/S:U/C:N/I:L/A:H;CWE-280;5312;vGPU software (guest driver);470.82.00(All versions prior to and including vGPU 13.1);510.47.03, 470.103.01, 470.103.01(vGPU 13.2), 450.172.01(vGPU 11.7), 418.240(vGPU 8.10), 510.47.03(January 2022 Cloud Gaming Release)
CVE-2022-21814;6.1;MEDIUM;CVSS:3.1/AV:L/AC:L/PR:L/UI:N/S:U/C:N/I:L/A:H;CWE-280;5312;GeForce;All drivers versions prior to 470.103.01;510.47.03, 470.103.01
CVE-2022-21814;6.1;MEDIUM;CVSS:3.1/AV:L/AC:L/PR:L/UI:N/S:U/C:N/I:L/A:H;CWE-280;5312;GeForce;All drivers versions prior to 510.47.03;510.47.03, 470.103.01
CVE-2022-21814;6.1;MEDIUM;CVSS:3.1/AV:L/AC:L/PR:L/UI:N/S:U/C:N/I:L/A:H;CWE-280;5312;NVIDIA RTX/ Quadro, NVS;All drivers versions prior to 470.103.01;510.47.03, 470.103.01
CVE-2022-21814;6.1;MEDIUM;CVSS:3.1/AV:L/AC:L/PR:L/UI:N/S:U/C:N/I:L/A:H;CWE-280;5312;NVIDIA RTX/ Quadro, NVS;All drivers versions prior to 510.47.03;510.47.03, 470.103.01
CVE-2022-21814;6.1;MEDIUM;CVSS:3.1/AV:L/AC:L/PR:L/UI:N/S:U/C:N/I:L/A:H;CWE-280;5312;Tesla;All drivers versions prior to 470.103.01;510.47.03, 470.103.01
CVE-2022-21814;6.1;MEDIUM;CVSS:3.1/AV:L/AC:L/PR:L/UI:N/S:U/C:N/I:L/A:H;CWE-280;5312;Tesla;All drivers versions prior to 510.47.03;510.47.03, 470.103.01
CVE-2022-21815;5.5;MEDIUM;CVSS:3.1/AV:L/AC:L/PR:L/UI:N/S:U/C:N/I:N/A:H;CWE-476;5312;Cloud Gaming Guest Driver;497.09(All versions prior to and including the November 2021 Cloud Gaming Release);472.98(vGPU 13.2), 453.37(vGPU 11.7), 427.71(vGPU 8.10), 511.65, 472.98, 473.04, 453.37, 511.65(January 2022 Cloud Gaming Release)
CVE-2022-21815;5.5;MEDIUM;CVSS:3.1/AV:L/AC:L/PR:L/UI:N/S:U/C:N/I:N/A:H;CWE-476;5312;GeForce;All drivers versions prior to 472.98 for support of GeForce Kepler desktop;472.98(vGPU 13.2), 453.37(vGPU 11.7), 427.71(vGPU 8.10), 511.65, 472.98, 473.04, 453.37, 511.65(January 2022 Cloud Gaming Release)
CVE-2022-21815;5.5;MEDIUM;CVSS:3.1/AV:L/AC:L/PR:L/UI:N/S:U/C:N/I:N/A:H;CWE-476;5312;GeForce;All drivers versions prior to 473.04;472.98(vGPU 13.2), 453.37(vGPU 11.7), 427.71(vGPU 8.10), 511.65, 472.98, 473.04, 453.37, 511.65(January 2022 Cloud Gaming Release)
CVE-2022-21815;5.5;MEDIUM;CVSS:3.1/AV:L/AC:L/PR:L/UI:N/S:U/C:N/I:N/A:H;CWE-476;5312;GeForce;All versions prior to 511.65;472.98(vGPU 13.2), 453.37(vGPU 11.7), 427.71(vGPU 8.10), 511.65, 472.98, 473.04, 453.37, 511.65(January 2022 Cloud Gaming Release)
CVE-2022-21815;5.5;MEDIUM;CVSS:3.1/AV:L/AC:L/PR:L/UI:N/S:U/C:N/I:N/A:H;CWE-476;5312;NVIDIA RTX/Quadro, NVS;All driver versions prior to 511.65;472.98(vGPU 13.2), 453.37(vGPU 11.7), 427.71(vGPU 8.10), 511.65, 472.98, 473.04, 453.37, 511.65(January 2022 Cloud Gaming Release)
CVE-2022-21815;5.5;MEDIUM;CVSS:3.1/AV:L/AC:L/PR:L/UI:N/S:U/C:N/I:N/A:H;CWE-476;5312;NVIDIA RTX/Quadro, NVS;All drivers versions prior to 472.98;472.98(vGPU 13.2), 453.37(vGPU 11.7), 427.71(vGPU 8.10), 511.65, 472.98, 473.04, 453.37, 511.65(January 2022 Cloud Gaming Release)
CVE-2022-21815;5.5;MEDIUM;CVSS:3.1/AV:L/AC:L/PR:L/UI:N/S:U/C:N/I:N/A:H;CWE-476;5312;Studio;All driver versions prior to 511.65;472.98(vGPU 13.2), 453.37(vGPU 11.7), 427.71(vGPU 8.10), 511.65, 472.98, 473.04, 453.37, 511.65(January 2022 Cloud Gaming Release)
CVE-2022-21815;5.5;MEDIUM;CVSS:3.1/AV:L/AC:L/PR:L/UI:N/S:U/C:N/I:N/A:H;CWE-476;5312;Tesla;All driver versions prior to 511.65;472.98(vGPU 13.2), 453.37(vGPU 11.7), 427.71(vGPU 8.10), 511.65, 472.98, 473.04, 453.37, 511.65(January 2022 Cloud Gaming Release)
CVE-2022-21815;5.5;MEDIUM;CVSS:3.1/AV:L/AC:L/PR:L/UI:N/S:U/C:N/I:N/A:H;CWE-476;5312;Tesla;All drivers versions prior to 453.37;472.98(vGPU 13.2), 453.37(vGPU 11.7), 427.71(vGPU 8.10), 511.65, 472.98, 473.04, 453.37, 511.65(January 2022 Cloud Gaming Release)
CVE-2022-21815;5.5;MEDIUM;CVSS:3.1/AV:L/AC:L/PR:L/UI:N/S:U/C:N/I:N/A:H;CWE-476;5312;Tesla;All drivers versions prior to 472.98;472.98(vGPU 13.2), 453.37(vGPU 11.7), 427.71(vGPU 8.10), 511.65, 472.98, 473.04, 453.37, 511.65(January 2022 Cloud Gaming Release)
CVE-2022-21815;5.5;MEDIUM;CVSS:3.1/AV:L/AC:L/PR:L/UI:N/S:U/C:N/I:N/A:H;CWE-476;5312;vGPU software (guest driver);427.60(All versions prior to and including vGPU 8.9);472.98(vGPU 13.2), 453.37(vGPU 11.7), 427.71(vGPU 8.10), 511.65, 472.98, 473.04, 453.37, 511.65(January 2022 Cloud Gaming Release)
CVE-2022-21815;5.5;MEDIUM;CVSS:3.1/AV:L/AC:L/PR:L/UI:N/S:U/C:N/I:N/A:H;CWE-476;5312;vGPU software (guest driver);453.23(All versions prior to and including vGPU 11.6);472.98(vGPU 13.2), 453.37(vGPU 11.7), 427.71(vGPU 8.10), 511.65, 472.98, 473.04, 453.37, 511.65(January 2022 Cloud Gaming Release)
CVE-2022-21815;5.5;MEDIUM;CVSS:3.1/AV:L/AC:L/PR:L/UI:N/S:U/C:N/I:N/A:H;CWE-476;5312;vGPU software (guest driver);472.39(All versions prior to and including vGPU 13.1);472.98(vGPU 13.2), 453.37(vGPU 11.7), 427.71(vGPU 8.10), 511.65, 472.98, 473.04, 453.37, 511.65(January 2022 Cloud Gaming Release)
CVE-2022-21816;5.5;MEDIUM;CVSS:3.1/AV:L/AC:L/PR:L/UI:N/S:U/C:N/I:N/A:H;CWE-284;5312;Cloud Gaming Virtual GPU Manager;495.50(All versions prior to and including the November 2021 Cloud Gaming Release);470.103.02(vGPU 13.2), 450.172(vGPU 11.7), 418.240(vGPU 8.10), 510.47.03(January 2022 Cloud Gaming Release)
CVE-2022-21816;5.5;MEDIUM;CVSS:3.1/AV:L/AC:L/PR:L/UI:N/S:U/C:N/I:N/A:H;CWE-284;5312;vGPU software (Virtual GPU Manager);418.226.00(All versions prior to and including vGPU 8.9);470.103.02(vGPU 13.2), 450.172(vGPU 11.7), 418.240(vGPU 8.10), 510.47.03(January 2022 Cloud Gaming Release)
CVE-2022-21816;5.5;MEDIUM;CVSS:3.1/AV:L/AC:L/PR:L/UI:N/S:U/C:N/I:N/A:H;CWE-284;5312;vGPU software (Virtual GPU Manager);450.156(All versions prior to and including vGPU 11.6);470.103.02(vGPU 13.2), 450.172(vGPU 11.7), 418.240(vGPU 8.10), 510.47.03(January 2022 Cloud Gaming Release)
CVE-2022-21816;5.5;MEDIUM;CVSS:3.1/AV:L/AC:L/PR:L/UI:N/S:U/C:N/I:N/A:H;CWE-284;5312;vGPU software (Virtual GPU Manager);470.82(All versions prior to and including vGPU 13.1);470.103.02(vGPU 13.2), 450.172(vGPU 11.7), 418.240(vGPU 8.10), 510.47.03(January 2022 Cloud Gaming Release)
CVE-2022-21817;9.3;CRITICAL;CVSS:3.1/AV:N/AC:L/PR:N/UI:R/S:C/C:H/I:H/A:N;CWE-942;5318;NVIDIA Omniverse Launcher;All versions prior to 1.5.2;1.5.2
CVE-2022-21818;5.4;MEDIUM;CVSS:3.1/AV:N/AC:L/PR:L/UI:N/S:U/C:L/I:L/A:N;CWE-312;5319;NVIDIA License System DLS virtual appliance;All versions prior to 1.1;1.1
CVE-2022-21819;7.6;HIGH;CVSS:3.1/AV:P/AC:L/PR:N/UI:N/S:C/C:H/I:H/A:H;CWE-732;5321;Jetson Nano, Jetson Nano 2GB;All 32.x versions prior to 32.7.1;32.7.1
CVE-2022-21820;6.3;MEDIUM;CVSS:3.1/AV:N/AC:L/PR:L/UI:N/S:U/C:L/I:L/A:L;CWE-20;5328;DCGM;All versions prior to 2.3.4;2.3.4 and 2.3.5 (latest)
CVE-2022-21821;7.8;HIGH;CVSS:3.1/AV:L/AC:L/PR:N/UI:R/S:U/C:H/I:H/A:H;CWE-190;5334;CUDA Toolkit;All versions prior to CUDA Toolkit 11.6 Update 2;11.6 Update 2
CVE-2022-28181;8.5;HIGH;CVSS:3.1/AV:N/AC:H/PR:L/UI:N/S:C/C:H/I:H/A:H;CWE-787;5353;Cloud Gaming Guest Driver;510.68.02(All versions prior to and including the April 2022 Cloud Gaming Release);512.77, 512.96, 512.78, 473.47, 453.51, 510.73.05, 470.129.06, 510.73.08, 450.191.01, 390.151, 512.78(vGPU 14.1), 473.47(vGPU 13.3), 453.51(vGPU 11.8), 510.73.08(vGPU 14.1), 470.129.06(vGPU 13.3), 450.191.01(vGPU 11.8), 512.78(May 2022 Cloud Gaming Release), 510.73.05(May 2022 Cloud Gaming Release)
CVE-2022-28181;8.5;HIGH;CVSS:3.1/AV:N/AC:H/PR:L/UI:N/S:C/C:H/I:H/A:H;CWE-787;5353;Cloud Gaming Guest Driver;512.59(	All versions prior to and including the April 2022 Cloud Gaming Release);512.77, 512.96, 512.78, 473.47, 453.51, 510.73.05, 470.129.06, 510.73.08, 450.191.01, 390.151, 512.78(vGPU 14.1), 473.47(vGPU 13.3), 453.51(vGPU 11.8), 510.73.08(vGPU 14.1), 470.129.06(vGPU 13.3), 450.191.01(vGPU 11.8), 512.78(May 2022 Cloud Gaming Release), 510.73.05(May 2022 Cloud Gaming Release)
CVE-2022-28181;8.5;HIGH;CVSS:3.1/AV:N/AC:H/PR:L/UI:N/S:C/C:H/I:H/A:H;CWE-787;5353;GeForce;All versions prior to 512.77;512.77, 512.96, 512.78, 473.47, 453.51, 510.73.05, 470.129.06, 510.73.08, 450.191.01, 390.151, 512.78(vGPU 14.1), 473.47(vGPU 13.3), 453.51(vGPU 11.8), 510.73.08(vGPU 14.1), 470.129.06(vGPU 13.3), 450.191.01(vGPU 11.8), 512.78(May 2022 Cloud Gaming Release), 510.73.05(May 2022 Cloud Gaming Release)
CVE-2022-28181;8.5;HIGH;CVSS:3.1/AV:N/AC:H/PR:L/UI:N/S:C/C:H/I:H/A:H;CWE-787;5353;GeForce, NVIDIA RTX/Quadro, NVS;All versions prior to 390.151;512.77, 512.96, 512.78, 473.47, 453.51, 510.73.05, 470.129.06, 510.73.08, 450.191.01, 390.151, 512.78(vGPU 14.1), 473.47(vGPU 13.3), 453.51(vGPU 11.8), 510.73.08(vGPU 14.1), 470.129.06(vGPU 13.3), 450.191.01(vGPU 11.8), 512.78(May 2022 Cloud Gaming Release), 510.73.05(May 2022 Cloud Gaming Release)
CVE-2022-28181;8.5;HIGH;CVSS:3.1/AV:N/AC:H/PR:L/UI:N/S:C/C:H/I:H/A:H;CWE-787;5353;GeForce, NVIDIA RTX/Quadro, NVS;All versions prior to 470.129.06;512.77, 512.96, 512.78, 473.47, 453.51, 510.73.05, 470.129.06, 510.73.08, 450.191.01, 390.151, 512.78(vGPU 14.1), 473.47(vGPU 13.3), 453.51(vGPU 11.8), 510.73.08(vGPU 14.1), 470.129.06(vGPU 13.3), 450.191.01(vGPU 11.8), 512.78(May 2022 Cloud Gaming Release), 510.73.05(May 2022 Cloud Gaming Release)
CVE-2022-28181;8.5;HIGH;CVSS:3.1/AV:N/AC:H/PR:L/UI:N/S:C/C:H/I:H/A:H;CWE-787;5353;GeForce, NVIDIA RTX/Quadro, NVS;All versions prior to 510.73.05;512.77, 512.96, 512.78, 473.47, 453.51, 510.73.05, 470.129.06, 510.73.08, 450.191.01, 390.151, 512.78(vGPU 14.1), 473.47(vGPU 13.3), 453.51(vGPU 11.8), 510.73.08(vGPU 14.1), 470.129.06(vGPU 13.3), 450.191.01(vGPU 11.8), 512.78(May 2022 Cloud Gaming Release), 510.73.05(May 2022 Cloud Gaming Release)
CVE-2022-28181;8.5;HIGH;CVSS:3.1/AV:N/AC:H/PR:L/UI:N/S:C/C:H/I:H/A:H;CWE-787;5353;NVIDIA RTX/Quadro, NVS;All versions prior to 473.47;512.77, 512.96, 512.78, 473.47, 453.51, 510.73.05, 470.129.06, 510.73.08, 450.191.01, 390.151, 512.78(vGPU 14.1), 473.47(vGPU 13.3), 453.51(vGPU 11.8), 510.73.08(vGPU 14.1), 470.129.06(vGPU 13.3), 450.191.01(vGPU 11.8), 512.78(May 2022 Cloud Gaming Release), 510.73.05(May 2022 Cloud Gaming Release)
CVE-2022-28181;8.5;HIGH;CVSS:3.1/AV:N/AC:H/PR:L/UI:N/S:C/C:H/I:H/A:H;CWE-787;5353;NVIDIA RTX/Quadro, NVS;All versions prior to 512.78;512.77, 512.96, 512.78, 473.47, 453.51, 510.73.05, 470.129.06, 510.73.08, 450.191.01, 390.151, 512.78(vGPU 14.1), 473.47(vGPU 13.3), 453.51(vGPU 11.8), 510.73.08(vGPU 14.1), 470.129.06(vGPU 13.3), 450.191.01(vGPU 11.8), 512.78(May 2022 Cloud Gaming Release), 510.73.05(May 2022 Cloud Gaming Release)
CVE-2022-28181;8.5;HIGH;CVSS:3.1/AV:N/AC:H/PR:L/UI:N/S:C/C:H/I:H/A:H;CWE-787;5353;Studio;All versions prior to 512.96;512.77, 512.96, 512.78, 473.47, 453.51, 510.73.05, 470.129.06, 510.73.08, 450.191.01, 390.151, 512.78(vGPU 14.1), 473.47(vGPU 13.3), 453.51(vGPU 11.8), 510.73.08(vGPU 14.1), 470.129.06(vGPU 13.3), 450.191.01(vGPU 11.8), 512.78(May 2022 Cloud Gaming Release), 510.73.05(May 2022 Cloud Gaming Release)
CVE-2022-28181;8.5;HIGH;CVSS:3.1/AV:N/AC:H/PR:L/UI:N/S:C/C:H/I:H/A:H;CWE-787;5353;Tesla;All versions prior to 450.191.01;512.77, 512.96, 512.78, 473.47, 453.51, 510.73.05, 470.129.06, 510.73.08, 450.191.01, 390.151, 512.78(vGPU 14.1), 473.47(vGPU 13.3), 453.51(vGPU 11.8), 510.73.08(vGPU 14.1), 470.129.06(vGPU 13.3), 450.191.01(vGPU 11.8), 512.78(May 2022 Cloud Gaming Release), 510.73.05(May 2022 Cloud Gaming Release)
CVE-2022-28181;8.5;HIGH;CVSS:3.1/AV:N/AC:H/PR:L/UI:N/S:C/C:H/I:H/A:H;CWE-787;5353;Tesla;All versions prior to 453.51;512.77, 512.96, 512.78, 473.47, 453.51, 510.73.05, 470.129.06, 510.73.08, 450.191.01, 390.151, 512.78(vGPU 14.1), 473.47(vGPU 13.3), 453.51(vGPU 11.8), 510.73.08(vGPU 14.1), 470.129.06(vGPU 13.3), 450.191.01(vGPU 11.8), 512.78(May 2022 Cloud Gaming Release), 510.73.05(May 2022 Cloud Gaming Release)
CVE-2022-28181;8.5;HIGH;CVSS:3.1/AV:N/AC:H/PR:L/UI:N/S:C/C:H/I:H/A:H;CWE-787;5353;Tesla;All versions prior to 470.129.06;512.77, 512.96, 512.78, 473.47, 453.51, 510.73.05, 470.129.06, 510.73.08, 450.191.01, 390.151, 512.78(vGPU 14.1), 473.47(vGPU 13.3), 453.51(vGPU 11.8), 510.73.08(vGPU 14.1), 470.129.06(vGPU 13.3), 450.191.01(vGPU 11.8), 512.78(May 2022 Cloud Gaming Release), 510.73.05(May 2022 Cloud Gaming Release)
CVE-2022-28181;8.5;HIGH;CVSS:3.1/AV:N/AC:H/PR:L/UI:N/S:C/C:H/I:H/A:H;CWE-787;5353;Tesla;All versions prior to 473.47;512.77, 512.96, 512.78, 473.47, 453.51, 510.73.05, 470.129.06, 510.73.08, 450.191.01, 390.151, 512.78(vGPU 14.1), 473.47(vGPU 13.3), 453.51(vGPU 11.8), 510.73.08(vGPU 14.1), 470.129.06(vGPU 13.3), 450.191.01(vGPU 11.8), 512.78(May 2022 Cloud Gaming Release), 510.73.05(May 2022 Cloud Gaming Release)
CVE-2022-28181;8.5;HIGH;CVSS:3.1/AV:N/AC:H/PR:L/UI:N/S:C/C:H/I:H/A:H;CWE-787;5353;Tesla;All versions prior to 510.73.08;512.77, 512.96, 512.78, 473.47, 453.51, 510.73.05, 470.129.06, 510.73.08, 450.191.01, 390.151, 512.78(vGPU 14.1), 473.47(vGPU 13.3), 453.51(vGPU 11.8), 510.73.08(vGPU 14.1), 470.129.06(vGPU 13.3), 450.191.01(vGPU 11.8), 512.78(May 2022 Cloud Gaming Release), 510.73.05(May 2022 Cloud Gaming Release)
CVE-2022-28181;8.5;HIGH;CVSS:3.1/AV:N/AC:H/PR:L/UI:N/S:C/C:H/I:H/A:H;CWE-787;5353;Tesla;All versions prior to 512.78;512.77, 512.96, 512.78, 473.47, 453.51, 510.73.05, 470.129.06, 510.73.08, 450.191.01, 390.151, 512.78(vGPU 14.1), 473.47(vGPU 13.3), 453.51(vGPU 11.8), 510.73.08(vGPU 14.1), 470.129.06(vGPU 13.3), 450.191.01(vGPU 11.8), 512.78(May 2022 Cloud Gaming Release), 510.73.05(May 2022 Cloud Gaming Release)
CVE-2022-28181;8.5;HIGH;CVSS:3.1/AV:N/AC:H/PR:L/UI:N/S:C/C:H/I:H/A:H;CWE-787;5353;vGPU software (guest driver);450.172.01(All versions prior to and including vGPU 11.7);512.77, 512.96, 512.78, 473.47, 453.51, 510.73.05, 470.129.06, 510.73.08, 450.191.01, 390.151, 512.78(vGPU 14.1), 473.47(vGPU 13.3), 453.51(vGPU 11.8), 510.73.08(vGPU 14.1), 470.129.06(vGPU 13.3), 450.191.01(vGPU 11.8), 512.78(May 2022 Cloud Gaming Release), 510.73.05(May 2022 Cloud Gaming Release)
CVE-2022-28181;8.5;HIGH;CVSS:3.1/AV:N/AC:H/PR:L/UI:N/S:C/C:H/I:H/A:H;CWE-787;5353;vGPU software (guest driver);453.37(All versions prior to and including vGPU 11.7);512.77, 512.96, 512.78, 473.47, 453.51, 510.73.05, 470.129.06, 510.73.08, 450.191.01, 390.151, 512.78(vGPU 14.1), 473.47(vGPU 13.3), 453.51(vGPU 11.8), 510.73.08(vGPU 14.1), 470.129.06(vGPU 13.3), 450.191.01(vGPU 11.8), 512.78(May 2022 Cloud Gaming Release), 510.73.05(May 2022 Cloud Gaming Release)
CVE-2022-28181;8.5;HIGH;CVSS:3.1/AV:N/AC:H/PR:L/UI:N/S:C/C:H/I:H/A:H;CWE-787;5353;vGPU software (guest driver);470.103.01(All versions prior to and including vGPU 13.2);512.77, 512.96, 512.78, 473.47, 453.51, 510.73.05, 470.129.06, 510.73.08, 450.191.01, 390.151, 512.78(vGPU 14.1), 473.47(vGPU 13.3), 453.51(vGPU 11.8), 510.73.08(vGPU 14.1), 470.129.06(vGPU 13.3), 450.191.01(vGPU 11.8), 512.78(May 2022 Cloud Gaming Release), 510.73.05(May 2022 Cloud Gaming Release)
CVE-2022-28181;8.5;HIGH;CVSS:3.1/AV:N/AC:H/PR:L/UI:N/S:C/C:H/I:H/A:H;CWE-787;5353;vGPU software (guest driver);472.98(All versions prior to and including vGPU 13.2);512.77, 512.96, 512.78, 473.47, 453.51, 510.73.05, 470.129.06, 510.73.08, 450.191.01, 390.151, 512.78(vGPU 14.1), 473.47(vGPU 13.3), 453.51(vGPU 11.8), 510.73.08(vGPU 14.1), 470.129.06(vGPU 13.3), 450.191.01(vGPU 11.8), 512.78(May 2022 Cloud Gaming Release), 510.73.05(May 2022 Cloud Gaming Release)
CVE-2022-28181;8.5;HIGH;CVSS:3.1/AV:N/AC:H/PR:L/UI:N/S:C/C:H/I:H/A:H;CWE-787;5353;vGPU software (guest driver);510.47.03(All versions prior to and including vGPU 14.0);512.77, 512.96, 512.78, 473.47, 453.51, 510.73.05, 470.129.06, 510.73.08, 450.191.01, 390.151, 512.78(vGPU 14.1), 473.47(vGPU 13.3), 453.51(vGPU 11.8), 510.73.08(vGPU 14.1), 470.129.06(vGPU 13.3), 450.191.01(vGPU 11.8), 512.78(May 2022 Cloud Gaming Release), 510.73.05(May 2022 Cloud Gaming Release)
CVE-2022-28181;8.5;HIGH;CVSS:3.1/AV:N/AC:H/PR:L/UI:N/S:C/C:H/I:H/A:H;CWE-787;5353;vGPU software (guest driver);511.65(All versions prior to and including vGPU 14.0);512.77, 512.96, 512.78, 473.47, 453.51, 510.73.05, 470.129.06, 510.73.08, 450.191.01, 390.151, 512.78(vGPU 14.1), 473.47(vGPU 13.3), 453.51(vGPU 11.8), 510.73.08(vGPU 14.1), 470.129.06(vGPU 13.3), 450.191.01(vGPU 11.8), 512.78(May 2022 Cloud Gaming Release), 510.73.05(May 2022 Cloud Gaming Release)
CVE-2022-28182;8.5;HIGH;CVSS:3.1/AV:N/AC:H/PR:L/UI:N/S:C/C:H/I:H/A:H;CWE-787;5353;Cloud Gaming Guest Driver;512.59(	All versions prior to and including the April 2022 Cloud Gaming Release);512.77, 512.96, 512.78, 473.47, 453.51, 512.78(vGPU 14.1), 473.47(vGPU 13.3), 453.51(vGPU 11.8), 512.78(May 2022 Cloud Gaming Release)
CVE-2022-28182;8.5;HIGH;CVSS:3.1/AV:N/AC:H/PR:L/UI:N/S:C/C:H/I:H/A:H;CWE-787;5353;GeForce;All versions prior to 512.77;512.77, 512.96, 512.78, 473.47, 453.51, 512.78(vGPU 14.1), 473.47(vGPU 13.3), 453.51(vGPU 11.8), 512.78(May 2022 Cloud Gaming Release)
CVE-2022-28182;8.5;HIGH;CVSS:3.1/AV:N/AC:H/PR:L/UI:N/S:C/C:H/I:H/A:H;CWE-787;5353;NVIDIA RTX/Quadro, NVS;All versions prior to 473.47;512.77, 512.96, 512.78, 473.47, 453.51, 512.78(vGPU 14.1), 473.47(vGPU 13.3), 453.51(vGPU 11.8), 512.78(May 2022 Cloud Gaming Release)
CVE-2022-28182;8.5;HIGH;CVSS:3.1/AV:N/AC:H/PR:L/UI:N/S:C/C:H/I:H/A:H;CWE-787;5353;NVIDIA RTX/Quadro, NVS;All versions prior to 512.78;512.77, 512.96, 512.78, 473.47, 453.51, 512.78(vGPU 14.1), 473.47(vGPU 13.3), 453.51(vGPU 11.8), 512.78(May 2022 Cloud Gaming Release)
CVE-2022-28182;8.5;HIGH;CVSS:3.1/AV:N/AC:H/PR:L/UI:N/S:C/C:H/I:H/A:H;CWE-787;5353;Studio;All versions prior to 512.96;512.77, 512.96, 512.78, 473.47, 453.51, 512.78(vGPU 14.1), 473.47(vGPU 13.3), 453.51(vGPU 11.8), 512.78(May 2022 Cloud Gaming Release)
CVE-2022-28182;8.5;HIGH;CVSS:3.1/AV:N/AC:H/PR:L/UI:N/S:C/C:H/I:H/A:H;CWE-787;5353;Tesla;All versions prior to 453.51;512.77, 512.96, 512.78, 473.47, 453.51, 512.78(vGPU 14.1), 473.47(vGPU 13.3), 453.51(vGPU 11.8), 512.78(May 2022 Cloud Gaming Release)
CVE-2022-28182;8.5;HIGH;CVSS:3.1/AV:N/AC:H/PR:L/UI:N/S:C/C:H/I:H/A:H;CWE-787;5353;Tesla;All versions prior to 473.47;512.77, 512.96, 512.78, 473.47, 453.51, 512.78(vGPU 14.1), 473.47(vGPU 13.3), 453.51(vGPU 11.8), 512.78(May 2022 Cloud Gaming Release)
CVE-2022-28182;8.5;HIGH;CVSS:3.1/AV:N/AC:H/PR:L/UI:N/S:C/C:H/I:H/A:H;CWE-787;5353;Tesla;All versions prior to 512.78;512.77, 512.96, 512.78, 473.47, 453.51, 512.78(vGPU 14.1), 473.47(vGPU 13.3), 453.51(vGPU 11.8), 512.78(May 2022 Cloud Gaming Release)
CVE-2022-28182;8.5;HIGH;CVSS:3.1/AV:N/AC:H/PR:L/UI:N/S:C/C:H/I:H/A:H;CWE-787;5353;vGPU software (guest driver);453.37(All versions prior to and including vGPU 11.7);512.77, 512.96, 512.78, 473.47, 453.51, 512.78(vGPU 14.1), 473.47(vGPU 13.3), 453.51(vGPU 11.8), 512.78(May 2022 Cloud Gaming Release)
CVE-2022-28182;8.5;HIGH;CVSS:3.1/AV:N/AC:H/PR:L/UI:N/S:C/C:H/I:H/A:H;CWE-787;5353;vGPU software (guest driver);472.98(All versions prior to and including vGPU 13.2);512.77, 512.96, 512.78, 473.47, 453.51, 512.78(vGPU 14.1), 473.47(vGPU 13.3), 453.51(vGPU 11.8), 512.78(May 2022 Cloud Gaming Release)
CVE-2022-28182;8.5;HIGH;CVSS:3.1/AV:N/AC:H/PR:L/UI:N/S:C/C:H/I:H/A:H;CWE-787;5353;vGPU software (guest driver);511.65(All versions prior to and including vGPU 14.0);512.77, 512.96, 512.78, 473.47, 453.51, 512.78(vGPU 14.1), 473.47(vGPU 13.3), 453.51(vGPU 11.8), 512.78(May 2022 Cloud Gaming Release)
CVE-2022-28183;7.7;HIGH;CVSS:3.1/AV:L/AC:L/PR:N/UI:N/S:U/C:H/I:N/A:H;CWE-125;5353;Cloud Gaming Guest Driver;510.68.02(All versions prior to and including the April 2022 Cloud Gaming Release);512.77, 512.96, 512.78, 473.47, 510.73.05, 470.129.06, 510.73.08, 512.78(vGPU 14.1), 473.47(vGPU 13.3), 453.51(vGPU 11.8), 510.73.08(vGPU 14.1), 470.129.06(vGPU 13.3), 450.191.01(vGPU 11.8), 512.78(May 2022 Cloud Gaming Release), 510.73.05(May 2022 Cloud Gaming Release), 510.73.06(vGPU 14.1), 470.129.04(vGPU 13.3), 450.191(vGPU 11.8), 510.73.06(May 2022 Cloud Gaming Release)
CVE-2022-28183;7.7;HIGH;CVSS:3.1/AV:L/AC:L/PR:N/UI:N/S:U/C:H/I:N/A:H;CWE-125;5353;Cloud Gaming Guest Driver;512.59(	All versions prior to and including the April 2022 Cloud Gaming Release);512.77, 512.96, 512.78, 473.47, 510.73.05, 470.129.06, 510.73.08, 512.78(vGPU 14.1), 473.47(vGPU 13.3), 453.51(vGPU 11.8), 510.73.08(vGPU 14.1), 470.129.06(vGPU 13.3), 450.191.01(vGPU 11.8), 512.78(May 2022 Cloud Gaming Release), 510.73.05(May 2022 Cloud Gaming Release), 510.73.06(vGPU 14.1), 470.129.04(vGPU 13.3), 450.191(vGPU 11.8), 510.73.06(May 2022 Cloud Gaming Release)
CVE-2022-28183;7.7;HIGH;CVSS:3.1/AV:L/AC:L/PR:N/UI:N/S:U/C:H/I:N/A:H;CWE-125;5353;Cloud Gaming Virtual GPU Manager;510.68.02(All versions prior to and including the April 2022 Cloud Gaming Release);512.77, 512.96, 512.78, 473.47, 510.73.05, 470.129.06, 510.73.08, 512.78(vGPU 14.1), 473.47(vGPU 13.3), 453.51(vGPU 11.8), 510.73.08(vGPU 14.1), 470.129.06(vGPU 13.3), 450.191.01(vGPU 11.8), 512.78(May 2022 Cloud Gaming Release), 510.73.05(May 2022 Cloud Gaming Release), 510.73.06(vGPU 14.1), 470.129.04(vGPU 13.3), 450.191(vGPU 11.8), 510.73.06(May 2022 Cloud Gaming Release)
CVE-2022-28183;7.7;HIGH;CVSS:3.1/AV:L/AC:L/PR:N/UI:N/S:U/C:H/I:N/A:H;CWE-125;5353;GeForce;All versions prior to 512.77;512.77, 512.96, 512.78, 473.47, 510.73.05, 470.129.06, 510.73.08, 512.78(vGPU 14.1), 473.47(vGPU 13.3), 453.51(vGPU 11.8), 510.73.08(vGPU 14.1), 470.129.06(vGPU 13.3), 450.191.01(vGPU 11.8), 512.78(May 2022 Cloud Gaming Release), 510.73.05(May 2022 Cloud Gaming Release), 510.73.06(vGPU 14.1), 470.129.04(vGPU 13.3), 450.191(vGPU 11.8), 510.73.06(May 2022 Cloud Gaming Release)
CVE-2022-28183;7.7;HIGH;CVSS:3.1/AV:L/AC:L/PR:N/UI:N/S:U/C:H/I:N/A:H;CWE-125;5353;GeForce, NVIDIA RTX/Quadro, NVS;All versions prior to 470.129.06;512.77, 512.96, 512.78, 473.47, 510.73.05, 470.129.06, 510.73.08, 512.78(vGPU 14.1), 473.47(vGPU 13.3), 453.51(vGPU 11.8), 510.73.08(vGPU 14.1), 470.129.06(vGPU 13.3), 450.191.01(vGPU 11.8), 512.78(May 2022 Cloud Gaming Release), 510.73.05(May 2022 Cloud Gaming Release), 510.73.06(vGPU 14.1), 470.129.04(vGPU 13.3), 450.191(vGPU 11.8), 510.73.06(May 2022 Cloud Gaming Release)
CVE-2022-28183;7.7;HIGH;CVSS:3.1/AV:L/AC:L/PR:N/UI:N/S:U/C:H/I:N/A:H;CWE-125;5353;GeForce, NVIDIA RTX/Quadro, NVS;All versions prior to 510.73.05;512.77, 512.96, 512.78, 473.47, 510.73.05, 470.129.06, 510.73.08, 512.78(vGPU 14.1), 473.47(vGPU 13.3), 453.51(vGPU 11.8), 510.73.08(vGPU 14.1), 470.129.06(vGPU 13.3), 450.191.01(vGPU 11.8), 512.78(May 2022 Cloud Gaming Release), 510.73.05(May 2022 Cloud Gaming Release), 510.73.06(vGPU 14.1), 470.129.04(vGPU 13.3), 450.191(vGPU 11.8), 510.73.06(May 2022 Cloud Gaming Release)
CVE-2022-28183;7.7;HIGH;CVSS:3.1/AV:L/AC:L/PR:N/UI:N/S:U/C:H/I:N/A:H;CWE-125;5353;NVIDIA RTX/Quadro, NVS;All versions prior to 473.47;512.77, 512.96, 512.78, 473.47, 510.73.05, 470.129.06, 510.73.08, 512.78(vGPU 14.1), 473.47(vGPU 13.3), 453.51(vGPU 11.8), 510.73.08(vGPU 14.1), 470.129.06(vGPU 13.3), 450.191.01(vGPU 11.8), 512.78(May 2022 Cloud Gaming Release), 510.73.05(May 2022 Cloud Gaming Release), 510.73.06(vGPU 14.1), 470.129.04(vGPU 13.3), 450.191(vGPU 11.8), 510.73.06(May 2022 Cloud Gaming Release)
CVE-2022-28183;7.7;HIGH;CVSS:3.1/AV:L/AC:L/PR:N/UI:N/S:U/C:H/I:N/A:H;CWE-125;5353;NVIDIA RTX/Quadro, NVS;All versions prior to 512.78;512.77, 512.96, 512.78, 473.47, 510.73.05, 470.129.06, 510.73.08, 512.78(vGPU 14.1), 473.47(vGPU 13.3), 453.51(vGPU 11.8), 510.73.08(vGPU 14.1), 470.129.06(vGPU 13.3), 450.191.01(vGPU 11.8), 512.78(May 2022 Cloud Gaming Release), 510.73.05(May 2022 Cloud Gaming Release), 510.73.06(vGPU 14.1), 470.129.04(vGPU 13.3), 450.191(vGPU 11.8), 510.73.06(May 2022 Cloud Gaming Release)
CVE-2022-28183;7.7;HIGH;CVSS:3.1/AV:L/AC:L/PR:N/UI:N/S:U/C:H/I:N/A:H;CWE-125;5353;Studio;All versions prior to 512.96;512.77, 512.96, 512.78, 473.47, 510.73.05, 470.129.06, 510.73.08, 512.78(vGPU 14.1), 473.47(vGPU 13.3), 453.51(vGPU 11.8), 510.73.08(vGPU 14.1), 470.129.06(vGPU 13.3), 450.191.01(vGPU 11.8), 512.78(May 2022 Cloud Gaming Release), 510.73.05(May 2022 Cloud Gaming Release), 510.73.06(vGPU 14.1), 470.129.04(vGPU 13.3), 450.191(vGPU 11.8), 510.73.06(May 2022 Cloud Gaming Release)
CVE-2022-28183;7.7;HIGH;CVSS:3.1/AV:L/AC:L/PR:N/UI:N/S:U/C:H/I:N/A:H;CWE-125;5353;Tesla;All versions prior to 470.129.06;512.77, 512.96, 512.78, 473.47, 510.73.05, 470.129.06, 510.73.08, 512.78(vGPU 14.1), 473.47(vGPU 13.3), 453.51(vGPU 11.8), 510.73.08(vGPU 14.1), 470.129.06(vGPU 13.3), 450.191.01(vGPU 11.8), 512.78(May 2022 Cloud Gaming Release), 510.73.05(May 2022 Cloud Gaming Release), 510.73.06(vGPU 14.1), 470.129.04(vGPU 13.3), 450.191(vGPU 11.8), 510.73.06(May 2022 Cloud Gaming Release)
CVE-2022-28183;7.7;HIGH;CVSS:3.1/AV:L/AC:L/PR:N/UI:N/S:U/C:H/I:N/A:H;CWE-125;5353;Tesla;All versions prior to 473.47;512.77, 512.96, 512.78, 473.47, 510.73.05, 470.129.06, 510.73.08, 512.78(vGPU 14.1), 473.47(vGPU 13.3), 453.51(vGPU 11.8), 510.73.08(vGPU 14.1), 470.129.06(vGPU 13.3), 450.191.01(vGPU 11.8), 512.78(May 2022 Cloud Gaming Release), 510.73.05(May 2022 Cloud Gaming Release), 510.73.06(vGPU 14.1), 470.129.04(vGPU 13.3), 450.191(vGPU 11.8), 510.73.06(May 2022 Cloud Gaming Release)
CVE-2022-28183;7.7;HIGH;CVSS:3.1/AV:L/AC:L/PR:N/UI:N/S:U/C:H/I:N/A:H;CWE-125;5353;Tesla;All versions prior to 510.73.08;512.77, 512.96, 512.78, 473.47, 510.73.05, 470.129.06, 510.73.08, 512.78(vGPU 14.1), 473.47(vGPU 13.3), 453.51(vGPU 11.8), 510.73.08(vGPU 14.1), 470.129.06(vGPU 13.3), 450.191.01(vGPU 11.8), 512.78(May 2022 Cloud Gaming Release), 510.73.05(May 2022 Cloud Gaming Release), 510.73.06(vGPU 14.1), 470.129.04(vGPU 13.3), 450.191(vGPU 11.8), 510.73.06(May 2022 Cloud Gaming Release)
CVE-2022-28183;7.7;HIGH;CVSS:3.1/AV:L/AC:L/PR:N/UI:N/S:U/C:H/I:N/A:H;CWE-125;5353;Tesla;All versions prior to 512.78;512.77, 512.96, 512.78, 473.47, 510.73.05, 470.129.06, 510.73.08, 512.78(vGPU 14.1), 473.47(vGPU 13.3), 453.51(vGPU 11.8), 510.73.08(vGPU 14.1), 470.129.06(vGPU 13.3), 450.191.01(vGPU 11.8), 512.78(May 2022 Cloud Gaming Release), 510.73.05(May 2022 Cloud Gaming Release), 510.73.06(vGPU 14.1), 470.129.04(vGPU 13.3), 450.191(vGPU 11.8), 510.73.06(May 2022 Cloud Gaming Release)
CVE-2022-28183;7.7;HIGH;CVSS:3.1/AV:L/AC:L/PR:N/UI:N/S:U/C:H/I:N/A:H;CWE-125;5353;vGPU software (guest driver);450.172.01(All versions prior to and including vGPU 11.7);512.77, 512.96, 512.78, 473.47, 510.73.05, 470.129.06, 510.73.08, 512.78(vGPU 14.1), 473.47(vGPU 13.3), 453.51(vGPU 11.8), 510.73.08(vGPU 14.1), 470.129.06(vGPU 13.3), 450.191.01(vGPU 11.8), 512.78(May 2022 Cloud Gaming Release), 510.73.05(May 2022 Cloud Gaming Release), 510.73.06(vGPU 14.1), 470.129.04(vGPU 13.3), 450.191(vGPU 11.8), 510.73.06(May 2022 Cloud Gaming Release)
CVE-2022-28183;7.7;HIGH;CVSS:3.1/AV:L/AC:L/PR:N/UI:N/S:U/C:H/I:N/A:H;CWE-125;5353;vGPU software (guest driver);453.37(All versions prior to and including vGPU 11.7);512.77, 512.96, 512.78, 473.47, 510.73.05, 470.129.06, 510.73.08, 512.78(vGPU 14.1), 473.47(vGPU 13.3), 453.51(vGPU 11.8), 510.73.08(vGPU 14.1), 470.129.06(vGPU 13.3), 450.191.01(vGPU 11.8), 512.78(May 2022 Cloud Gaming Release), 510.73.05(May 2022 Cloud Gaming Release), 510.73.06(vGPU 14.1), 470.129.04(vGPU 13.3), 450.191(vGPU 11.8), 510.73.06(May 2022 Cloud Gaming Release)
CVE-2022-28183;7.7;HIGH;CVSS:3.1/AV:L/AC:L/PR:N/UI:N/S:U/C:H/I:N/A:H;CWE-125;5353;vGPU software (guest driver);470.103.01(All versions prior to and including vGPU 13.2);512.77, 512.96, 512.78, 473.47, 510.73.05, 470.129.06, 510.73.08, 512.78(vGPU 14.1), 473.47(vGPU 13.3), 453.51(vGPU 11.8), 510.73.08(vGPU 14.1), 470.129.06(vGPU 13.3), 450.191.01(vGPU 11.8), 512.78(May 2022 Cloud Gaming Release), 510.73.05(May 2022 Cloud Gaming Release), 510.73.06(vGPU 14.1), 470.129.04(vGPU 13.3), 450.191(vGPU 11.8), 510.73.06(May 2022 Cloud Gaming Release)
CVE-2022-28183;7.7;HIGH;CVSS:3.1/AV:L/AC:L/PR:N/UI:N/S:U/C:H/I:N/A:H;CWE-125;5353;vGPU software (guest driver);472.98(All versions prior to and including vGPU 13.2);512.77, 512.96, 512.78, 473.47, 510.73.05, 470.129.06, 510.73.08, 512.78(vGPU 14.1), 473.47(vGPU 13.3), 453.51(vGPU 11.8), 510.73.08(vGPU 14.1), 470.129.06(vGPU 13.3), 450.191.01(vGPU 11.8), 512.78(May 2022 Cloud Gaming Release), 510.73.05(May 2022 Cloud Gaming Release), 510.73.06(vGPU 14.1), 470.129.04(vGPU 13.3), 450.191(vGPU 11.8), 510.73.06(May 2022 Cloud Gaming Release)
CVE-2022-28183;7.7;HIGH;CVSS:3.1/AV:L/AC:L/PR:N/UI:N/S:U/C:H/I:N/A:H;CWE-125;5353;vGPU software (guest driver);510.47.03(All versions prior to and including vGPU 14.0);512.77, 512.96, 512.78, 473.47, 510.73.05, 470.129.06, 510.73.08, 512.78(vGPU 14.1), 473.47(vGPU 13.3), 453.51(vGPU 11.8), 510.73.08(vGPU 14.1), 470.129.06(vGPU 13.3), 450.191.01(vGPU 11.8), 512.78(May 2022 Cloud Gaming Release), 510.73.05(May 2022 Cloud Gaming Release), 510.73.06(vGPU 14.1), 470.129.04(vGPU 13.3), 450.191(vGPU 11.8), 510.73.06(May 2022 Cloud Gaming Release)
CVE-2022-28183;7.7;HIGH;CVSS:3.1/AV:L/AC:L/PR:N/UI:N/S:U/C:H/I:N/A:H;CWE-125;5353;vGPU software (guest driver);511.65(All versions prior to and including vGPU 14.0);512.77, 512.96, 512.78, 473.47, 510.73.05, 470.129.06, 510.73.08, 512.78(vGPU 14.1), 473.47(vGPU 13.3), 453.51(vGPU 11.8), 510.73.08(vGPU 14.1), 470.129.06(vGPU 13.3), 450.191.01(vGPU 11.8), 512.78(May 2022 Cloud Gaming Release), 510.73.05(May 2022 Cloud Gaming Release), 510.73.06(vGPU 14.1), 470.129.04(vGPU 13.3), 450.191(vGPU 11.8), 510.73.06(May 2022 Cloud Gaming Release)
CVE-2022-28183;7.7;HIGH;CVSS:3.1/AV:L/AC:L/PR:N/UI:N/S:U/C:H/I:N/A:H;CWE-125;5353;vGPU software (Virtual GPU Manager);450.172(All versions prior to and including vGPU 11.7);512.77, 512.96, 512.78, 473.47, 510.73.05, 470.129.06, 510.73.08, 512.78(vGPU 14.1), 473.47(vGPU 13.3), 453.51(vGPU 11.8), 510.73.08(vGPU 14.1), 470.129.06(vGPU 13.3), 450.191.01(vGPU 11.8), 512.78(May 2022 Cloud Gaming Release), 510.73.05(May 2022 Cloud Gaming Release), 510.73.06(vGPU 14.1), 470.129.04(vGPU 13.3), 450.191(vGPU 11.8), 510.73.06(May 2022 Cloud Gaming Release)
CVE-2022-28183;7.7;HIGH;CVSS:3.1/AV:L/AC:L/PR:N/UI:N/S:U/C:H/I:N/A:H;CWE-125;5353;vGPU software (Virtual GPU Manager);470.103.02(All versions prior to and including vGPU 13.2);512.77, 512.96, 512.78, 473.47, 510.73.05, 470.129.06, 510.73.08, 512.78(vGPU 14.1), 473.47(vGPU 13.3), 453.51(vGPU 11.8), 510.73.08(vGPU 14.1), 470.129.06(vGPU 13.3), 450.191.01(vGPU 11.8), 512.78(May 2022 Cloud Gaming Release), 510.73.05(May 2022 Cloud Gaming Release), 510.73.06(vGPU 14.1), 470.129.04(vGPU 13.3), 450.191(vGPU 11.8), 510.73.06(May 2022 Cloud Gaming Release)
CVE-2022-28183;7.7;HIGH;CVSS:3.1/AV:L/AC:L/PR:N/UI:N/S:U/C:H/I:N/A:H;CWE-125;5353;vGPU software (Virtual GPU Manager);510.47.03(All versions prior to and including vGPU 14.0);512.77, 512.96, 512.78, 473.47, 510.73.05, 470.129.06, 510.73.08, 512.78(vGPU 14.1), 473.47(vGPU 13.3), 453.51(vGPU 11.8), 510.73.08(vGPU 14.1), 470.129.06(vGPU 13.3), 450.191.01(vGPU 11.8), 512.78(May 2022 Cloud Gaming Release), 510.73.05(May 2022 Cloud Gaming Release), 510.73.06(vGPU 14.1), 470.129.04(vGPU 13.3), 450.191(vGPU 11.8), 510.73.06(May 2022 Cloud Gaming Release)
CVE-2022-28184;7.1;HIGH;CVSS:3.1/AV:L/AC:L/PR:L/UI:N/S:U/C:H/I:H/A:N;CWE-284;5353;Cloud Gaming Guest Driver;510.68.02(All versions prior to and including the April 2022 Cloud Gaming Release);512.77, 512.96, 512.78, 473.47, 510.73.05, 470.129.06, 510.73.08, 512.78(vGPU 14.1), 473.47(vGPU 13.3), 453.51(vGPU 11.8), 510.73.08(vGPU 14.1), 470.129.06(vGPU 13.3), 450.191.01(vGPU 11.8), 512.78(May 2022 Cloud Gaming Release), 510.73.05(May 2022 Cloud Gaming Release), 510.73.06(vGPU 14.1), 470.129.04(vGPU 13.3), 450.191(vGPU 11.8), 510.73.06(May 2022 Cloud Gaming Release)
CVE-2022-28184;7.1;HIGH;CVSS:3.1/AV:L/AC:L/PR:L/UI:N/S:U/C:H/I:H/A:N;CWE-284;5353;Cloud Gaming Guest Driver;512.59(	All versions prior to and including the April 2022 Cloud Gaming Release);512.77, 512.96, 512.78, 473.47, 510.73.05, 470.129.06, 510.73.08, 512.78(vGPU 14.1), 473.47(vGPU 13.3), 453.51(vGPU 11.8), 510.73.08(vGPU 14.1), 470.129.06(vGPU 13.3), 450.191.01(vGPU 11.8), 512.78(May 2022 Cloud Gaming Release), 510.73.05(May 2022 Cloud Gaming Release), 510.73.06(vGPU 14.1), 470.129.04(vGPU 13.3), 450.191(vGPU 11.8), 510.73.06(May 2022 Cloud Gaming Release)
CVE-2022-28184;7.1;HIGH;CVSS:3.1/AV:L/AC:L/PR:L/UI:N/S:U/C:H/I:H/A:N;CWE-284;5353;Cloud Gaming Virtual GPU Manager;510.68.02(All versions prior to and including the April 2022 Cloud Gaming Release);512.77, 512.96, 512.78, 473.47, 510.73.05, 470.129.06, 510.73.08, 512.78(vGPU 14.1), 473.47(vGPU 13.3), 453.51(vGPU 11.8), 510.73.08(vGPU 14.1), 470.129.06(vGPU 13.3), 450.191.01(vGPU 11.8), 512.78(May 2022 Cloud Gaming Release), 510.73.05(May 2022 Cloud Gaming Release), 510.73.06(vGPU 14.1), 470.129.04(vGPU 13.3), 450.191(vGPU 11.8), 510.73.06(May 2022 Cloud Gaming Release)
CVE-2022-28184;7.1;HIGH;CVSS:3.1/AV:L/AC:L/PR:L/UI:N/S:U/C:H/I:H/A:N;CWE-284;5353;GeForce;All versions prior to 512.77;512.77, 512.96, 512.78, 473.47, 510.73.05, 470.129.06, 510.73.08, 512.78(vGPU 14.1), 473.47(vGPU 13.3), 453.51(vGPU 11.8), 510.73.08(vGPU 14.1), 470.129.06(vGPU 13.3), 450.191.01(vGPU 11.8), 512.78(May 2022 Cloud Gaming Release), 510.73.05(May 2022 Cloud Gaming Release), 510.73.06(vGPU 14.1), 470.129.04(vGPU 13.3), 450.191(vGPU 11.8), 510.73.06(May 2022 Cloud Gaming Release)
CVE-2022-28184;7.1;HIGH;CVSS:3.1/AV:L/AC:L/PR:L/UI:N/S:U/C:H/I:H/A:N;CWE-284;5353;GeForce, NVIDIA RTX/Quadro, NVS;All versions prior to 470.129.06;512.77, 512.96, 512.78, 473.47, 510.73.05, 470.129.06, 510.73.08, 512.78(vGPU 14.1), 473.47(vGPU 13.3), 453.51(vGPU 11.8), 510.73.08(vGPU 14.1), 470.129.06(vGPU 13.3), 450.191.01(vGPU 11.8), 512.78(May 2022 Cloud Gaming Release), 510.73.05(May 2022 Cloud Gaming Release), 510.73.06(vGPU 14.1), 470.129.04(vGPU 13.3), 450.191(vGPU 11.8), 510.73.06(May 2022 Cloud Gaming Release)
CVE-2022-28184;7.1;HIGH;CVSS:3.1/AV:L/AC:L/PR:L/UI:N/S:U/C:H/I:H/A:N;CWE-284;5353;GeForce, NVIDIA RTX/Quadro, NVS;All versions prior to 510.73.05;512.77, 512.96, 512.78, 473.47, 510.73.05, 470.129.06, 510.73.08, 512.78(vGPU 14.1), 473.47(vGPU 13.3), 453.51(vGPU 11.8), 510.73.08(vGPU 14.1), 470.129.06(vGPU 13.3), 450.191.01(vGPU 11.8), 512.78(May 2022 Cloud Gaming Release), 510.73.05(May 2022 Cloud Gaming Release), 510.73.06(vGPU 14.1), 470.129.04(vGPU 13.3), 450.191(vGPU 11.8), 510.73.06(May 2022 Cloud Gaming Release)
CVE-2022-28184;7.1;HIGH;CVSS:3.1/AV:L/AC:L/PR:L/UI:N/S:U/C:H/I:H/A:N;CWE-284;5353;NVIDIA RTX/Quadro, NVS;All versions prior to 473.47;512.77, 512.96, 512.78, 473.47, 510.73.05, 470.129.06, 510.73.08, 512.78(vGPU 14.1), 473.47(vGPU 13.3), 453.51(vGPU 11.8), 510.73.08(vGPU 14.1), 470.129.06(vGPU 13.3), 450.191.01(vGPU 11.8), 512.78(May 2022 Cloud Gaming Release), 510.73.05(May 2022 Cloud Gaming Release), 510.73.06(vGPU 14.1), 470.129.04(vGPU 13.3), 450.191(vGPU 11.8), 510.73.06(May 2022 Cloud Gaming Release)
CVE-2022-28184;7.1;HIGH;CVSS:3.1/AV:L/AC:L/PR:L/UI:N/S:U/C:H/I:H/A:N;CWE-284;5353;NVIDIA RTX/Quadro, NVS;All versions prior to 512.78;512.77, 512.96, 512.78, 473.47, 510.73.05, 470.129.06, 510.73.08, 512.78(vGPU 14.1), 473.47(vGPU 13.3), 453.51(vGPU 11.8), 510.73.08(vGPU 14.1), 470.129.06(vGPU 13.3), 450.191.01(vGPU 11.8), 512.78(May 2022 Cloud Gaming Release), 510.73.05(May 2022 Cloud Gaming Release), 510.73.06(vGPU 14.1), 470.129.04(vGPU 13.3), 450.191(vGPU 11.8), 510.73.06(May 2022 Cloud Gaming Release)
CVE-2022-28184;7.1;HIGH;CVSS:3.1/AV:L/AC:L/PR:L/UI:N/S:U/C:H/I:H/A:N;CWE-284;5353;Studio;All versions prior to 512.96;512.77, 512.96, 512.78, 473.47, 510.73.05, 470.129.06, 510.73.08, 512.78(vGPU 14.1), 473.47(vGPU 13.3), 453.51(vGPU 11.8), 510.73.08(vGPU 14.1), 470.129.06(vGPU 13.3), 450.191.01(vGPU 11.8), 512.78(May 2022 Cloud Gaming Release), 510.73.05(May 2022 Cloud Gaming Release), 510.73.06(vGPU 14.1), 470.129.04(vGPU 13.3), 450.191(vGPU 11.8), 510.73.06(May 2022 Cloud Gaming Release)
CVE-2022-28184;7.1;HIGH;CVSS:3.1/AV:L/AC:L/PR:L/UI:N/S:U/C:H/I:H/A:N;CWE-284;5353;Tesla;All versions prior to 470.129.06;512.77, 512.96, 512.78, 473.47, 510.73.05, 470.129.06, 510.73.08, 512.78(vGPU 14.1), 473.47(vGPU 13.3), 453.51(vGPU 11.8), 510.73.08(vGPU 14.1), 470.129.06(vGPU 13.3), 450.191.01(vGPU 11.8), 512.78(May 2022 Cloud Gaming Release), 510.73.05(May 2022 Cloud Gaming Release), 510.73.06(vGPU 14.1), 470.129.04(vGPU 13.3), 450.191(vGPU 11.8), 510.73.06(May 2022 Cloud Gaming Release)
CVE-2022-28184;7.1;HIGH;CVSS:3.1/AV:L/AC:L/PR:L/UI:N/S:U/C:H/I:H/A:N;CWE-284;5353;Tesla;All versions prior to 473.47;512.77, 512.96, 512.78, 473.47, 510.73.05, 470.129.06, 510.73.08, 512.78(vGPU 14.1), 473.47(vGPU 13.3), 453.51(vGPU 11.8), 510.73.08(vGPU 14.1), 470.129.06(vGPU 13.3), 450.191.01(vGPU 11.8), 512.78(May 2022 Cloud Gaming Release), 510.73.05(May 2022 Cloud Gaming Release), 510.73.06(vGPU 14.1), 470.129.04(vGPU 13.3), 450.191(vGPU 11.8), 510.73.06(May 2022 Cloud Gaming Release)
CVE-2022-28184;7.1;HIGH;CVSS:3.1/AV:L/AC:L/PR:L/UI:N/S:U/C:H/I:H/A:N;CWE-284;5353;Tesla;All versions prior to 510.73.08;512.77, 512.96, 512.78, 473.47, 510.73.05, 470.129.06, 510.73.08, 512.78(vGPU 14.1), 473.47(vGPU 13.3), 453.51(vGPU 11.8), 510.73.08(vGPU 14.1), 470.129.06(vGPU 13.3), 450.191.01(vGPU 11.8), 512.78(May 2022 Cloud Gaming Release), 510.73.05(May 2022 Cloud Gaming Release), 510.73.06(vGPU 14.1), 470.129.04(vGPU 13.3), 450.191(vGPU 11.8), 510.73.06(May 2022 Cloud Gaming Release)
CVE-2022-28184;7.1;HIGH;CVSS:3.1/AV:L/AC:L/PR:L/UI:N/S:U/C:H/I:H/A:N;CWE-284;5353;Tesla;All versions prior to 512.78;512.77, 512.96, 512.78, 473.47, 510.73.05, 470.129.06, 510.73.08, 512.78(vGPU 14.1), 473.47(vGPU 13.3), 453.51(vGPU 11.8), 510.73.08(vGPU 14.1), 470.129.06(vGPU 13.3), 450.191.01(vGPU 11.8), 512.78(May 2022 Cloud Gaming Release), 510.73.05(May 2022 Cloud Gaming Release), 510.73.06(vGPU 14.1), 470.129.04(vGPU 13.3), 450.191(vGPU 11.8), 510.73.06(May 2022 Cloud Gaming Release)
CVE-2022-28184;7.1;HIGH;CVSS:3.1/AV:L/AC:L/PR:L/UI:N/S:U/C:H/I:H/A:N;CWE-284;5353;vGPU software (guest driver);450.172.01(All versions prior to and including vGPU 11.7);512.77, 512.96, 512.78, 473.47, 510.73.05, 470.129.06, 510.73.08, 512.78(vGPU 14.1), 473.47(vGPU 13.3), 453.51(vGPU 11.8), 510.73.08(vGPU 14.1), 470.129.06(vGPU 13.3), 450.191.01(vGPU 11.8), 512.78(May 2022 Cloud Gaming Release), 510.73.05(May 2022 Cloud Gaming Release), 510.73.06(vGPU 14.1), 470.129.04(vGPU 13.3), 450.191(vGPU 11.8), 510.73.06(May 2022 Cloud Gaming Release)
CVE-2022-28184;7.1;HIGH;CVSS:3.1/AV:L/AC:L/PR:L/UI:N/S:U/C:H/I:H/A:N;CWE-284;5353;vGPU software (guest driver);453.37(All versions prior to and including vGPU 11.7);512.77, 512.96, 512.78, 473.47, 510.73.05, 470.129.06, 510.73.08, 512.78(vGPU 14.1), 473.47(vGPU 13.3), 453.51(vGPU 11.8), 510.73.08(vGPU 14.1), 470.129.06(vGPU 13.3), 450.191.01(vGPU 11.8), 512.78(May 2022 Cloud Gaming Release), 510.73.05(May 2022 Cloud Gaming Release), 510.73.06(vGPU 14.1), 470.129.04(vGPU 13.3), 450.191(vGPU 11.8), 510.73.06(May 2022 Cloud Gaming Release)
CVE-2022-28184;7.1;HIGH;CVSS:3.1/AV:L/AC:L/PR:L/UI:N/S:U/C:H/I:H/A:N;CWE-284;5353;vGPU software (guest driver);470.103.01(All versions prior to and including vGPU 13.2);512.77, 512.96, 512.78, 473.47, 510.73.05, 470.129.06, 510.73.08, 512.78(vGPU 14.1), 473.47(vGPU 13.3), 453.51(vGPU 11.8), 510.73.08(vGPU 14.1), 470.129.06(vGPU 13.3), 450.191.01(vGPU 11.8), 512.78(May 2022 Cloud Gaming Release), 510.73.05(May 2022 Cloud Gaming Release), 510.73.06(vGPU 14.1), 470.129.04(vGPU 13.3), 450.191(vGPU 11.8), 510.73.06(May 2022 Cloud Gaming Release)
CVE-2022-28184;7.1;HIGH;CVSS:3.1/AV:L/AC:L/PR:L/UI:N/S:U/C:H/I:H/A:N;CWE-284;5353;vGPU software (guest driver);472.98(All versions prior to and including vGPU 13.2);512.77, 512.96, 512.78, 473.47, 510.73.05, 470.129.06, 510.73.08, 512.78(vGPU 14.1), 473.47(vGPU 13.3), 453.51(vGPU 11.8), 510.73.08(vGPU 14.1), 470.129.06(vGPU 13.3), 450.191.01(vGPU 11.8), 512.78(May 2022 Cloud Gaming Release), 510.73.05(May 2022 Cloud Gaming Release), 510.73.06(vGPU 14.1), 470.129.04(vGPU 13.3), 450.191(vGPU 11.8), 510.73.06(May 2022 Cloud Gaming Release)
CVE-2022-28184;7.1;HIGH;CVSS:3.1/AV:L/AC:L/PR:L/UI:N/S:U/C:H/I:H/A:N;CWE-284;5353;vGPU software (guest driver);510.47.03(All versions prior to and including vGPU 14.0);512.77, 512.96, 512.78, 473.47, 510.73.05, 470.129.06, 510.73.08, 512.78(vGPU 14.1), 473.47(vGPU 13.3), 453.51(vGPU 11.8), 510.73.08(vGPU 14.1), 470.129.06(vGPU 13.3), 450.191.01(vGPU 11.8), 512.78(May 2022 Cloud Gaming Release), 510.73.05(May 2022 Cloud Gaming Release), 510.73.06(vGPU 14.1), 470.129.04(vGPU 13.3), 450.191(vGPU 11.8), 510.73.06(May 2022 Cloud Gaming Release)
CVE-2022-28184;7.1;HIGH;CVSS:3.1/AV:L/AC:L/PR:L/UI:N/S:U/C:H/I:H/A:N;CWE-284;5353;vGPU software (guest driver);511.65(All versions prior to and including vGPU 14.0);512.77, 512.96, 512.78, 473.47, 510.73.05, 470.129.06, 510.73.08, 512.78(vGPU 14.1), 473.47(vGPU 13.3), 453.51(vGPU 11.8), 510.73.08(vGPU 14.1), 470.129.06(vGPU 13.3), 450.191.01(vGPU 11.8), 512.78(May 2022 Cloud Gaming Release), 510.73.05(May 2022 Cloud Gaming Release), 510.73.06(vGPU 14.1), 470.129.04(vGPU 13.3), 450.191(vGPU 11.8), 510.73.06(May 2022 Cloud Gaming Release)
CVE-2022-28184;7.1;HIGH;CVSS:3.1/AV:L/AC:L/PR:L/UI:N/S:U/C:H/I:H/A:N;CWE-284;5353;vGPU software (Virtual GPU Manager);450.172(All versions prior to and including vGPU 11.7);512.77, 512.96, 512.78, 473.47, 510.73.05, 470.129.06, 510.73.08, 512.78(vGPU 14.1), 473.47(vGPU 13.3), 453.51(vGPU 11.8), 510.73.08(vGPU 14.1), 470.129.06(vGPU 13.3), 450.191.01(vGPU 11.8), 512.78(May 2022 Cloud Gaming Release), 510.73.05(May 2022 Cloud Gaming Release), 510.73.06(vGPU 14.1), 470.129.04(vGPU 13.3), 450.191(vGPU 11.8), 510.73.06(May 2022 Cloud Gaming Release)
CVE-2022-28184;7.1;HIGH;CVSS:3.1/AV:L/AC:L/PR:L/UI:N/S:U/C:H/I:H/A:N;CWE-284;5353;vGPU software (Virtual GPU Manager);470.103.02(All versions prior to and including vGPU 13.2);512.77, 512.96, 512.78, 473.47, 510.73.05, 470.129.06, 510.73.08, 512.78(vGPU 14.1), 473.47(vGPU 13.3), 453.51(vGPU 11.8), 510.73.08(vGPU 14.1), 470.129.06(vGPU 13.3), 450.191.01(vGPU 11.8), 512.78(May 2022 Cloud Gaming Release), 510.73.05(May 2022 Cloud Gaming Release), 510.73.06(vGPU 14.1), 470.129.04(vGPU 13.3), 450.191(vGPU 11.8), 510.73.06(May 2022 Cloud Gaming Release)
CVE-2022-28184;7.1;HIGH;CVSS:3.1/AV:L/AC:L/PR:L/UI:N/S:U/C:H/I:H/A:N;CWE-284;5353;vGPU software (Virtual GPU Manager);510.47.03(All versions prior to and including vGPU 14.0);512.77, 512.96, 512.78, 473.47, 510.73.05, 470.129.06, 510.73.08, 512.78(vGPU 14.1), 473.47(vGPU 13.3), 453.51(vGPU 11.8), 510.73.08(vGPU 14.1), 470.129.06(vGPU 13.3), 450.191.01(vGPU 11.8), 512.78(May 2022 Cloud Gaming Release), 510.73.05(May 2022 Cloud Gaming Release), 510.73.06(vGPU 14.1), 470.129.04(vGPU 13.3), 450.191(vGPU 11.8), 510.73.06(May 2022 Cloud Gaming Release)
CVE-2022-28185;6.8;MEDIUM;CVSS:3.1/AV:L/AC:L/PR:N/UI:N/S:U/C:N/I:L/A:H;CWE-787;5353;Cloud Gaming Guest Driver;510.68.02(All versions prior to and including the April 2022 Cloud Gaming Release);512.77, 512.96, 512.78, 473.47, 453.51, 510.73.05, 470.129.06, 510.73.08, 450.191.01, 390.151, 512.78(vGPU 14.1), 473.47(vGPU 13.3), 453.51(vGPU 11.8), 510.73.08(vGPU 14.1), 470.129.06(vGPU 13.3), 450.191.01(vGPU 11.8), 512.78(May 2022 Cloud Gaming Release), 510.73.05(May 2022 Cloud Gaming Release), 510.73.06(vGPU 14.1), 470.129.04(vGPU 13.3), 450.191(vGPU 11.8), 510.73.06(May 2022 Cloud Gaming Release)
CVE-2022-28185;6.8;MEDIUM;CVSS:3.1/AV:L/AC:L/PR:N/UI:N/S:U/C:N/I:L/A:H;CWE-787;5353;Cloud Gaming Guest Driver;512.59(	All versions prior to and including the April 2022 Cloud Gaming Release);512.77, 512.96, 512.78, 473.47, 453.51, 510.73.05, 470.129.06, 510.73.08, 450.191.01, 390.151, 512.78(vGPU 14.1), 473.47(vGPU 13.3), 453.51(vGPU 11.8), 510.73.08(vGPU 14.1), 470.129.06(vGPU 13.3), 450.191.01(vGPU 11.8), 512.78(May 2022 Cloud Gaming Release), 510.73.05(May 2022 Cloud Gaming Release), 510.73.06(vGPU 14.1), 470.129.04(vGPU 13.3), 450.191(vGPU 11.8), 510.73.06(May 2022 Cloud Gaming Release)
CVE-2022-28185;6.8;MEDIUM;CVSS:3.1/AV:L/AC:L/PR:N/UI:N/S:U/C:N/I:L/A:H;CWE-787;5353;Cloud Gaming Virtual GPU Manager;510.68.02(All versions prior to and including the April 2022 Cloud Gaming Release);512.77, 512.96, 512.78, 473.47, 453.51, 510.73.05, 470.129.06, 510.73.08, 450.191.01, 390.151, 512.78(vGPU 14.1), 473.47(vGPU 13.3), 453.51(vGPU 11.8), 510.73.08(vGPU 14.1), 470.129.06(vGPU 13.3), 450.191.01(vGPU 11.8), 512.78(May 2022 Cloud Gaming Release), 510.73.05(May 2022 Cloud Gaming Release), 510.73.06(vGPU 14.1), 470.129.04(vGPU 13.3), 450.191(vGPU 11.8), 510.73.06(May 2022 Cloud Gaming Release)
CVE-2022-28185;6.8;MEDIUM;CVSS:3.1/AV:L/AC:L/PR:N/UI:N/S:U/C:N/I:L/A:H;CWE-787;5353;GeForce;All versions prior to 512.77;512.77, 512.96, 512.78, 473.47, 453.51, 510.73.05, 470.129.06, 510.73.08, 450.191.01, 390.151, 512.78(vGPU 14.1), 473.47(vGPU 13.3), 453.51(vGPU 11.8), 510.73.08(vGPU 14.1), 470.129.06(vGPU 13.3), 450.191.01(vGPU 11.8), 512.78(May 2022 Cloud Gaming Release), 510.73.05(May 2022 Cloud Gaming Release), 510.73.06(vGPU 14.1), 470.129.04(vGPU 13.3), 450.191(vGPU 11.8), 510.73.06(May 2022 Cloud Gaming Release)
CVE-2022-28185;6.8;MEDIUM;CVSS:3.1/AV:L/AC:L/PR:N/UI:N/S:U/C:N/I:L/A:H;CWE-787;5353;GeForce, NVIDIA RTX/Quadro, NVS;All versions prior to 390.151;512.77, 512.96, 512.78, 473.47, 453.51, 510.73.05, 470.129.06, 510.73.08, 450.191.01, 390.151, 512.78(vGPU 14.1), 473.47(vGPU 13.3), 453.51(vGPU 11.8), 510.73.08(vGPU 14.1), 470.129.06(vGPU 13.3), 450.191.01(vGPU 11.8), 512.78(May 2022 Cloud Gaming Release), 510.73.05(May 2022 Cloud Gaming Release), 510.73.06(vGPU 14.1), 470.129.04(vGPU 13.3), 450.191(vGPU 11.8), 510.73.06(May 2022 Cloud Gaming Release)
CVE-2022-28185;6.8;MEDIUM;CVSS:3.1/AV:L/AC:L/PR:N/UI:N/S:U/C:N/I:L/A:H;CWE-787;5353;GeForce, NVIDIA RTX/Quadro, NVS;All versions prior to 470.129.06;512.77, 512.96, 512.78, 473.47, 453.51, 510.73.05, 470.129.06, 510.73.08, 450.191.01, 390.151, 512.78(vGPU 14.1), 473.47(vGPU 13.3), 453.51(vGPU 11.8), 510.73.08(vGPU 14.1), 470.129.06(vGPU 13.3), 450.191.01(vGPU 11.8), 512.78(May 2022 Cloud Gaming Release), 510.73.05(May 2022 Cloud Gaming Release), 510.73.06(vGPU 14.1), 470.129.04(vGPU 13.3), 450.191(vGPU 11.8), 510.73.06(May 2022 Cloud Gaming Release)
CVE-2022-28185;6.8;MEDIUM;CVSS:3.1/AV:L/AC:L/PR:N/UI:N/S:U/C:N/I:L/A:H;CWE-787;5353;GeForce, NVIDIA RTX/Quadro, NVS;All versions prior to 510.73.05;512.77, 512.96, 512.78, 473.47, 453.51, 510.73.05, 470.129.06, 510.73.08, 450.191.01, 390.151, 512.78(vGPU 14.1), 473.47(vGPU 13.3), 453.51(vGPU 11.8), 510.73.08(vGPU 14.1), 470.129.06(vGPU 13.3), 450.191.01(vGPU 11.8), 512.78(May 2022 Cloud Gaming Release), 510.73.05(May 2022 Cloud Gaming Release), 510.73.06(vGPU 14.1), 470.129.04(vGPU 13.3), 450.191(vGPU 11.8), 510.73.06(May 2022 Cloud Gaming Release)
CVE-2022-28185;6.8;MEDIUM;CVSS:3.1/AV:L/AC:L/PR:N/UI:N/S:U/C:N/I:L/A:H;CWE-787;5353;NVIDIA RTX/Quadro, NVS;All versions prior to 473.47;512.77, 512.96, 512.78, 473.47, 453.51, 510.73.05, 470.129.06, 510.73.08, 450.191.01, 390.151, 512.78(vGPU 14.1), 473.47(vGPU 13.3), 453.51(vGPU 11.8), 510.73.08(vGPU 14.1), 470.129.06(vGPU 13.3), 450.191.01(vGPU 11.8), 512.78(May 2022 Cloud Gaming Release), 510.73.05(May 2022 Cloud Gaming Release), 510.73.06(vGPU 14.1), 470.129.04(vGPU 13.3), 450.191(vGPU 11.8), 510.73.06(May 2022 Cloud Gaming Release)
CVE-2022-28185;6.8;MEDIUM;CVSS:3.1/AV:L/AC:L/PR:N/UI:N/S:U/C:N/I:L/A:H;CWE-787;5353;NVIDIA RTX/Quadro, NVS;All versions prior to 512.78;512.77, 512.96, 512.78, 473.47, 453.51, 510.73.05, 470.129.06, 510.73.08, 450.191.01, 390.151, 512.78(vGPU 14.1), 473.47(vGPU 13.3), 453.51(vGPU 11.8), 510.73.08(vGPU 14.1), 470.129.06(vGPU 13.3), 450.191.01(vGPU 11.8), 512.78(May 2022 Cloud Gaming Release), 510.73.05(May 2022 Cloud Gaming Release), 510.73.06(vGPU 14.1), 470.129.04(vGPU 13.3), 450.191(vGPU 11.8), 510.73.06(May 2022 Cloud Gaming Release)
CVE-2022-28185;6.8;MEDIUM;CVSS:3.1/AV:L/AC:L/PR:N/UI:N/S:U/C:N/I:L/A:H;CWE-787;5353;Studio;All versions prior to 512.96;512.77, 512.96, 512.78, 473.47, 453.51, 510.73.05, 470.129.06, 510.73.08, 450.191.01, 390.151, 512.78(vGPU 14.1), 473.47(vGPU 13.3), 453.51(vGPU 11.8), 510.73.08(vGPU 14.1), 470.129.06(vGPU 13.3), 450.191.01(vGPU 11.8), 512.78(May 2022 Cloud Gaming Release), 510.73.05(May 2022 Cloud Gaming Release), 510.73.06(vGPU 14.1), 470.129.04(vGPU 13.3), 450.191(vGPU 11.8), 510.73.06(May 2022 Cloud Gaming Release)
CVE-2022-28185;6.8;MEDIUM;CVSS:3.1/AV:L/AC:L/PR:N/UI:N/S:U/C:N/I:L/A:H;CWE-787;5353;Tesla;All versions prior to 450.191.01;512.77, 512.96, 512.78, 473.47, 453.51, 510.73.05, 470.129.06, 510.73.08, 450.191.01, 390.151, 512.78(vGPU 14.1), 473.47(vGPU 13.3), 453.51(vGPU 11.8), 510.73.08(vGPU 14.1), 470.129.06(vGPU 13.3), 450.191.01(vGPU 11.8), 512.78(May 2022 Cloud Gaming Release), 510.73.05(May 2022 Cloud Gaming Release), 510.73.06(vGPU 14.1), 470.129.04(vGPU 13.3), 450.191(vGPU 11.8), 510.73.06(May 2022 Cloud Gaming Release)
CVE-2022-28185;6.8;MEDIUM;CVSS:3.1/AV:L/AC:L/PR:N/UI:N/S:U/C:N/I:L/A:H;CWE-787;5353;Tesla;All versions prior to 453.51;512.77, 512.96, 512.78, 473.47, 453.51, 510.73.05, 470.129.06, 510.73.08, 450.191.01, 390.151, 512.78(vGPU 14.1), 473.47(vGPU 13.3), 453.51(vGPU 11.8), 510.73.08(vGPU 14.1), 470.129.06(vGPU 13.3), 450.191.01(vGPU 11.8), 512.78(May 2022 Cloud Gaming Release), 510.73.05(May 2022 Cloud Gaming Release), 510.73.06(vGPU 14.1), 470.129.04(vGPU 13.3), 450.191(vGPU 11.8), 510.73.06(May 2022 Cloud Gaming Release)
CVE-2022-28185;6.8;MEDIUM;CVSS:3.1/AV:L/AC:L/PR:N/UI:N/S:U/C:N/I:L/A:H;CWE-787;5353;Tesla;All versions prior to 470.129.06;512.77, 512.96, 512.78, 473.47, 453.51, 510.73.05, 470.129.06, 510.73.08, 450.191.01, 390.151, 512.78(vGPU 14.1), 473.47(vGPU 13.3), 453.51(vGPU 11.8), 510.73.08(vGPU 14.1), 470.129.06(vGPU 13.3), 450.191.01(vGPU 11.8), 512.78(May 2022 Cloud Gaming Release), 510.73.05(May 2022 Cloud Gaming Release), 510.73.06(vGPU 14.1), 470.129.04(vGPU 13.3), 450.191(vGPU 11.8), 510.73.06(May 2022 Cloud Gaming Release)
CVE-2022-28185;6.8;MEDIUM;CVSS:3.1/AV:L/AC:L/PR:N/UI:N/S:U/C:N/I:L/A:H;CWE-787;5353;Tesla;All versions prior to 473.47;512.77, 512.96, 512.78, 473.47, 453.51, 510.73.05, 470.129.06, 510.73.08, 450.191.01, 390.151, 512.78(vGPU 14.1), 473.47(vGPU 13.3), 453.51(vGPU 11.8), 510.73.08(vGPU 14.1), 470.129.06(vGPU 13.3), 450.191.01(vGPU 11.8), 512.78(May 2022 Cloud Gaming Release), 510.73.05(May 2022 Cloud Gaming Release), 510.73.06(vGPU 14.1), 470.129.04(vGPU 13.3), 450.191(vGPU 11.8), 510.73.06(May 2022 Cloud Gaming Release)
CVE-2022-28185;6.8;MEDIUM;CVSS:3.1/AV:L/AC:L/PR:N/UI:N/S:U/C:N/I:L/A:H;CWE-787;5353;Tesla;All versions prior to 510.73.08;512.77, 512.96, 512.78, 473.47, 453.51, 510.73.05, 470.129.06, 510.73.08, 450.191.01, 390.151, 512.78(vGPU 14.1), 473.47(vGPU 13.3), 453.51(vGPU 11.8), 510.73.08(vGPU 14.1), 470.129.06(vGPU 13.3), 450.191.01(vGPU 11.8), 512.78(May 2022 Cloud Gaming Release), 510.73.05(May 2022 Cloud Gaming Release), 510.73.06(vGPU 14.1), 470.129.04(vGPU 13.3), 450.191(vGPU 11.8), 510.73.06(May 2022 Cloud Gaming Release)
CVE-2022-28185;6.8;MEDIUM;CVSS:3.1/AV:L/AC:L/PR:N/UI:N/S:U/C:N/I:L/A:H;CWE-787;5353;Tesla;All versions prior to 512.78;512.77, 512.96, 512.78, 473.47, 453.51, 510.73.05, 470.129.06, 510.73.08, 450.191.01, 390.151, 512.78(vGPU 14.1), 473.47(vGPU 13.3), 453.51(vGPU 11.8), 510.73.08(vGPU 14.1), 470.129.06(vGPU 13.3), 450.191.01(vGPU 11.8), 512.78(May 2022 Cloud Gaming Release), 510.73.05(May 2022 Cloud Gaming Release), 510.73.06(vGPU 14.1), 470.129.04(vGPU 13.3), 450.191(vGPU 11.8), 510.73.06(May 2022 Cloud Gaming Release)
CVE-2022-28185;6.8;MEDIUM;CVSS:3.1/AV:L/AC:L/PR:N/UI:N/S:U/C:N/I:L/A:H;CWE-787;5353;vGPU software (guest driver);450.172.01(All versions prior to and including vGPU 11.7);512.77, 512.96, 512.78, 473.47, 453.51, 510.73.05, 470.129.06, 510.73.08, 450.191.01, 390.151, 512.78(vGPU 14.1), 473.47(vGPU 13.3), 453.51(vGPU 11.8), 510.73.08(vGPU 14.1), 470.129.06(vGPU 13.3), 450.191.01(vGPU 11.8), 512.78(May 2022 Cloud Gaming Release), 510.73.05(May 2022 Cloud Gaming Release), 510.73.06(vGPU 14.1), 470.129.04(vGPU 13.3), 450.191(vGPU 11.8), 510.73.06(May 2022 Cloud Gaming Release)
CVE-2022-28185;6.8;MEDIUM;CVSS:3.1/AV:L/AC:L/PR:N/UI:N/S:U/C:N/I:L/A:H;CWE-787;5353;vGPU software (guest driver);453.37(All versions prior to and including vGPU 11.7);512.77, 512.96, 512.78, 473.47, 453.51, 510.73.05, 470.129.06, 510.73.08, 450.191.01, 390.151, 512.78(vGPU 14.1), 473.47(vGPU 13.3), 453.51(vGPU 11.8), 510.73.08(vGPU 14.1), 470.129.06(vGPU 13.3), 450.191.01(vGPU 11.8), 512.78(May 2022 Cloud Gaming Release), 510.73.05(May 2022 Cloud Gaming Release), 510.73.06(vGPU 14.1), 470.129.04(vGPU 13.3), 450.191(vGPU 11.8), 510.73.06(May 2022 Cloud Gaming Release)
CVE-2022-28185;6.8;MEDIUM;CVSS:3.1/AV:L/AC:L/PR:N/UI:N/S:U/C:N/I:L/A:H;CWE-787;5353;vGPU software (guest driver);470.103.01(All versions prior to and including vGPU 13.2);512.77, 512.96, 512.78, 473.47, 453.51, 510.73.05, 470.129.06, 510.73.08, 450.191.01, 390.151, 512.78(vGPU 14.1), 473.47(vGPU 13.3), 453.51(vGPU 11.8), 510.73.08(vGPU 14.1), 470.129.06(vGPU 13.3), 450.191.01(vGPU 11.8), 512.78(May 2022 Cloud Gaming Release), 510.73.05(May 2022 Cloud Gaming Release), 510.73.06(vGPU 14.1), 470.129.04(vGPU 13.3), 450.191(vGPU 11.8), 510.73.06(May 2022 Cloud Gaming Release)
CVE-2022-28185;6.8;MEDIUM;CVSS:3.1/AV:L/AC:L/PR:N/UI:N/S:U/C:N/I:L/A:H;CWE-787;5353;vGPU software (guest driver);472.98(All versions prior to and including vGPU 13.2);512.77, 512.96, 512.78, 473.47, 453.51, 510.73.05, 470.129.06, 510.73.08, 450.191.01, 390.151, 512.78(vGPU 14.1), 473.47(vGPU 13.3), 453.51(vGPU 11.8), 510.73.08(vGPU 14.1), 470.129.06(vGPU 13.3), 450.191.01(vGPU 11.8), 512.78(May 2022 Cloud Gaming Release), 510.73.05(May 2022 Cloud Gaming Release), 510.73.06(vGPU 14.1), 470.129.04(vGPU 13.3), 450.191(vGPU 11.8), 510.73.06(May 2022 Cloud Gaming Release)
CVE-2022-28185;6.8;MEDIUM;CVSS:3.1/AV:L/AC:L/PR:N/UI:N/S:U/C:N/I:L/A:H;CWE-787;5353;vGPU software (guest driver);510.47.03(All versions prior to and including vGPU 14.0);512.77, 512.96, 512.78, 473.47, 453.51, 510.73.05, 470.129.06, 510.73.08, 450.191.01, 390.151, 512.78(vGPU 14.1), 473.47(vGPU 13.3), 453.51(vGPU 11.8), 510.73.08(vGPU 14.1), 470.129.06(vGPU 13.3), 450.191.01(vGPU 11.8), 512.78(May 2022 Cloud Gaming Release), 510.73.05(May 2022 Cloud Gaming Release), 510.73.06(vGPU 14.1), 470.129.04(vGPU 13.3), 450.191(vGPU 11.8), 510.73.06(May 2022 Cloud Gaming Release)
CVE-2022-28185;6.8;MEDIUM;CVSS:3.1/AV:L/AC:L/PR:N/UI:N/S:U/C:N/I:L/A:H;CWE-787;5353;vGPU software (guest driver);511.65(All versions prior to and including vGPU 14.0);512.77, 512.96, 512.78, 473.47, 453.51, 510.73.05, 470.129.06, 510.73.08, 450.191.01, 390.151, 512.78(vGPU 14.1), 473.47(vGPU 13.3), 453.51(vGPU 11.8), 510.73.08(vGPU 14.1), 470.129.06(vGPU 13.3), 450.191.01(vGPU 11.8), 512.78(May 2022 Cloud Gaming Release), 510.73.05(May 2022 Cloud Gaming Release), 510.73.06(vGPU 14.1), 470.129.04(vGPU 13.3), 450.191(vGPU 11.8), 510.73.06(May 2022 Cloud Gaming Release)
CVE-2022-28185;6.8;MEDIUM;CVSS:3.1/AV:L/AC:L/PR:N/UI:N/S:U/C:N/I:L/A:H;CWE-787;5353;vGPU software (Virtual GPU Manager);450.172(All versions prior to and including vGPU 11.7);512.77, 512.96, 512.78, 473.47, 453.51, 510.73.05, 470.129.06, 510.73.08, 450.191.01, 390.151, 512.78(vGPU 14.1), 473.47(vGPU 13.3), 453.51(vGPU 11.8), 510.73.08(vGPU 14.1), 470.129.06(vGPU 13.3), 450.191.01(vGPU 11.8), 512.78(May 2022 Cloud Gaming Release), 510.73.05(May 2022 Cloud Gaming Release), 510.73.06(vGPU 14.1), 470.129.04(vGPU 13.3), 450.191(vGPU 11.8), 510.73.06(May 2022 Cloud Gaming Release)
CVE-2022-28185;6.8;MEDIUM;CVSS:3.1/AV:L/AC:L/PR:N/UI:N/S:U/C:N/I:L/A:H;CWE-787;5353;vGPU software (Virtual GPU Manager);470.103.02(All versions prior to and including vGPU 13.2);512.77, 512.96, 512.78, 473.47, 453.51, 510.73.05, 470.129.06, 510.73.08, 450.191.01, 390.151, 512.78(vGPU 14.1), 473.47(vGPU 13.3), 453.51(vGPU 11.8), 510.73.08(vGPU 14.1), 470.129.06(vGPU 13.3), 450.191.01(vGPU 11.8), 512.78(May 2022 Cloud Gaming Release), 510.73.05(May 2022 Cloud Gaming Release), 510.73.06(vGPU 14.1), 470.129.04(vGPU 13.3), 450.191(vGPU 11.8), 510.73.06(May 2022 Cloud Gaming Release)
CVE-2022-28185;6.8;MEDIUM;CVSS:3.1/AV:L/AC:L/PR:N/UI:N/S:U/C:N/I:L/A:H;CWE-787;5353;vGPU software (Virtual GPU Manager);510.47.03(All versions prior to and including vGPU 14.0);512.77, 512.96, 512.78, 473.47, 453.51, 510.73.05, 470.129.06, 510.73.08, 450.191.01, 390.151, 512.78(vGPU 14.1), 473.47(vGPU 13.3), 453.51(vGPU 11.8), 510.73.08(vGPU 14.1), 470.129.06(vGPU 13.3), 450.191.01(vGPU 11.8), 512.78(May 2022 Cloud Gaming Release), 510.73.05(May 2022 Cloud Gaming Release), 510.73.06(vGPU 14.1), 470.129.04(vGPU 13.3), 450.191(vGPU 11.8), 510.73.06(May 2022 Cloud Gaming Release)
CVE-2022-28186;6.1;MEDIUM;CVSS:3.1/AV:L/AC:L/PR:L/UI:N/S:U/C:N/I:L/A:H;CWE-20;5353;Cloud Gaming Guest Driver;512.59(	All versions prior to and including the April 2022 Cloud Gaming Release);512.77, 512.96, 512.78, 473.47, 453.51, 512.78(vGPU 14.1), 473.47(vGPU 13.3), 453.51(vGPU 11.8), 512.78(May 2022 Cloud Gaming Release)
CVE-2022-28186;6.1;MEDIUM;CVSS:3.1/AV:L/AC:L/PR:L/UI:N/S:U/C:N/I:L/A:H;CWE-20;5353;GeForce;All versions prior to 512.77;512.77, 512.96, 512.78, 473.47, 453.51, 512.78(vGPU 14.1), 473.47(vGPU 13.3), 453.51(vGPU 11.8), 512.78(May 2022 Cloud Gaming Release)
CVE-2022-28186;6.1;MEDIUM;CVSS:3.1/AV:L/AC:L/PR:L/UI:N/S:U/C:N/I:L/A:H;CWE-20;5353;NVIDIA RTX/Quadro, NVS;All versions prior to 473.47;512.77, 512.96, 512.78, 473.47, 453.51, 512.78(vGPU 14.1), 473.47(vGPU 13.3), 453.51(vGPU 11.8), 512.78(May 2022 Cloud Gaming Release)
CVE-2022-28186;6.1;MEDIUM;CVSS:3.1/AV:L/AC:L/PR:L/UI:N/S:U/C:N/I:L/A:H;CWE-20;5353;NVIDIA RTX/Quadro, NVS;All versions prior to 512.78;512.77, 512.96, 512.78, 473.47, 453.51, 512.78(vGPU 14.1), 473.47(vGPU 13.3), 453.51(vGPU 11.8), 512.78(May 2022 Cloud Gaming Release)
CVE-2022-28186;6.1;MEDIUM;CVSS:3.1/AV:L/AC:L/PR:L/UI:N/S:U/C:N/I:L/A:H;CWE-20;5353;Studio;All versions prior to 512.96;512.77, 512.96, 512.78, 473.47, 453.51, 512.78(vGPU 14.1), 473.47(vGPU 13.3), 453.51(vGPU 11.8), 512.78(May 2022 Cloud Gaming Release)
CVE-2022-28186;6.1;MEDIUM;CVSS:3.1/AV:L/AC:L/PR:L/UI:N/S:U/C:N/I:L/A:H;CWE-20;5353;Tesla;All versions prior to 453.51;512.77, 512.96, 512.78, 473.47, 453.51, 512.78(vGPU 14.1), 473.47(vGPU 13.3), 453.51(vGPU 11.8), 512.78(May 2022 Cloud Gaming Release)
CVE-2022-28186;6.1;MEDIUM;CVSS:3.1/AV:L/AC:L/PR:L/UI:N/S:U/C:N/I:L/A:H;CWE-20;5353;Tesla;All versions prior to 473.47;512.77, 512.96, 512.78, 473.47, 453.51, 512.78(vGPU 14.1), 473.47(vGPU 13.3), 453.51(vGPU 11.8), 512.78(May 2022 Cloud Gaming Release)
CVE-2022-28186;6.1;MEDIUM;CVSS:3.1/AV:L/AC:L/PR:L/UI:N/S:U/C:N/I:L/A:H;CWE-20;5353;Tesla;All versions prior to 512.78;512.77, 512.96, 512.78, 473.47, 453.51, 512.78(vGPU 14.1), 473.47(vGPU 13.3), 453.51(vGPU 11.8), 512.78(May 2022 Cloud Gaming Release)
CVE-2022-28186;6.1;MEDIUM;CVSS:3.1/AV:L/AC:L/PR:L/UI:N/S:U/C:N/I:L/A:H;CWE-20;5353;vGPU software (guest driver);453.37(All versions prior to and including vGPU 11.7);512.77, 512.96, 512.78, 473.47, 453.51, 512.78(vGPU 14.1), 473.47(vGPU 13.3), 453.51(vGPU 11.8), 512.78(May 2022 Cloud Gaming Release)
CVE-2022-28186;6.1;MEDIUM;CVSS:3.1/AV:L/AC:L/PR:L/UI:N/S:U/C:N/I:L/A:H;CWE-20;5353;vGPU software (guest driver);472.98(All versions prior to and including vGPU 13.2);512.77, 512.96, 512.78, 473.47, 453.51, 512.78(vGPU 14.1), 473.47(vGPU 13.3), 453.51(vGPU 11.8), 512.78(May 2022 Cloud Gaming Release)
CVE-2022-28186;6.1;MEDIUM;CVSS:3.1/AV:L/AC:L/PR:L/UI:N/S:U/C:N/I:L/A:H;CWE-20;5353;vGPU software (guest driver);511.65(All versions prior to and including vGPU 14.0);512.77, 512.96, 512.78, 473.47, 453.51, 512.78(vGPU 14.1), 473.47(vGPU 13.3), 453.51(vGPU 11.8), 512.78(May 2022 Cloud Gaming Release)
CVE-2022-28187;5.5;MEDIUM;CVSS:3.1/AV:L/AC:L/PR:L/UI:N/S:U/C:N/I:N/A:H;CWE-772;5353;GeForce;All versions prior to 512.77;512.77, 512.96, 512.78
CVE-2022-28187;5.5;MEDIUM;CVSS:3.1/AV:L/AC:L/PR:L/UI:N/S:U/C:N/I:N/A:H;CWE-772;5353;NVIDIA RTX/Quadro, NVS;All versions prior to 512.78;512.77, 512.96, 512.78
CVE-2022-28187;5.5;MEDIUM;CVSS:3.1/AV:L/AC:L/PR:L/UI:N/S:U/C:N/I:N/A:H;CWE-772;5353;Studio;All versions prior to 512.96;512.77, 512.96, 512.78
CVE-2022-28187;5.5;MEDIUM;CVSS:3.1/AV:L/AC:L/PR:L/UI:N/S:U/C:N/I:N/A:H;CWE-772;5353;Tesla;All versions prior to 512.78;512.77, 512.96, 512.78
CVE-2022-28188;5.5;MEDIUM;CVSS:3.1/AV:L/AC:L/PR:L/UI:N/S:U/C:N/I:N/A:H;CWE-20;5353;Cloud Gaming Guest Driver;512.59(	All versions prior to and including the April 2022 Cloud Gaming Release);512.77, 512.96, 512.78, 473.47, 453.51, 512.78(vGPU 14.1), 473.47(vGPU 13.3), 453.51(vGPU 11.8), 512.78(May 2022 Cloud Gaming Release)
CVE-2022-28188;5.5;MEDIUM;CVSS:3.1/AV:L/AC:L/PR:L/UI:N/S:U/C:N/I:N/A:H;CWE-20;5353;GeForce;All versions prior to 512.77;512.77, 512.96, 512.78, 473.47, 453.51, 512.78(vGPU 14.1), 473.47(vGPU 13.3), 453.51(vGPU 11.8), 512.78(May 2022 Cloud Gaming Release)
CVE-2022-28188;5.5;MEDIUM;CVSS:3.1/AV:L/AC:L/PR:L/UI:N/S:U/C:N/I:N/A:H;CWE-20;5353;NVIDIA RTX/Quadro, NVS;All versions prior to 473.47;512.77, 512.96, 512.78, 473.47, 453.51, 512.78(vGPU 14.1), 473.47(vGPU 13.3), 453.51(vGPU 11.8), 512.78(May 2022 Cloud Gaming Release)
CVE-2022-28188;5.5;MEDIUM;CVSS:3.1/AV:L/AC:L/PR:L/UI:N/S:U/C:N/I:N/A:H;CWE-20;5353;NVIDIA RTX/Quadro, NVS;All versions prior to 512.78;512.77, 512.96, 512.78, 473.47, 453.51, 512.78(vGPU 14.1), 473.47(vGPU 13.3), 453.51(vGPU 11.8), 512.78(May 2022 Cloud Gaming Release)
CVE-2022-28188;5.5;MEDIUM;CVSS:3.1/AV:L/AC:L/PR:L/UI:N/S:U/C:N/I:N/A:H;CWE-20;5353;Studio;All versions prior to 512.96;512.77, 512.96, 512.78, 473.47, 453.51, 512.78(vGPU 14.1), 473.47(vGPU 13.3), 453.51(vGPU 11.8), 512.78(May 2022 Cloud Gaming Release)
CVE-2022-28188;5.5;MEDIUM;CVSS:3.1/AV:L/AC:L/PR:L/UI:N/S:U/C:N/I:N/A:H;CWE-20;5353;Tesla;All versions prior to 453.51;512.77, 512.96, 512.78, 473.47, 453.51, 512.78(vGPU 14.1), 473.47(vGPU 13.3), 453.51(vGPU 11.8), 512.78(May 2022 Cloud Gaming Release)
CVE-2022-28188;5.5;MEDIUM;CVSS:3.1/AV:L/AC:L/PR:L/UI:N/S:U/C:N/I:N/A:H;CWE-20;5353;Tesla;All versions prior to 473.47;512.77, 512.96, 512.78, 473.47, 453.51, 512.78(vGPU 14.1), 473.47(vGPU 13.3), 453.51(vGPU 11.8), 512.78(May 2022 Cloud Gaming Release)
CVE-2022-28188;5.5;MEDIUM;CVSS:3.1/AV:L/AC:L/PR:L/UI:N/S:U/C:N/I:N/A:H;CWE-20;5353;Tesla;All versions prior to 512.78;512.77, 512.96, 512.78, 473.47, 453.51, 512.78(vGPU 14.1), 473.47(vGPU 13.3), 453.51(vGPU 11.8), 512.78(May 2022 Cloud Gaming Release)
CVE-2022-28188;5.5;MEDIUM;CVSS:3.1/AV:L/AC:L/PR:L/UI:N/S:U/C:N/I:N/A:H;CWE-20;5353;vGPU software (guest driver);453.37(All versions prior to and including vGPU 11.7);512.77, 512.96, 512.78, 473.47, 453.51, 512.78(vGPU 14.1), 473.47(vGPU 13.3), 453.51(vGPU 11.8), 512.78(May 2022 Cloud Gaming Release)
CVE-2022-28188;5.5;MEDIUM;CVSS:3.1/AV:L/AC:L/PR:L/UI:N/S:U/C:N/I:N/A:H;CWE-20;5353;vGPU software (guest driver);472.98(All versions prior to and including vGPU 13.2);512.77, 512.96, 512.78, 473.47, 453.51, 512.78(vGPU 14.1), 473.47(vGPU 13.3), 453.51(vGPU 11.8), 512.78(May 2022 Cloud Gaming Release)
CVE-2022-28188;5.5;MEDIUM;CVSS:3.1/AV:L/AC:L/PR:L/UI:N/S:U/C:N/I:N/A:H;CWE-20;5353;vGPU software (guest driver);511.65(All versions prior to and including vGPU 14.0);512.77, 512.96, 512.78, 473.47, 453.51, 512.78(vGPU 14.1), 473.47(vGPU 13.3), 453.51(vGPU 11.8), 512.78(May 2022 Cloud Gaming Release)
CVE-2022-28189;5.5;MEDIUM;CVSS:3.1/AV:L/AC:L/PR:L/UI:N/S:U/C:N/I:N/A:H;CWE-476;5353;Cloud Gaming Guest Driver;512.59(	All versions prior to and including the April 2022 Cloud Gaming Release);512.77, 512.96, 512.78, 473.47, 453.51, 512.78(vGPU 14.1), 473.47(vGPU 13.3), 453.51(vGPU 11.8), 512.78(May 2022 Cloud Gaming Release)
CVE-2022-28189;5.5;MEDIUM;CVSS:3.1/AV:L/AC:L/PR:L/UI:N/S:U/C:N/I:N/A:H;CWE-476;5353;GeForce;All versions prior to 512.77;512.77, 512.96, 512.78, 473.47, 453.51, 512.78(vGPU 14.1), 473.47(vGPU 13.3), 453.51(vGPU 11.8), 512.78(May 2022 Cloud Gaming Release)
CVE-2022-28189;5.5;MEDIUM;CVSS:3.1/AV:L/AC:L/PR:L/UI:N/S:U/C:N/I:N/A:H;CWE-476;5353;NVIDIA RTX/Quadro, NVS;All versions prior to 473.47;512.77, 512.96, 512.78, 473.47, 453.51, 512.78(vGPU 14.1), 473.47(vGPU 13.3), 453.51(vGPU 11.8), 512.78(May 2022 Cloud Gaming Release)
CVE-2022-28189;5.5;MEDIUM;CVSS:3.1/AV:L/AC:L/PR:L/UI:N/S:U/C:N/I:N/A:H;CWE-476;5353;NVIDIA RTX/Quadro, NVS;All versions prior to 512.78;512.77, 512.96, 512.78, 473.47, 453.51, 512.78(vGPU 14.1), 473.47(vGPU 13.3), 453.51(vGPU 11.8), 512.78(May 2022 Cloud Gaming Release)
CVE-2022-28189;5.5;MEDIUM;CVSS:3.1/AV:L/AC:L/PR:L/UI:N/S:U/C:N/I:N/A:H;CWE-476;5353;Studio;All versions prior to 512.96;512.77, 512.96, 512.78, 473.47, 453.51, 512.78(vGPU 14.1), 473.47(vGPU 13.3), 453.51(vGPU 11.8), 512.78(May 2022 Cloud Gaming Release)
CVE-2022-28189;5.5;MEDIUM;CVSS:3.1/AV:L/AC:L/PR:L/UI:N/S:U/C:N/I:N/A:H;CWE-476;5353;Tesla;All versions prior to 453.51;512.77, 512.96, 512.78, 473.47, 453.51, 512.78(vGPU 14.1), 473.47(vGPU 13.3), 453.51(vGPU 11.8), 512.78(May 2022 Cloud Gaming Release)
CVE-2022-28189;5.5;MEDIUM;CVSS:3.1/AV:L/AC:L/PR:L/UI:N/S:U/C:N/I:N/A:H;CWE-476;5353;Tesla;All versions prior to 473.47;512.77, 512.96, 512.78, 473.47, 453.51, 512.78(vGPU 14.1), 473.47(vGPU 13.3), 453.51(vGPU 11.8), 512.78(May 2022 Cloud Gaming Release)
CVE-2022-28189;5.5;MEDIUM;CVSS:3.1/AV:L/AC:L/PR:L/UI:N/S:U/C:N/I:N/A:H;CWE-476;5353;Tesla;All versions prior to 512.78;512.77, 512.96, 512.78, 473.47, 453.51, 512.78(vGPU 14.1), 473.47(vGPU 13.3), 453.51(vGPU 11.8), 512.78(May 2022 Cloud Gaming Release)
CVE-2022-28189;5.5;MEDIUM;CVSS:3.1/AV:L/AC:L/PR:L/UI:N/S:U/C:N/I:N/A:H;CWE-476;5353;vGPU software (guest driver);453.37(All versions prior to and including vGPU 11.7);512.77, 512.96, 512.78, 473.47, 453.51, 512.78(vGPU 14.1), 473.47(vGPU 13.3), 453.51(vGPU 11.8), 512.78(May 2022 Cloud Gaming Release)
CVE-2022-28189;5.5;MEDIUM;CVSS:3.1/AV:L/AC:L/PR:L/UI:N/S:U/C:N/I:N/A:H;CWE-476;5353;vGPU software (guest driver);472.98(All versions prior to and including vGPU 13.2);512.77, 512.96, 512.78, 473.47, 453.51, 512.78(vGPU 14.1), 473.47(vGPU 13.3), 453.51(vGPU 11.8), 512.78(May 2022 Cloud Gaming Release)
CVE-2022-28189;5.5;MEDIUM;CVSS:3.1/AV:L/AC:L/PR:L/UI:N/S:U/C:N/I:N/A:H;CWE-476;5353;vGPU software (guest driver);511.65(All versions prior to and including vGPU 14.0);512.77, 512.96, 512.78, 473.47, 453.51, 512.78(vGPU 14.1), 473.47(vGPU 13.3), 453.51(vGPU 11.8), 512.78(May 2022 Cloud Gaming Release)
CVE-2022-28190;5.5;MEDIUM;CVSS:3.1/AV:L/AC:L/PR:L/UI:N/S:U/C:N/I:N/A:H;CWE-20;5353;Cloud Gaming Guest Driver;512.59(	All versions prior to and including the April 2022 Cloud Gaming Release);512.77, 512.96, 512.78, 512.78(vGPU 14.1), 473.47(vGPU 13.3), 453.51(vGPU 11.8), 512.78(May 2022 Cloud Gaming Release)
CVE-2022-28190;5.5;MEDIUM;CVSS:3.1/AV:L/AC:L/PR:L/UI:N/S:U/C:N/I:N/A:H;CWE-20;5353;GeForce;All versions prior to 512.77;512.77, 512.96, 512.78, 512.78(vGPU 14.1), 473.47(vGPU 13.3), 453.51(vGPU 11.8), 512.78(May 2022 Cloud Gaming Release)
CVE-2022-28190;5.5;MEDIUM;CVSS:3.1/AV:L/AC:L/PR:L/UI:N/S:U/C:N/I:N/A:H;CWE-20;5353;NVIDIA RTX/Quadro, NVS;All versions prior to 512.78;512.77, 512.96, 512.78, 512.78(vGPU 14.1), 473.47(vGPU 13.3), 453.51(vGPU 11.8), 512.78(May 2022 Cloud Gaming Release)
CVE-2022-28190;5.5;MEDIUM;CVSS:3.1/AV:L/AC:L/PR:L/UI:N/S:U/C:N/I:N/A:H;CWE-20;5353;Studio;All versions prior to 512.96;512.77, 512.96, 512.78, 512.78(vGPU 14.1), 473.47(vGPU 13.3), 453.51(vGPU 11.8), 512.78(May 2022 Cloud Gaming Release)
CVE-2022-28190;5.5;MEDIUM;CVSS:3.1/AV:L/AC:L/PR:L/UI:N/S:U/C:N/I:N/A:H;CWE-20;5353;Tesla;All versions prior to 512.78;512.77, 512.96, 512.78, 512.78(vGPU 14.1), 473.47(vGPU 13.3), 453.51(vGPU 11.8), 512.78(May 2022 Cloud Gaming Release)
CVE-2022-28190;5.5;MEDIUM;CVSS:3.1/AV:L/AC:L/PR:L/UI:N/S:U/C:N/I:N/A:H;CWE-20;5353;vGPU software (guest driver);453.37(All versions prior to and including vGPU 11.7);512.77, 512.96, 512.78, 512.78(vGPU 14.1), 473.47(vGPU 13.3), 453.51(vGPU 11.8), 512.78(May 2022 Cloud Gaming Release)
CVE-2022-28190;5.5;MEDIUM;CVSS:3.1/AV:L/AC:L/PR:L/UI:N/S:U/C:N/I:N/A:H;CWE-20;5353;vGPU software (guest driver);472.98(All versions prior to and including vGPU 13.2);512.77, 512.96, 512.78, 512.78(vGPU 14.1), 473.47(vGPU 13.3), 453.51(vGPU 11.8), 512.78(May 2022 Cloud Gaming Release)
CVE-2022-28190;5.5;MEDIUM;CVSS:3.1/AV:L/AC:L/PR:L/UI:N/S:U/C:N/I:N/A:H;CWE-20;5353;vGPU software (guest driver);511.65(All versions prior to and including vGPU 14.0);512.77, 512.96, 512.78, 512.78(vGPU 14.1), 473.47(vGPU 13.3), 453.51(vGPU 11.8), 512.78(May 2022 Cloud Gaming Release)
CVE-2022-28191;5.5;MEDIUM;CVSS:3.1/AV:L/AC:L/PR:L/UI:N/S:U/C:N/I:N/A:H;CWE-400;5353;Cloud Gaming Virtual GPU Manager;510.68.02(All versions prior to and including the April 2022 Cloud Gaming Release);510.73.05, 470.129.06, 510.73.08, 510.73.06(vGPU 14.1), 470.129.04(vGPU 13.3), 450.191(vGPU 11.8), 510.73.06(May 2022 Cloud Gaming Release)
CVE-2022-28191;5.5;MEDIUM;CVSS:3.1/AV:L/AC:L/PR:L/UI:N/S:U/C:N/I:N/A:H;CWE-400;5353;GeForce, NVIDIA RTX/Quadro, NVS;All versions prior to 470.129.06;510.73.05, 470.129.06, 510.73.08, 510.73.06(vGPU 14.1), 470.129.04(vGPU 13.3), 450.191(vGPU 11.8), 510.73.06(May 2022 Cloud Gaming Release)
CVE-2022-28191;5.5;MEDIUM;CVSS:3.1/AV:L/AC:L/PR:L/UI:N/S:U/C:N/I:N/A:H;CWE-400;5353;GeForce, NVIDIA RTX/Quadro, NVS;All versions prior to 510.73.05;510.73.05, 470.129.06, 510.73.08, 510.73.06(vGPU 14.1), 470.129.04(vGPU 13.3), 450.191(vGPU 11.8), 510.73.06(May 2022 Cloud Gaming Release)
CVE-2022-28191;5.5;MEDIUM;CVSS:3.1/AV:L/AC:L/PR:L/UI:N/S:U/C:N/I:N/A:H;CWE-400;5353;Tesla;All versions prior to 470.129.06;510.73.05, 470.129.06, 510.73.08, 510.73.06(vGPU 14.1), 470.129.04(vGPU 13.3), 450.191(vGPU 11.8), 510.73.06(May 2022 Cloud Gaming Release)
CVE-2022-28191;5.5;MEDIUM;CVSS:3.1/AV:L/AC:L/PR:L/UI:N/S:U/C:N/I:N/A:H;CWE-400;5353;Tesla;All versions prior to 510.73.08;510.73.05, 470.129.06, 510.73.08, 510.73.06(vGPU 14.1), 470.129.04(vGPU 13.3), 450.191(vGPU 11.8), 510.73.06(May 2022 Cloud Gaming Release)
CVE-2022-28191;5.5;MEDIUM;CVSS:3.1/AV:L/AC:L/PR:L/UI:N/S:U/C:N/I:N/A:H;CWE-400;5353;vGPU software (Virtual GPU Manager);450.172(All versions prior to and including vGPU 11.7);510.73.05, 470.129.06, 510.73.08, 510.73.06(vGPU 14.1), 470.129.04(vGPU 13.3), 450.191(vGPU 11.8), 510.73.06(May 2022 Cloud Gaming Release)
CVE-2022-28191;5.5;MEDIUM;CVSS:3.1/AV:L/AC:L/PR:L/UI:N/S:U/C:N/I:N/A:H;CWE-400;5353;vGPU software (Virtual GPU Manager);470.103.02(All versions prior to and including vGPU 13.2);510.73.05, 470.129.06, 510.73.08, 510.73.06(vGPU 14.1), 470.129.04(vGPU 13.3), 450.191(vGPU 11.8), 510.73.06(May 2022 Cloud Gaming Release)
CVE-2022-28191;5.5;MEDIUM;CVSS:3.1/AV:L/AC:L/PR:L/UI:N/S:U/C:N/I:N/A:H;CWE-400;5353;vGPU software (Virtual GPU Manager);510.47.03(All versions prior to and including vGPU 14.0);510.73.05, 470.129.06, 510.73.08, 510.73.06(vGPU 14.1), 470.129.04(vGPU 13.3), 450.191(vGPU 11.8), 510.73.06(May 2022 Cloud Gaming Release)
CVE-2022-28192;4.1;MEDIUM;CVSS:3.1/AV:L/AC:H/PR:H/UI:N/S:U/C:N/I:N/A:H;CWE-416;5353;Cloud Gaming Virtual GPU Manager;510.68.02(All versions prior to and including the April 2022 Cloud Gaming Release);510.73.05, 470.129.06, 510.73.08, 450.191.01, 510.73.06(vGPU 14.1), 470.129.04(vGPU 13.3), 450.191(vGPU 11.8), 510.73.06(May 2022 Cloud Gaming Release)
CVE-2022-28192;4.1;MEDIUM;CVSS:3.1/AV:L/AC:H/PR:H/UI:N/S:U/C:N/I:N/A:H;CWE-416;5353;GeForce, NVIDIA RTX/Quadro, NVS;All versions prior to 470.129.06;510.73.05, 470.129.06, 510.73.08, 450.191.01, 510.73.06(vGPU 14.1), 470.129.04(vGPU 13.3), 450.191(vGPU 11.8), 510.73.06(May 2022 Cloud Gaming Release)
CVE-2022-28192;4.1;MEDIUM;CVSS:3.1/AV:L/AC:H/PR:H/UI:N/S:U/C:N/I:N/A:H;CWE-416;5353;GeForce, NVIDIA RTX/Quadro, NVS;All versions prior to 510.73.05;510.73.05, 470.129.06, 510.73.08, 450.191.01, 510.73.06(vGPU 14.1), 470.129.04(vGPU 13.3), 450.191(vGPU 11.8), 510.73.06(May 2022 Cloud Gaming Release)
CVE-2022-28192;4.1;MEDIUM;CVSS:3.1/AV:L/AC:H/PR:H/UI:N/S:U/C:N/I:N/A:H;CWE-416;5353;Tesla;All versions prior to 450.191.01;510.73.05, 470.129.06, 510.73.08, 450.191.01, 510.73.06(vGPU 14.1), 470.129.04(vGPU 13.3), 450.191(vGPU 11.8), 510.73.06(May 2022 Cloud Gaming Release)
CVE-2022-28192;4.1;MEDIUM;CVSS:3.1/AV:L/AC:H/PR:H/UI:N/S:U/C:N/I:N/A:H;CWE-416;5353;Tesla;All versions prior to 470.129.06;510.73.05, 470.129.06, 510.73.08, 450.191.01, 510.73.06(vGPU 14.1), 470.129.04(vGPU 13.3), 450.191(vGPU 11.8), 510.73.06(May 2022 Cloud Gaming Release)
CVE-2022-28192;4.1;MEDIUM;CVSS:3.1/AV:L/AC:H/PR:H/UI:N/S:U/C:N/I:N/A:H;CWE-416;5353;Tesla;All versions prior to 510.73.08;510.73.05, 470.129.06, 510.73.08, 450.191.01, 510.73.06(vGPU 14.1), 470.129.04(vGPU 13.3), 450.191(vGPU 11.8), 510.73.06(May 2022 Cloud Gaming Release)
CVE-2022-28192;4.1;MEDIUM;CVSS:3.1/AV:L/AC:H/PR:H/UI:N/S:U/C:N/I:N/A:H;CWE-416;5353;vGPU software (Virtual GPU Manager);450.172(All versions prior to and including vGPU 11.7);510.73.05, 470.129.06, 510.73.08, 450.191.01, 510.73.06(vGPU 14.1), 470.129.04(vGPU 13.3), 450.191(vGPU 11.8), 510.73.06(May 2022 Cloud Gaming Release)
CVE-2022-28192;4.1;MEDIUM;CVSS:3.1/AV:L/AC:H/PR:H/UI:N/S:U/C:N/I:N/A:H;CWE-416;5353;vGPU software (Virtual GPU Manager);470.103.02(All versions prior to and including vGPU 13.2);510.73.05, 470.129.06, 510.73.08, 450.191.01, 510.73.06(vGPU 14.1), 470.129.04(vGPU 13.3), 450.191(vGPU 11.8), 510.73.06(May 2022 Cloud Gaming Release)
CVE-2022-28192;4.1;MEDIUM;CVSS:3.1/AV:L/AC:H/PR:H/UI:N/S:U/C:N/I:N/A:H;CWE-416;5353;vGPU software (Virtual GPU Manager);510.47.03(All versions prior to and including vGPU 14.0);510.73.05, 470.129.06, 510.73.08, 450.191.01, 510.73.06(vGPU 14.1), 470.129.04(vGPU 13.3), 450.191(vGPU 11.8), 510.73.06(May 2022 Cloud Gaming Release)
CVE-2022-28193;5.6;MEDIUM;CVSS:3.1/AV:L/AC:L/PR:H/UI:N/S:U/C:L/I:H/A:L;CWE-20;5343;Jetson AGX Xavier series, Jetson Xavier NX;All versions prior to 32.7.2;32.7.2
CVE-2022-28194;5.6;MEDIUM;CVSS:3.1/AV:L/AC:L/PR:H/UI:N/S:U/C:L/I:H/A:L;CWE-119;5343;Jetson AGX Xavier series, Jetson Xavier NX;All versions prior to 32.7.2;32.7.2
CVE-2022-28195;5.7;MEDIUM;CVSS:3.1/AV:L/AC:L/PR:H/UI:N/S:C/C:L/I:L/A:L;CWE-20;5343;Jetson AGX Xavier series, Jetson Xavier NX;All versions prior to 32.7.2;32.7.2
CVE-2022-28196;4.6;MEDIUM;CVSS:3.1/AV:L/AC:L/PR:H/UI:N/S:C/C:N/I:L/A:L;CWE-20;5343;Jetson AGX Xavier series, Jetson TX2 series, Jetson Xavier NX, Jetson TX2 NX;All versions prior to 32.7.2;32.7.2
CVE-2022-28197;5;MEDIUM;CVSS:3.1/AV:L/AC:H/PR:H/UI:N/S:C/C:L/I:L/A:L;CWE-190;5343;Jetson AGX Xavier series, Jetson Xavier NX;All versions prior to 32.7.2;32.7.2
CVE-2022-28198;6.6;MEDIUM;CVSS:3.1/AV:P/AC:L/PR:N/UI:R/S:U/C:H/I:H/A:H;CWE-706;5342;Omniverse Cache;2021.3.0;2022.1.1
CVE-2022-28198;6.6;MEDIUM;CVSS:3.1/AV:P/AC:L/PR:N/UI:R/S:U/C:H/I:H/A:H;CWE-706;5342;Omniverse Nucleus;2021.3.2;2022.1.1
CVE-2022-28199;6.5;MEDIUM;CVSS:3.1/AV:N/AC:L/PR:L/UI:N/S:U/C:N/I:N/A:H;CWE-1284;5389;MLNX_DPDK;mlnx_dpdk_19.11_1 through mlnx_dpdk_20.11_1.0.0-4;mlnx_dpdk_20.11_5.0.0
CVE-2022-28200;8.2;HIGH;CVSS:3.1/AV:L/AC:L/PR:H/UI:N/S:C/C:H/I:H/A:H;CWE-119;5367;NVIDIA DGX A100;All versions prior to 22.5.5;22.5.5
CVE-2022-31599;8.2;HIGH;CVSS:3.1/AV:L/AC:L/PR:H/UI:N/S:C/C:H/I:H/A:H;CWE-824;5367;NVIDIA DGX A100;All versions prior to 22.5.5;22.5.5
CVE-2022-31600;7.5;HIGH;CVSS:3.1/AV:L/AC:H/PR:H/UI:N/S:C/C:H/I:H/A:H;CWE-190;5367;NVIDIA DGX A100;All versions prior to 22.5.5;22.5.5
CVE-2022-31601;6.7;MEDIUM;CVSS:3.1/AV:L/AC:L/PR:H/UI:N/S:U/C:H/I:H/A:H;CWE-787;5367;NVIDIA DGX A100;All versions prior to 22.5.5;22.5.5
CVE-2022-31602;6.4;MEDIUM;CVSS:3.1/AV:L/AC:H/PR:H/UI:N/S:U/C:H/I:H/A:H;CWE-787;5367;NVIDIA DGX A100;All versions prior to 22.5.5;22.5.5
CVE-2022-31603;6.4;MEDIUM;CVSS:3.1/AV:L/AC:H/PR:H/UI:N/S:U/C:H/I:H/A:H;CWE-129;5367;NVIDIA DGX A100;All versions prior to 22.5.5;22.5.5
CVE-2022-31606;7.8;HIGH;CVSS:3.1/AV:L/AC:L/PR:L/UI:N/S:U/C:H/I:H/A:H;CWE-787;5383;GeForce;All driver versions prior to 473.81;516.94, 473.81, 513.46, 453.64, 513.46(vGPU 14.2), 473.81(vGPU 13.4), 453.64(vGPU 11.9), 516.94(August 2022 release)
CVE-2022-31606;7.8;HIGH;CVSS:3.1/AV:L/AC:L/PR:L/UI:N/S:U/C:H/I:H/A:H;CWE-787;5383;GeForce;All driver versions prior to 473.81 for support of desktop Kepler-series GPUs;516.94, 473.81, 513.46, 453.64, 513.46(vGPU 14.2), 473.81(vGPU 13.4), 453.64(vGPU 11.9), 516.94(August 2022 release)
CVE-2022-31606;7.8;HIGH;CVSS:3.1/AV:L/AC:L/PR:L/UI:N/S:U/C:H/I:H/A:H;CWE-787;5383;GeForce;All driver versions prior to 516.94;516.94, 473.81, 513.46, 453.64, 513.46(vGPU 14.2), 473.81(vGPU 13.4), 453.64(vGPU 11.9), 516.94(August 2022 release)
CVE-2022-31606;7.8;HIGH;CVSS:3.1/AV:L/AC:L/PR:L/UI:N/S:U/C:H/I:H/A:H;CWE-787;5383;NVIDIA Cloud Gaming (guest driver);All versions prior to 516.94(All versions prior to the August 2022 release);516.94, 473.81, 513.46, 453.64, 513.46(vGPU 14.2), 473.81(vGPU 13.4), 453.64(vGPU 11.9), 516.94(August 2022 release)
CVE-2022-31606;7.8;HIGH;CVSS:3.1/AV:L/AC:L/PR:L/UI:N/S:U/C:H/I:H/A:H;CWE-787;5383;NVIDIA RTX/Quadro, NVS;All driver versions prior to 473.81;516.94, 473.81, 513.46, 453.64, 513.46(vGPU 14.2), 473.81(vGPU 13.4), 453.64(vGPU 11.9), 516.94(August 2022 release)
CVE-2022-31606;7.8;HIGH;CVSS:3.1/AV:L/AC:L/PR:L/UI:N/S:U/C:H/I:H/A:H;CWE-787;5383;NVIDIA RTX/Quadro, NVS;All driver versions prior to 513.46;516.94, 473.81, 513.46, 453.64, 513.46(vGPU 14.2), 473.81(vGPU 13.4), 453.64(vGPU 11.9), 516.94(August 2022 release)
CVE-2022-31606;7.8;HIGH;CVSS:3.1/AV:L/AC:L/PR:L/UI:N/S:U/C:H/I:H/A:H;CWE-787;5383;NVIDIA RTX/Quadro, NVS;All driver versions prior to 516.94;516.94, 473.81, 513.46, 453.64, 513.46(vGPU 14.2), 473.81(vGPU 13.4), 453.64(vGPU 11.9), 516.94(August 2022 release)
CVE-2022-31606;7.8;HIGH;CVSS:3.1/AV:L/AC:L/PR:L/UI:N/S:U/C:H/I:H/A:H;CWE-787;5383;Studio;All driver versions prior to 516.94;516.94, 473.81, 513.46, 453.64, 513.46(vGPU 14.2), 473.81(vGPU 13.4), 453.64(vGPU 11.9), 516.94(August 2022 release)
CVE-2022-31606;7.8;HIGH;CVSS:3.1/AV:L/AC:L/PR:L/UI:N/S:U/C:H/I:H/A:H;CWE-787;5383;Tesla;All driver versions prior to 453.64;516.94, 473.81, 513.46, 453.64, 513.46(vGPU 14.2), 473.81(vGPU 13.4), 453.64(vGPU 11.9), 516.94(August 2022 release)
CVE-2022-31606;7.8;HIGH;CVSS:3.1/AV:L/AC:L/PR:L/UI:N/S:U/C:H/I:H/A:H;CWE-787;5383;Tesla;All driver versions prior to 472.81;516.94, 473.81, 513.46, 453.64, 513.46(vGPU 14.2), 473.81(vGPU 13.4), 453.64(vGPU 11.9), 516.94(August 2022 release)
CVE-2022-31606;7.8;HIGH;CVSS:3.1/AV:L/AC:L/PR:L/UI:N/S:U/C:H/I:H/A:H;CWE-787;5383;Tesla;All driver versions prior to 513.46;516.94, 473.81, 513.46, 453.64, 513.46(vGPU 14.2), 473.81(vGPU 13.4), 453.64(vGPU 11.9), 516.94(August 2022 release)
CVE-2022-31606;7.8;HIGH;CVSS:3.1/AV:L/AC:L/PR:L/UI:N/S:U/C:H/I:H/A:H;CWE-787;5383;Tesla;All driver versions prior to 516.94;516.94, 473.81, 513.46, 453.64, 513.46(vGPU 14.2), 473.81(vGPU 13.4), 453.64(vGPU 11.9), 516.94(August 2022 release)
CVE-2022-31606;7.8;HIGH;CVSS:3.1/AV:L/AC:L/PR:L/UI:N/S:U/C:H/I:H/A:H;CWE-787;5383;vGPU software (guest driver);453.51(All versions prior to and including vGPU 11.8);516.94, 473.81, 513.46, 453.64, 513.46(vGPU 14.2), 473.81(vGPU 13.4), 453.64(vGPU 11.9), 516.94(August 2022 release)
CVE-2022-31606;7.8;HIGH;CVSS:3.1/AV:L/AC:L/PR:L/UI:N/S:U/C:H/I:H/A:H;CWE-787;5383;vGPU software (guest driver);473.47(All versions prior to and including vGPU 13.3);516.94, 473.81, 513.46, 453.64, 513.46(vGPU 14.2), 473.81(vGPU 13.4), 453.64(vGPU 11.9), 516.94(August 2022 release)
CVE-2022-31606;7.8;HIGH;CVSS:3.1/AV:L/AC:L/PR:L/UI:N/S:U/C:H/I:H/A:H;CWE-787;5383;vGPU software (guest driver);512.78(All versions prior to and including vGPU 14.1);516.94, 473.81, 513.46, 453.64, 513.46(vGPU 14.2), 473.81(vGPU 13.4), 453.64(vGPU 11.9), 516.94(August 2022 release)
CVE-2022-31607;7.8;HIGH;CVSS:3.1/AV:L/AC:L/PR:L/UI:N/S:U/C:H/I:H/A:H;CWE-20;5383;GeForce;All driver versions prior to 390.154;515.65.01, 510.85.02, 470.141.03, 390.154, 450.203.03, 515.65.01(August 2022 release)
CVE-2022-31607;7.8;HIGH;CVSS:3.1/AV:L/AC:L/PR:L/UI:N/S:U/C:H/I:H/A:H;CWE-20;5383;GeForce;All driver versions prior to 470.141.03;515.65.01, 510.85.02, 470.141.03, 390.154, 450.203.03, 515.65.01(August 2022 release)
CVE-2022-31607;7.8;HIGH;CVSS:3.1/AV:L/AC:L/PR:L/UI:N/S:U/C:H/I:H/A:H;CWE-20;5383;GeForce;All driver versions prior to 510.85.02;515.65.01, 510.85.02, 470.141.03, 390.154, 450.203.03, 515.65.01(August 2022 release)
CVE-2022-31607;7.8;HIGH;CVSS:3.1/AV:L/AC:L/PR:L/UI:N/S:U/C:H/I:H/A:H;CWE-20;5383;GeForce;All driver versions prior to 515.65.01;515.65.01, 510.85.02, 470.141.03, 390.154, 450.203.03, 515.65.01(August 2022 release)
CVE-2022-31607;7.8;HIGH;CVSS:3.1/AV:L/AC:L/PR:L/UI:N/S:U/C:H/I:H/A:H;CWE-20;5383;NVIDIA Cloud Gaming (guest driver);All versions prior to 515.65.01(All versions prior to the August 2022 release);515.65.01, 510.85.02, 470.141.03, 390.154, 450.203.03, 515.65.01(August 2022 release)
CVE-2022-31607;7.8;HIGH;CVSS:3.1/AV:L/AC:L/PR:L/UI:N/S:U/C:H/I:H/A:H;CWE-20;5383;NVIDIA Cloud Gaming(Virtual GPU Manager);All versions prior to 515.65.01(All versions prior to the August 2022 release);515.65.01, 510.85.02, 470.141.03, 390.154, 450.203.03, 515.65.01(August 2022 release)
CVE-2022-31607;7.8;HIGH;CVSS:3.1/AV:L/AC:L/PR:L/UI:N/S:U/C:H/I:H/A:H;CWE-20;5383;NVIDIA RTX, Quadro, NVS;All driver versions prior to 390.154;515.65.01, 510.85.02, 470.141.03, 390.154, 450.203.03, 515.65.01(August 2022 release)
CVE-2022-31607;7.8;HIGH;CVSS:3.1/AV:L/AC:L/PR:L/UI:N/S:U/C:H/I:H/A:H;CWE-20;5383;NVIDIA RTX, Quadro, NVS;All driver versions prior to 470.141.03;515.65.01, 510.85.02, 470.141.03, 390.154, 450.203.03, 515.65.01(August 2022 release)
CVE-2022-31607;7.8;HIGH;CVSS:3.1/AV:L/AC:L/PR:L/UI:N/S:U/C:H/I:H/A:H;CWE-20;5383;NVIDIA RTX, Quadro, NVS;All driver versions prior to 510.85.02;515.65.01, 510.85.02, 470.141.03, 390.154, 450.203.03, 515.65.01(August 2022 release)
CVE-2022-31607;7.8;HIGH;CVSS:3.1/AV:L/AC:L/PR:L/UI:N/S:U/C:H/I:H/A:H;CWE-20;5383;NVIDIA RTX, Quadro, NVS;All driver versions prior to 515.65.01;515.65.01, 510.85.02, 470.141.03, 390.154, 450.203.03, 515.65.01(August 2022 release)
CVE-2022-31607;7.8;HIGH;CVSS:3.1/AV:L/AC:L/PR:L/UI:N/S:U/C:H/I:H/A:H;CWE-20;5383;Tesla;All driver versions prior to 450.203.03;515.65.01, 510.85.02, 470.141.03, 390.154, 450.203.03, 515.65.01(August 2022 release)
CVE-2022-31607;7.8;HIGH;CVSS:3.1/AV:L/AC:L/PR:L/UI:N/S:U/C:H/I:H/A:H;CWE-20;5383;Tesla;All driver versions prior to 470.141.03;515.65.01, 510.85.02, 470.141.03, 390.154, 450.203.03, 515.65.01(August 2022 release)
CVE-2022-31607;7.8;HIGH;CVSS:3.1/AV:L/AC:L/PR:L/UI:N/S:U/C:H/I:H/A:H;CWE-20;5383;Tesla;All driver versions prior to 510.85.02;515.65.01, 510.85.02, 470.141.03, 390.154, 450.203.03, 515.65.01(August 2022 release)
CVE-2022-31607;7.8;HIGH;CVSS:3.1/AV:L/AC:L/PR:L/UI:N/S:U/C:H/I:H/A:H;CWE-20;5383;Tesla;All driver versions prior to 515.65.01;515.65.01, 510.85.02, 470.141.03, 390.154, 450.203.03, 515.65.01(August 2022 release)
CVE-2022-31608;7.8;HIGH;CVSS:3.1/AV:L/AC:L/PR:L/UI:N/S:U/C:H/I:H/A:H;CWE-281;5383;GeForce;All driver versions prior to 390.154;515.65.01, 510.85.02, 470.141.03, 390.154, 450.203.03
CVE-2022-31608;7.8;HIGH;CVSS:3.1/AV:L/AC:L/PR:L/UI:N/S:U/C:H/I:H/A:H;CWE-281;5383;GeForce;All driver versions prior to 470.141.03;515.65.01, 510.85.02, 470.141.03, 390.154, 450.203.03
CVE-2022-31608;7.8;HIGH;CVSS:3.1/AV:L/AC:L/PR:L/UI:N/S:U/C:H/I:H/A:H;CWE-281;5383;GeForce;All driver versions prior to 510.85.02;515.65.01, 510.85.02, 470.141.03, 390.154, 450.203.03
CVE-2022-31608;7.8;HIGH;CVSS:3.1/AV:L/AC:L/PR:L/UI:N/S:U/C:H/I:H/A:H;CWE-281;5383;GeForce;All driver versions prior to 515.65.01;515.65.01, 510.85.02, 470.141.03, 390.154, 450.203.03
CVE-2022-31608;7.8;HIGH;CVSS:3.1/AV:L/AC:L/PR:L/UI:N/S:U/C:H/I:H/A:H;CWE-281;5383;NVIDIA RTX, Quadro, NVS;All driver versions prior to 390.154;515.65.01, 510.85.02, 470.141.03, 390.154, 450.203.03
CVE-2022-31608;7.8;HIGH;CVSS:3.1/AV:L/AC:L/PR:L/UI:N/S:U/C:H/I:H/A:H;CWE-281;5383;NVIDIA RTX, Quadro, NVS;All driver versions prior to 470.141.03;515.65.01, 510.85.02, 470.141.03, 390.154, 450.203.03
CVE-2022-31608;7.8;HIGH;CVSS:3.1/AV:L/AC:L/PR:L/UI:N/S:U/C:H/I:H/A:H;CWE-281;5383;NVIDIA RTX, Quadro, NVS;All driver versions prior to 510.85.02;515.65.01, 510.85.02, 470.141.03, 390.154, 450.203.03
CVE-2022-31608;7.8;HIGH;CVSS:3.1/AV:L/AC:L/PR:L/UI:N/S:U/C:H/I:H/A:H;CWE-281;5383;NVIDIA RTX, Quadro, NVS;All driver versions prior to 515.65.01;515.65.01, 510.85.02, 470.141.03, 390.154, 450.203.03
CVE-2022-31608;7.8;HIGH;CVSS:3.1/AV:L/AC:L/PR:L/UI:N/S:U/C:H/I:H/A:H;CWE-281;5383;Tesla;All driver versions prior to 450.203.03;515.65.01, 510.85.02, 470.141.03, 390.154, 450.203.03
CVE-2022-31608;7.8;HIGH;CVSS:3.1/AV:L/AC:L/PR:L/UI:N/S:U/C:H/I:H/A:H;CWE-281;5383;Tesla;All driver versions prior to 470.141.03;515.65.01, 510.85.02, 470.141.03, 390.154, 450.203.03
CVE-2022-31608;7.8;HIGH;CVSS:3.1/AV:L/AC:L/PR:L/UI:N/S:U/C:H/I:H/A:H;CWE-281;5383;Tesla;All driver versions prior to 510.85.02;515.65.01, 510.85.02, 470.141.03, 390.154, 450.203.03
CVE-2022-31608;7.8;HIGH;CVSS:3.1/AV:L/AC:L/PR:L/UI:N/S:U/C:H/I:H/A:H;CWE-281;5383;Tesla;All driver versions prior to 515.65.01;515.65.01, 510.85.02, 470.141.03, 390.154, 450.203.03
CVE-2022-31609;7.8;HIGH;CVSS:3.1/AV:L/AC:L/PR:L/UI:N/S:U/C:H/I:H/A:H;CWE-285;5383;NVIDIA Cloud Gaming(Virtual GPU Manager);All versions prior to 515.65.01(All versions prior to the August 2022 release);515.65.01(August 2022 release), 510.85.03(vGPU 14.2), 470.141.05(vGPU 13.4), 450.203(vGPU 11.9)
CVE-2022-31609;7.8;HIGH;CVSS:3.1/AV:L/AC:L/PR:L/UI:N/S:U/C:H/I:H/A:H;CWE-285;5383;vGPU software (Virtual GPU Manager);450.191(All versions prior to and including vGPU 11.8);515.65.01(August 2022 release), 510.85.03(vGPU 14.2), 470.141.05(vGPU 13.4), 450.203(vGPU 11.9)
CVE-2022-31609;7.8;HIGH;CVSS:3.1/AV:L/AC:L/PR:L/UI:N/S:U/C:H/I:H/A:H;CWE-285;5383;vGPU software (Virtual GPU Manager);470.129.04(All versions prior to and including vGPU 13.3);515.65.01(August 2022 release), 510.85.03(vGPU 14.2), 470.141.05(vGPU 13.4), 450.203(vGPU 11.9)
CVE-2022-31609;7.8;HIGH;CVSS:3.1/AV:L/AC:L/PR:L/UI:N/S:U/C:H/I:H/A:H;CWE-285;5383;vGPU software (Virtual GPU Manager);510.73.06	(All versions prior to and including vGPU 14.1);515.65.01(August 2022 release), 510.85.03(vGPU 14.2), 470.141.05(vGPU 13.4), 450.203(vGPU 11.9)
CVE-2022-31610;7.8;HIGH;CVSS:3.1/AV:L/AC:L/PR:L/UI:N/S:U/C:H/I:H/A:H;CWE-787;5383;GeForce;All driver versions prior to 473.81;516.94, 473.81, 513.46, 453.64, 513.46(vGPU 14.2), 473.81(vGPU 13.4), 453.64(vGPU 11.9), 516.94(August 2022 release)
CVE-2022-31610;7.8;HIGH;CVSS:3.1/AV:L/AC:L/PR:L/UI:N/S:U/C:H/I:H/A:H;CWE-787;5383;GeForce;All driver versions prior to 473.81 for support of desktop Kepler-series GPUs;516.94, 473.81, 513.46, 453.64, 513.46(vGPU 14.2), 473.81(vGPU 13.4), 453.64(vGPU 11.9), 516.94(August 2022 release)
CVE-2022-31610;7.8;HIGH;CVSS:3.1/AV:L/AC:L/PR:L/UI:N/S:U/C:H/I:H/A:H;CWE-787;5383;GeForce;All driver versions prior to 516.94;516.94, 473.81, 513.46, 453.64, 513.46(vGPU 14.2), 473.81(vGPU 13.4), 453.64(vGPU 11.9), 516.94(August 2022 release)
CVE-2022-31610;7.8;HIGH;CVSS:3.1/AV:L/AC:L/PR:L/UI:N/S:U/C:H/I:H/A:H;CWE-787;5383;NVIDIA Cloud Gaming (guest driver);All versions prior to 516.94(All versions prior to the August 2022 release);516.94, 473.81, 513.46, 453.64, 513.46(vGPU 14.2), 473.81(vGPU 13.4), 453.64(vGPU 11.9), 516.94(August 2022 release)
CVE-2022-31610;7.8;HIGH;CVSS:3.1/AV:L/AC:L/PR:L/UI:N/S:U/C:H/I:H/A:H;CWE-787;5383;NVIDIA RTX/Quadro, NVS;All driver versions prior to 473.81;516.94, 473.81, 513.46, 453.64, 513.46(vGPU 14.2), 473.81(vGPU 13.4), 453.64(vGPU 11.9), 516.94(August 2022 release)
CVE-2022-31610;7.8;HIGH;CVSS:3.1/AV:L/AC:L/PR:L/UI:N/S:U/C:H/I:H/A:H;CWE-787;5383;NVIDIA RTX/Quadro, NVS;All driver versions prior to 513.46;516.94, 473.81, 513.46, 453.64, 513.46(vGPU 14.2), 473.81(vGPU 13.4), 453.64(vGPU 11.9), 516.94(August 2022 release)
CVE-2022-31610;7.8;HIGH;CVSS:3.1/AV:L/AC:L/PR:L/UI:N/S:U/C:H/I:H/A:H;CWE-787;5383;NVIDIA RTX/Quadro, NVS;All driver versions prior to 516.94;516.94, 473.81, 513.46, 453.64, 513.46(vGPU 14.2), 473.81(vGPU 13.4), 453.64(vGPU 11.9), 516.94(August 2022 release)
CVE-2022-31610;7.8;HIGH;CVSS:3.1/AV:L/AC:L/PR:L/UI:N/S:U/C:H/I:H/A:H;CWE-787;5383;Studio;All driver versions prior to 516.94;516.94, 473.81, 513.46, 453.64, 513.46(vGPU 14.2), 473.81(vGPU 13.4), 453.64(vGPU 11.9), 516.94(August 2022 release)
CVE-2022-31610;7.8;HIGH;CVSS:3.1/AV:L/AC:L/PR:L/UI:N/S:U/C:H/I:H/A:H;CWE-787;5383;Tesla;All driver versions prior to 453.64;516.94, 473.81, 513.46, 453.64, 513.46(vGPU 14.2), 473.81(vGPU 13.4), 453.64(vGPU 11.9), 516.94(August 2022 release)
CVE-2022-31610;7.8;HIGH;CVSS:3.1/AV:L/AC:L/PR:L/UI:N/S:U/C:H/I:H/A:H;CWE-787;5383;Tesla;All driver versions prior to 472.81;516.94, 473.81, 513.46, 453.64, 513.46(vGPU 14.2), 473.81(vGPU 13.4), 453.64(vGPU 11.9), 516.94(August 2022 release)
CVE-2022-31610;7.8;HIGH;CVSS:3.1/AV:L/AC:L/PR:L/UI:N/S:U/C:H/I:H/A:H;CWE-787;5383;Tesla;All driver versions prior to 513.46;516.94, 473.81, 513.46, 453.64, 513.46(vGPU 14.2), 473.81(vGPU 13.4), 453.64(vGPU 11.9), 516.94(August 2022 release)
CVE-2022-31610;7.8;HIGH;CVSS:3.1/AV:L/AC:L/PR:L/UI:N/S:U/C:H/I:H/A:H;CWE-787;5383;Tesla;All driver versions prior to 516.94;516.94, 473.81, 513.46, 453.64, 513.46(vGPU 14.2), 473.81(vGPU 13.4), 453.64(vGPU 11.9), 516.94(August 2022 release)
CVE-2022-31610;7.8;HIGH;CVSS:3.1/AV:L/AC:L/PR:L/UI:N/S:U/C:H/I:H/A:H;CWE-787;5383;vGPU software (guest driver);453.51(All versions prior to and including vGPU 11.8);516.94, 473.81, 513.46, 453.64, 513.46(vGPU 14.2), 473.81(vGPU 13.4), 453.64(vGPU 11.9), 516.94(August 2022 release)
CVE-2022-31610;7.8;HIGH;CVSS:3.1/AV:L/AC:L/PR:L/UI:N/S:U/C:H/I:H/A:H;CWE-787;5383;vGPU software (guest driver);473.47(All versions prior to and including vGPU 13.3);516.94, 473.81, 513.46, 453.64, 513.46(vGPU 14.2), 473.81(vGPU 13.4), 453.64(vGPU 11.9), 516.94(August 2022 release)
CVE-2022-31610;7.8;HIGH;CVSS:3.1/AV:L/AC:L/PR:L/UI:N/S:U/C:H/I:H/A:H;CWE-787;5383;vGPU software (guest driver);512.78(All versions prior to and including vGPU 14.1);516.94, 473.81, 513.46, 453.64, 513.46(vGPU 14.2), 473.81(vGPU 13.4), 453.64(vGPU 11.9), 516.94(August 2022 release)
CVE-2022-31612;7.1;HIGH;CVSS:3.1/AV:L/AC:L/PR:L/UI:N/S:U/C:H/I:N/A:H;CWE-125;5383;GeForce;All driver versions prior to 473.81;516.94, 473.81, 513.46, 453.64, 513.46(vGPU 14.2), 473.81(vGPU 13.4), 453.64(vGPU 11.9), 516.94(August 2022 release)
CVE-2022-31612;7.1;HIGH;CVSS:3.1/AV:L/AC:L/PR:L/UI:N/S:U/C:H/I:N/A:H;CWE-125;5383;GeForce;All driver versions prior to 473.81 for support of desktop Kepler-series GPUs;516.94, 473.81, 513.46, 453.64, 513.46(vGPU 14.2), 473.81(vGPU 13.4), 453.64(vGPU 11.9), 516.94(August 2022 release)
CVE-2022-31612;7.1;HIGH;CVSS:3.1/AV:L/AC:L/PR:L/UI:N/S:U/C:H/I:N/A:H;CWE-125;5383;GeForce;All driver versions prior to 516.94;516.94, 473.81, 513.46, 453.64, 513.46(vGPU 14.2), 473.81(vGPU 13.4), 453.64(vGPU 11.9), 516.94(August 2022 release)
CVE-2022-31612;7.1;HIGH;CVSS:3.1/AV:L/AC:L/PR:L/UI:N/S:U/C:H/I:N/A:H;CWE-125;5383;NVIDIA Cloud Gaming (guest driver);All versions prior to 516.94(All versions prior to the August 2022 release);516.94, 473.81, 513.46, 453.64, 513.46(vGPU 14.2), 473.81(vGPU 13.4), 453.64(vGPU 11.9), 516.94(August 2022 release)
CVE-2022-31612;7.1;HIGH;CVSS:3.1/AV:L/AC:L/PR:L/UI:N/S:U/C:H/I:N/A:H;CWE-125;5383;NVIDIA RTX/Quadro, NVS;All driver versions prior to 473.81;516.94, 473.81, 513.46, 453.64, 513.46(vGPU 14.2), 473.81(vGPU 13.4), 453.64(vGPU 11.9), 516.94(August 2022 release)
CVE-2022-31612;7.1;HIGH;CVSS:3.1/AV:L/AC:L/PR:L/UI:N/S:U/C:H/I:N/A:H;CWE-125;5383;NVIDIA RTX/Quadro, NVS;All driver versions prior to 513.46;516.94, 473.81, 513.46, 453.64, 513.46(vGPU 14.2), 473.81(vGPU 13.4), 453.64(vGPU 11.9), 516.94(August 2022 release)
CVE-2022-31612;7.1;HIGH;CVSS:3.1/AV:L/AC:L/PR:L/UI:N/S:U/C:H/I:N/A:H;CWE-125;5383;NVIDIA RTX/Quadro, NVS;All driver versions prior to 516.94;516.94, 473.81, 513.46, 453.64, 513.46(vGPU 14.2), 473.81(vGPU 13.4), 453.64(vGPU 11.9), 516.94(August 2022 release)
CVE-2022-31612;7.1;HIGH;CVSS:3.1/AV:L/AC:L/PR:L/UI:N/S:U/C:H/I:N/A:H;CWE-125;5383;Studio;All driver versions prior to 516.94;516.94, 473.81, 513.46, 453.64, 513.46(vGPU 14.2), 473.81(vGPU 13.4), 453.64(vGPU 11.9), 516.94(August 2022 release)
CVE-2022-31612;7.1;HIGH;CVSS:3.1/AV:L/AC:L/PR:L/UI:N/S:U/C:H/I:N/A:H;CWE-125;5383;Tesla;All driver versions prior to 453.64;516.94, 473.81, 513.46, 453.64, 513.46(vGPU 14.2), 473.81(vGPU 13.4), 453.64(vGPU 11.9), 516.94(August 2022 release)
CVE-2022-31612;7.1;HIGH;CVSS:3.1/AV:L/AC:L/PR:L/UI:N/S:U/C:H/I:N/A:H;CWE-125;5383;Tesla;All driver versions prior to 472.81;516.94, 473.81, 513.46, 453.64, 513.46(vGPU 14.2), 473.81(vGPU 13.4), 453.64(vGPU 11.9), 516.94(August 2022 release)
CVE-2022-31612;7.1;HIGH;CVSS:3.1/AV:L/AC:L/PR:L/UI:N/S:U/C:H/I:N/A:H;CWE-125;5383;Tesla;All driver versions prior to 513.46;516.94, 473.81, 513.46, 453.64, 513.46(vGPU 14.2), 473.81(vGPU 13.4), 453.64(vGPU 11.9), 516.94(August 2022 release)
CVE-2022-31612;7.1;HIGH;CVSS:3.1/AV:L/AC:L/PR:L/UI:N/S:U/C:H/I:N/A:H;CWE-125;5383;Tesla;All driver versions prior to 516.94;516.94, 473.81, 513.46, 453.64, 513.46(vGPU 14.2), 473.81(vGPU 13.4), 453.64(vGPU 11.9), 516.94(August 2022 release)
CVE-2022-31612;7.1;HIGH;CVSS:3.1/AV:L/AC:L/PR:L/UI:N/S:U/C:H/I:N/A:H;CWE-125;5383;vGPU software (guest driver);453.51(All versions prior to and including vGPU 11.8);516.94, 473.81, 513.46, 453.64, 513.46(vGPU 14.2), 473.81(vGPU 13.4), 453.64(vGPU 11.9), 516.94(August 2022 release)
CVE-2022-31612;7.1;HIGH;CVSS:3.1/AV:L/AC:L/PR:L/UI:N/S:U/C:H/I:N/A:H;CWE-125;5383;vGPU software (guest driver);473.47(All versions prior to and including vGPU 13.3);516.94, 473.81, 513.46, 453.64, 513.46(vGPU 14.2), 473.81(vGPU 13.4), 453.64(vGPU 11.9), 516.94(August 2022 release)
CVE-2022-31612;7.1;HIGH;CVSS:3.1/AV:L/AC:L/PR:L/UI:N/S:U/C:H/I:N/A:H;CWE-125;5383;vGPU software (guest driver);512.78(All versions prior to and including vGPU 14.1);516.94, 473.81, 513.46, 453.64, 513.46(vGPU 14.2), 473.81(vGPU 13.4), 453.64(vGPU 11.9), 516.94(August 2022 release)
CVE-2022-31613;7.1;HIGH;CVSS:3.1/AV:L/AC:L/PR:N/UI:N/S:C/C:N/I:N/A:H;CWE-476;5383;GeForce;All driver versions prior to 473.81;516.94, 473.81, 513.46, 453.64, 513.46(vGPU 14.2), 473.81(vGPU 13.4), 453.64(vGPU 11.9), 516.94(August 2022 release), 515.65.01(August 2022 release), 510.85.03(vGPU 14.2), 470.141.05(vGPU 13.4), 450.203(vGPU 11.9), 450.203.02(vGPU 11.9)
CVE-2022-31613;7.1;HIGH;CVSS:3.1/AV:L/AC:L/PR:N/UI:N/S:C/C:N/I:N/A:H;CWE-476;5383;GeForce;All driver versions prior to 473.81 for support of desktop Kepler-series GPUs;516.94, 473.81, 513.46, 453.64, 513.46(vGPU 14.2), 473.81(vGPU 13.4), 453.64(vGPU 11.9), 516.94(August 2022 release), 515.65.01(August 2022 release), 510.85.03(vGPU 14.2), 470.141.05(vGPU 13.4), 450.203(vGPU 11.9), 450.203.02(vGPU 11.9)
CVE-2022-31613;7.1;HIGH;CVSS:3.1/AV:L/AC:L/PR:N/UI:N/S:C/C:N/I:N/A:H;CWE-476;5383;GeForce;All driver versions prior to 516.94;516.94, 473.81, 513.46, 453.64, 513.46(vGPU 14.2), 473.81(vGPU 13.4), 453.64(vGPU 11.9), 516.94(August 2022 release), 515.65.01(August 2022 release), 510.85.03(vGPU 14.2), 470.141.05(vGPU 13.4), 450.203(vGPU 11.9), 450.203.02(vGPU 11.9)
CVE-2022-31613;7.1;HIGH;CVSS:3.1/AV:L/AC:L/PR:N/UI:N/S:C/C:N/I:N/A:H;CWE-476;5383;NVIDIA Cloud Gaming (guest driver);All versions prior to 515.65.01(All versions prior to the August 2022 release);516.94, 473.81, 513.46, 453.64, 513.46(vGPU 14.2), 473.81(vGPU 13.4), 453.64(vGPU 11.9), 516.94(August 2022 release), 515.65.01(August 2022 release), 510.85.03(vGPU 14.2), 470.141.05(vGPU 13.4), 450.203(vGPU 11.9), 450.203.02(vGPU 11.9)
CVE-2022-31613;7.1;HIGH;CVSS:3.1/AV:L/AC:L/PR:N/UI:N/S:C/C:N/I:N/A:H;CWE-476;5383;NVIDIA Cloud Gaming (guest driver);All versions prior to 516.94(All versions prior to the August 2022 release);516.94, 473.81, 513.46, 453.64, 513.46(vGPU 14.2), 473.81(vGPU 13.4), 453.64(vGPU 11.9), 516.94(August 2022 release), 515.65.01(August 2022 release), 510.85.03(vGPU 14.2), 470.141.05(vGPU 13.4), 450.203(vGPU 11.9), 450.203.02(vGPU 11.9)
CVE-2022-31613;7.1;HIGH;CVSS:3.1/AV:L/AC:L/PR:N/UI:N/S:C/C:N/I:N/A:H;CWE-476;5383;NVIDIA Cloud Gaming(Virtual GPU Manager);All versions prior to 515.65.01(All versions prior to the August 2022 release);516.94, 473.81, 513.46, 453.64, 513.46(vGPU 14.2), 473.81(vGPU 13.4), 453.64(vGPU 11.9), 516.94(August 2022 release), 515.65.01(August 2022 release), 510.85.03(vGPU 14.2), 470.141.05(vGPU 13.4), 450.203(vGPU 11.9), 450.203.02(vGPU 11.9)
CVE-2022-31613;7.1;HIGH;CVSS:3.1/AV:L/AC:L/PR:N/UI:N/S:C/C:N/I:N/A:H;CWE-476;5383;NVIDIA RTX/Quadro, NVS;All driver versions prior to 473.81;516.94, 473.81, 513.46, 453.64, 513.46(vGPU 14.2), 473.81(vGPU 13.4), 453.64(vGPU 11.9), 516.94(August 2022 release), 515.65.01(August 2022 release), 510.85.03(vGPU 14.2), 470.141.05(vGPU 13.4), 450.203(vGPU 11.9), 450.203.02(vGPU 11.9)
CVE-2022-31613;7.1;HIGH;CVSS:3.1/AV:L/AC:L/PR:N/UI:N/S:C/C:N/I:N/A:H;CWE-476;5383;NVIDIA RTX/Quadro, NVS;All driver versions prior to 513.46;516.94, 473.81, 513.46, 453.64, 513.46(vGPU 14.2), 473.81(vGPU 13.4), 453.64(vGPU 11.9), 516.94(August 2022 release), 515.65.01(August 2022 release), 510.85.03(vGPU 14.2), 470.141.05(vGPU 13.4), 450.203(vGPU 11.9), 450.203.02(vGPU 11.9)
CVE-2022-31613;7.1;HIGH;CVSS:3.1/AV:L/AC:L/PR:N/UI:N/S:C/C:N/I:N/A:H;CWE-476;5383;NVIDIA RTX/Quadro, NVS;All driver versions prior to 516.94;516.94, 473.81, 513.46, 453.64, 513.46(vGPU 14.2), 473.81(vGPU 13.4), 453.64(vGPU 11.9), 516.94(August 2022 release), 515.65.01(August 2022 release), 510.85.03(vGPU 14.2), 470.141.05(vGPU 13.4), 450.203(vGPU 11.9), 450.203.02(vGPU 11.9)
CVE-2022-31613;7.1;HIGH;CVSS:3.1/AV:L/AC:L/PR:N/UI:N/S:C/C:N/I:N/A:H;CWE-476;5383;Studio;All driver versions prior to 516.94;516.94, 473.81, 513.46, 453.64, 513.46(vGPU 14.2), 473.81(vGPU 13.4), 453.64(vGPU 11.9), 516.94(August 2022 release), 515.65.01(August 2022 release), 510.85.03(vGPU 14.2), 470.141.05(vGPU 13.4), 450.203(vGPU 11.9), 450.203.02(vGPU 11.9)
CVE-2022-31613;7.1;HIGH;CVSS:3.1/AV:L/AC:L/PR:N/UI:N/S:C/C:N/I:N/A:H;CWE-476;5383;Tesla;All driver versions prior to 453.64;516.94, 473.81, 513.46, 453.64, 513.46(vGPU 14.2), 473.81(vGPU 13.4), 453.64(vGPU 11.9), 516.94(August 2022 release), 515.65.01(August 2022 release), 510.85.03(vGPU 14.2), 470.141.05(vGPU 13.4), 450.203(vGPU 11.9), 450.203.02(vGPU 11.9)
CVE-2022-31613;7.1;HIGH;CVSS:3.1/AV:L/AC:L/PR:N/UI:N/S:C/C:N/I:N/A:H;CWE-476;5383;Tesla;All driver versions prior to 472.81;516.94, 473.81, 513.46, 453.64, 513.46(vGPU 14.2), 473.81(vGPU 13.4), 453.64(vGPU 11.9), 516.94(August 2022 release), 515.65.01(August 2022 release), 510.85.03(vGPU 14.2), 470.141.05(vGPU 13.4), 450.203(vGPU 11.9), 450.203.02(vGPU 11.9)
CVE-2022-31613;7.1;HIGH;CVSS:3.1/AV:L/AC:L/PR:N/UI:N/S:C/C:N/I:N/A:H;CWE-476;5383;Tesla;All driver versions prior to 513.46;516.94, 473.81, 513.46, 453.64, 513.46(vGPU 14.2), 473.81(vGPU 13.4), 453.64(vGPU 11.9), 516.94(August 2022 release), 515.65.01(August 2022 release), 510.85.03(vGPU 14.2), 470.141.05(vGPU 13.4), 450.203(vGPU 11.9), 450.203.02(vGPU 11.9)
CVE-2022-31613;7.1;HIGH;CVSS:3.1/AV:L/AC:L/PR:N/UI:N/S:C/C:N/I:N/A:H;CWE-476;5383;Tesla;All driver versions prior to 516.94;516.94, 473.81, 513.46, 453.64, 513.46(vGPU 14.2), 473.81(vGPU 13.4), 453.64(vGPU 11.9), 516.94(August 2022 release), 515.65.01(August 2022 release), 510.85.03(vGPU 14.2), 470.141.05(vGPU 13.4), 450.203(vGPU 11.9), 450.203.02(vGPU 11.9)
CVE-2022-31613;7.1;HIGH;CVSS:3.1/AV:L/AC:L/PR:N/UI:N/S:C/C:N/I:N/A:H;CWE-476;5383;vGPU software (guest driver);450.191.01(All versions prior to and including vGPU 11.8);516.94, 473.81, 513.46, 453.64, 513.46(vGPU 14.2), 473.81(vGPU 13.4), 453.64(vGPU 11.9), 516.94(August 2022 release), 515.65.01(August 2022 release), 510.85.03(vGPU 14.2), 470.141.05(vGPU 13.4), 450.203(vGPU 11.9), 450.203.02(vGPU 11.9)
CVE-2022-31613;7.1;HIGH;CVSS:3.1/AV:L/AC:L/PR:N/UI:N/S:C/C:N/I:N/A:H;CWE-476;5383;vGPU software (guest driver);453.51(All versions prior to and including vGPU 11.8);516.94, 473.81, 513.46, 453.64, 513.46(vGPU 14.2), 473.81(vGPU 13.4), 453.64(vGPU 11.9), 516.94(August 2022 release), 515.65.01(August 2022 release), 510.85.03(vGPU 14.2), 470.141.05(vGPU 13.4), 450.203(vGPU 11.9), 450.203.02(vGPU 11.9)
CVE-2022-31613;7.1;HIGH;CVSS:3.1/AV:L/AC:L/PR:N/UI:N/S:C/C:N/I:N/A:H;CWE-476;5383;vGPU software (guest driver);473.47(All versions prior to and including vGPU 13.3);516.94, 473.81, 513.46, 453.64, 513.46(vGPU 14.2), 473.81(vGPU 13.4), 453.64(vGPU 11.9), 516.94(August 2022 release), 515.65.01(August 2022 release), 510.85.03(vGPU 14.2), 470.141.05(vGPU 13.4), 450.203(vGPU 11.9), 450.203.02(vGPU 11.9)
CVE-2022-31613;7.1;HIGH;CVSS:3.1/AV:L/AC:L/PR:N/UI:N/S:C/C:N/I:N/A:H;CWE-476;5383;vGPU software (guest driver);512.78(All versions prior to and including vGPU 14.1);516.94, 473.81, 513.46, 453.64, 513.46(vGPU 14.2), 473.81(vGPU 13.4), 453.64(vGPU 11.9), 516.94(August 2022 release), 515.65.01(August 2022 release), 510.85.03(vGPU 14.2), 470.141.05(vGPU 13.4), 450.203(vGPU 11.9), 450.203.02(vGPU 11.9)
CVE-2022-31613;7.1;HIGH;CVSS:3.1/AV:L/AC:L/PR:N/UI:N/S:C/C:N/I:N/A:H;CWE-476;5383;vGPU software (Virtual GPU Manager);450.191(All versions prior to and including vGPU 11.8);516.94, 473.81, 513.46, 453.64, 513.46(vGPU 14.2), 473.81(vGPU 13.4), 453.64(vGPU 11.9), 516.94(August 2022 release), 515.65.01(August 2022 release), 510.85.03(vGPU 14.2), 470.141.05(vGPU 13.4), 450.203(vGPU 11.9), 450.203.02(vGPU 11.9)
CVE-2022-31613;7.1;HIGH;CVSS:3.1/AV:L/AC:L/PR:N/UI:N/S:C/C:N/I:N/A:H;CWE-476;5383;vGPU software (Virtual GPU Manager);470.129.04(All versions prior to and including vGPU 13.3);516.94, 473.81, 513.46, 453.64, 513.46(vGPU 14.2), 473.81(vGPU 13.4), 453.64(vGPU 11.9), 516.94(August 2022 release), 515.65.01(August 2022 release), 510.85.03(vGPU 14.2), 470.141.05(vGPU 13.4), 450.203(vGPU 11.9), 450.203.02(vGPU 11.9)
CVE-2022-31613;7.1;HIGH;CVSS:3.1/AV:L/AC:L/PR:N/UI:N/S:C/C:N/I:N/A:H;CWE-476;5383;vGPU software (Virtual GPU Manager);510.73.06	(All versions prior to and including vGPU 14.1);516.94, 473.81, 513.46, 453.64, 513.46(vGPU 14.2), 473.81(vGPU 13.4), 453.64(vGPU 11.9), 516.94(August 2022 release), 515.65.01(August 2022 release), 510.85.03(vGPU 14.2), 470.141.05(vGPU 13.4), 450.203(vGPU 11.9), 450.203.02(vGPU 11.9)
CVE-2022-31614;7;HIGH;CVSS:3.1/AV:L/AC:H/PR:L/UI:N/S:U/C:H/I:H/A:H;CWE-415;5383;NVIDIA Cloud Gaming(Virtual GPU Manager);All versions prior to 515.65.01(All versions prior to the August 2022 release);515.65.01(August 2022 release), 510.85.03(vGPU 14.2), 470.141.05(vGPU 13.4), 450.203(vGPU 11.9)
CVE-2022-31614;7;HIGH;CVSS:3.1/AV:L/AC:H/PR:L/UI:N/S:U/C:H/I:H/A:H;CWE-415;5383;vGPU software (Virtual GPU Manager);450.191(All versions prior to and including vGPU 11.8);515.65.01(August 2022 release), 510.85.03(vGPU 14.2), 470.141.05(vGPU 13.4), 450.203(vGPU 11.9)
CVE-2022-31614;7;HIGH;CVSS:3.1/AV:L/AC:H/PR:L/UI:N/S:U/C:H/I:H/A:H;CWE-415;5383;vGPU software (Virtual GPU Manager);470.129.04(All versions prior to and including vGPU 13.3);515.65.01(August 2022 release), 510.85.03(vGPU 14.2), 470.141.05(vGPU 13.4), 450.203(vGPU 11.9)
CVE-2022-31614;7;HIGH;CVSS:3.1/AV:L/AC:H/PR:L/UI:N/S:U/C:H/I:H/A:H;CWE-415;5383;vGPU software (Virtual GPU Manager);510.73.06	(All versions prior to and including vGPU 14.1);515.65.01(August 2022 release), 510.85.03(vGPU 14.2), 470.141.05(vGPU 13.4), 450.203(vGPU 11.9)
CVE-2022-31615;5.5;MEDIUM;CVSS:3.1/AV:L/AC:L/PR:L/UI:N/S:U/C:N/I:N/A:H;CWE-476;5383;GeForce;All driver versions prior to 390.154;515.65.01, 510.85.02, 470.141.03, 390.154, 450.203.03
CVE-2022-31615;5.5;MEDIUM;CVSS:3.1/AV:L/AC:L/PR:L/UI:N/S:U/C:N/I:N/A:H;CWE-476;5383;GeForce;All driver versions prior to 470.141.03;515.65.01, 510.85.02, 470.141.03, 390.154, 450.203.03
CVE-2022-31615;5.5;MEDIUM;CVSS:3.1/AV:L/AC:L/PR:L/UI:N/S:U/C:N/I:N/A:H;CWE-476;5383;GeForce;All driver versions prior to 510.85.02;515.65.01, 510.85.02, 470.141.03, 390.154, 450.203.03
CVE-2022-31615;5.5;MEDIUM;CVSS:3.1/AV:L/AC:L/PR:L/UI:N/S:U/C:N/I:N/A:H;CWE-476;5383;GeForce;All driver versions prior to 515.65.01;515.65.01, 510.85.02, 470.141.03, 390.154, 450.203.03
CVE-2022-31615;5.5;MEDIUM;CVSS:3.1/AV:L/AC:L/PR:L/UI:N/S:U/C:N/I:N/A:H;CWE-476;5383;NVIDIA RTX, Quadro, NVS;All driver versions prior to 390.154;515.65.01, 510.85.02, 470.141.03, 390.154, 450.203.03
CVE-2022-31615;5.5;MEDIUM;CVSS:3.1/AV:L/AC:L/PR:L/UI:N/S:U/C:N/I:N/A:H;CWE-476;5383;NVIDIA RTX, Quadro, NVS;All driver versions prior to 470.141.03;515.65.01, 510.85.02, 470.141.03, 390.154, 450.203.03
CVE-2022-31615;5.5;MEDIUM;CVSS:3.1/AV:L/AC:L/PR:L/UI:N/S:U/C:N/I:N/A:H;CWE-476;5383;NVIDIA RTX, Quadro, NVS;All driver versions prior to 510.85.02;515.65.01, 510.85.02, 470.141.03, 390.154, 450.203.03
CVE-2022-31615;5.5;MEDIUM;CVSS:3.1/AV:L/AC:L/PR:L/UI:N/S:U/C:N/I:N/A:H;CWE-476;5383;NVIDIA RTX, Quadro, NVS;All driver versions prior to 515.65.01;515.65.01, 510.85.02, 470.141.03, 390.154, 450.203.03
CVE-2022-31615;5.5;MEDIUM;CVSS:3.1/AV:L/AC:L/PR:L/UI:N/S:U/C:N/I:N/A:H;CWE-476;5383;Tesla;All driver versions prior to 450.203.03;515.65.01, 510.85.02, 470.141.03, 390.154, 450.203.03
CVE-2022-31615;5.5;MEDIUM;CVSS:3.1/AV:L/AC:L/PR:L/UI:N/S:U/C:N/I:N/A:H;CWE-476;5383;Tesla;All driver versions prior to 470.141.03;515.65.01, 510.85.02, 470.141.03, 390.154, 450.203.03
CVE-2022-31615;5.5;MEDIUM;CVSS:3.1/AV:L/AC:L/PR:L/UI:N/S:U/C:N/I:N/A:H;CWE-476;5383;Tesla;All driver versions prior to 510.85.02;515.65.01, 510.85.02, 470.141.03, 390.154, 450.203.03
CVE-2022-31615;5.5;MEDIUM;CVSS:3.1/AV:L/AC:L/PR:L/UI:N/S:U/C:N/I:N/A:H;CWE-476;5383;Tesla;All driver versions prior to 515.65.01;515.65.01, 510.85.02, 470.141.03, 390.154, 450.203.03
CVE-2022-31616;6.1;MEDIUM;CVSS:3.1/AV:L/AC:L/PR:L/UI:N/S:U/C:L/I:N/A:H;CWE-20;5383;GeForce;All driver versions prior to 473.81;516.94, 473.81, 513.46, 453.64, 513.46(vGPU 14.2), 473.81(vGPU 13.4), 453.64(vGPU 11.9), 516.94(August 2022 release)
CVE-2022-31616;6.1;MEDIUM;CVSS:3.1/AV:L/AC:L/PR:L/UI:N/S:U/C:L/I:N/A:H;CWE-20;5383;GeForce;All driver versions prior to 473.81 for support of desktop Kepler-series GPUs;516.94, 473.81, 513.46, 453.64, 513.46(vGPU 14.2), 473.81(vGPU 13.4), 453.64(vGPU 11.9), 516.94(August 2022 release)
CVE-2022-31616;6.1;MEDIUM;CVSS:3.1/AV:L/AC:L/PR:L/UI:N/S:U/C:L/I:N/A:H;CWE-20;5383;GeForce;All driver versions prior to 516.94;516.94, 473.81, 513.46, 453.64, 513.46(vGPU 14.2), 473.81(vGPU 13.4), 453.64(vGPU 11.9), 516.94(August 2022 release)
CVE-2022-31616;6.1;MEDIUM;CVSS:3.1/AV:L/AC:L/PR:L/UI:N/S:U/C:L/I:N/A:H;CWE-20;5383;NVIDIA Cloud Gaming (guest driver);All versions prior to 516.94(All versions prior to the August 2022 release);516.94, 473.81, 513.46, 453.64, 513.46(vGPU 14.2), 473.81(vGPU 13.4), 453.64(vGPU 11.9), 516.94(August 2022 release)
CVE-2022-31616;6.1;MEDIUM;CVSS:3.1/AV:L/AC:L/PR:L/UI:N/S:U/C:L/I:N/A:H;CWE-20;5383;NVIDIA RTX/Quadro, NVS;All driver versions prior to 473.81;516.94, 473.81, 513.46, 453.64, 513.46(vGPU 14.2), 473.81(vGPU 13.4), 453.64(vGPU 11.9), 516.94(August 2022 release)
CVE-2022-31616;6.1;MEDIUM;CVSS:3.1/AV:L/AC:L/PR:L/UI:N/S:U/C:L/I:N/A:H;CWE-20;5383;NVIDIA RTX/Quadro, NVS;All driver versions prior to 513.46;516.94, 473.81, 513.46, 453.64, 513.46(vGPU 14.2), 473.81(vGPU 13.4), 453.64(vGPU 11.9), 516.94(August 2022 release)
CVE-2022-31616;6.1;MEDIUM;CVSS:3.1/AV:L/AC:L/PR:L/UI:N/S:U/C:L/I:N/A:H;CWE-20;5383;NVIDIA RTX/Quadro, NVS;All driver versions prior to 516.94;516.94, 473.81, 513.46, 453.64, 513.46(vGPU 14.2), 473.81(vGPU 13.4), 453.64(vGPU 11.9), 516.94(August 2022 release)
CVE-2022-31616;6.1;MEDIUM;CVSS:3.1/AV:L/AC:L/PR:L/UI:N/S:U/C:L/I:N/A:H;CWE-20;5383;Studio;All driver versions prior to 516.94;516.94, 473.81, 513.46, 453.64, 513.46(vGPU 14.2), 473.81(vGPU 13.4), 453.64(vGPU 11.9), 516.94(August 2022 release)
CVE-2022-31616;6.1;MEDIUM;CVSS:3.1/AV:L/AC:L/PR:L/UI:N/S:U/C:L/I:N/A:H;CWE-20;5383;Tesla;All driver versions prior to 453.64;516.94, 473.81, 513.46, 453.64, 513.46(vGPU 14.2), 473.81(vGPU 13.4), 453.64(vGPU 11.9), 516.94(August 2022 release)
CVE-2022-31616;6.1;MEDIUM;CVSS:3.1/AV:L/AC:L/PR:L/UI:N/S:U/C:L/I:N/A:H;CWE-20;5383;Tesla;All driver versions prior to 472.81;516.94, 473.81, 513.46, 453.64, 513.46(vGPU 14.2), 473.81(vGPU 13.4), 453.64(vGPU 11.9), 516.94(August 2022 release)
CVE-2022-31616;6.1;MEDIUM;CVSS:3.1/AV:L/AC:L/PR:L/UI:N/S:U/C:L/I:N/A:H;CWE-20;5383;Tesla;All driver versions prior to 513.46;516.94, 473.81, 513.46, 453.64, 513.46(vGPU 14.2), 473.81(vGPU 13.4), 453.64(vGPU 11.9), 516.94(August 2022 release)
CVE-2022-31616;6.1;MEDIUM;CVSS:3.1/AV:L/AC:L/PR:L/UI:N/S:U/C:L/I:N/A:H;CWE-20;5383;Tesla;All driver versions prior to 516.94;516.94, 473.81, 513.46, 453.64, 513.46(vGPU 14.2), 473.81(vGPU 13.4), 453.64(vGPU 11.9), 516.94(August 2022 release)
CVE-2022-31616;6.1;MEDIUM;CVSS:3.1/AV:L/AC:L/PR:L/UI:N/S:U/C:L/I:N/A:H;CWE-20;5383;vGPU software (guest driver);453.51(All versions prior to and including vGPU 11.8);516.94, 473.81, 513.46, 453.64, 513.46(vGPU 14.2), 473.81(vGPU 13.4), 453.64(vGPU 11.9), 516.94(August 2022 release)
CVE-2022-31616;6.1;MEDIUM;CVSS:3.1/AV:L/AC:L/PR:L/UI:N/S:U/C:L/I:N/A:H;CWE-20;5383;vGPU software (guest driver);473.47(All versions prior to and including vGPU 13.3);516.94, 473.81, 513.46, 453.64, 513.46(vGPU 14.2), 473.81(vGPU 13.4), 453.64(vGPU 11.9), 516.94(August 2022 release)
CVE-2022-31616;6.1;MEDIUM;CVSS:3.1/AV:L/AC:L/PR:L/UI:N/S:U/C:L/I:N/A:H;CWE-20;5383;vGPU software (guest driver);512.78(All versions prior to and including vGPU 14.1);516.94, 473.81, 513.46, 453.64, 513.46(vGPU 14.2), 473.81(vGPU 13.4), 453.64(vGPU 11.9), 516.94(August 2022 release)
CVE-2022-31617;7.8;HIGH;CVSS:3.1/AV:L/AC:L/PR:L/UI:N/S:U/C:H/I:H/A:H;CWE-125;5383;GeForce;All driver versions prior to 473.81;516.94, 473.81, 513.46, 453.64, 513.46(vGPU 14.2), 473.81(vGPU 13.4), 453.64(vGPU 11.9), 516.94(August 2022 release)
CVE-2022-31617;7.8;HIGH;CVSS:3.1/AV:L/AC:L/PR:L/UI:N/S:U/C:H/I:H/A:H;CWE-125;5383;GeForce;All driver versions prior to 473.81 for support of desktop Kepler-series GPUs;516.94, 473.81, 513.46, 453.64, 513.46(vGPU 14.2), 473.81(vGPU 13.4), 453.64(vGPU 11.9), 516.94(August 2022 release)
CVE-2022-31617;7.8;HIGH;CVSS:3.1/AV:L/AC:L/PR:L/UI:N/S:U/C:H/I:H/A:H;CWE-125;5383;GeForce;All driver versions prior to 516.94;516.94, 473.81, 513.46, 453.64, 513.46(vGPU 14.2), 473.81(vGPU 13.4), 453.64(vGPU 11.9), 516.94(August 2022 release)
CVE-2022-31617;7.8;HIGH;CVSS:3.1/AV:L/AC:L/PR:L/UI:N/S:U/C:H/I:H/A:H;CWE-125;5383;NVIDIA Cloud Gaming (guest driver);All versions prior to 516.94(All versions prior to the August 2022 release);516.94, 473.81, 513.46, 453.64, 513.46(vGPU 14.2), 473.81(vGPU 13.4), 453.64(vGPU 11.9), 516.94(August 2022 release)
CVE-2022-31617;7.8;HIGH;CVSS:3.1/AV:L/AC:L/PR:L/UI:N/S:U/C:H/I:H/A:H;CWE-125;5383;NVIDIA RTX/Quadro, NVS;All driver versions prior to 473.81;516.94, 473.81, 513.46, 453.64, 513.46(vGPU 14.2), 473.81(vGPU 13.4), 453.64(vGPU 11.9), 516.94(August 2022 release)
CVE-2022-31617;7.8;HIGH;CVSS:3.1/AV:L/AC:L/PR:L/UI:N/S:U/C:H/I:H/A:H;CWE-125;5383;NVIDIA RTX/Quadro, NVS;All driver versions prior to 513.46;516.94, 473.81, 513.46, 453.64, 513.46(vGPU 14.2), 473.81(vGPU 13.4), 453.64(vGPU 11.9), 516.94(August 2022 release)
CVE-2022-31617;7.8;HIGH;CVSS:3.1/AV:L/AC:L/PR:L/UI:N/S:U/C:H/I:H/A:H;CWE-125;5383;NVIDIA RTX/Quadro, NVS;All driver versions prior to 516.94;516.94, 473.81, 513.46, 453.64, 513.46(vGPU 14.2), 473.81(vGPU 13.4), 453.64(vGPU 11.9), 516.94(August 2022 release)
CVE-2022-31617;7.8;HIGH;CVSS:3.1/AV:L/AC:L/PR:L/UI:N/S:U/C:H/I:H/A:H;CWE-125;5383;Studio;All driver versions prior to 516.94;516.94, 473.81, 513.46, 453.64, 513.46(vGPU 14.2), 473.81(vGPU 13.4), 453.64(vGPU 11.9), 516.94(August 2022 release)
CVE-2022-31617;7.8;HIGH;CVSS:3.1/AV:L/AC:L/PR:L/UI:N/S:U/C:H/I:H/A:H;CWE-125;5383;Tesla;All driver versions prior to 453.64;516.94, 473.81, 513.46, 453.64, 513.46(vGPU 14.2), 473.81(vGPU 13.4), 453.64(vGPU 11.9), 516.94(August 2022 release)
CVE-2022-31617;7.8;HIGH;CVSS:3.1/AV:L/AC:L/PR:L/UI:N/S:U/C:H/I:H/A:H;CWE-125;5383;Tesla;All driver versions prior to 472.81;516.94, 473.81, 513.46, 453.64, 513.46(vGPU 14.2), 473.81(vGPU 13.4), 453.64(vGPU 11.9), 516.94(August 2022 release)
CVE-2022-31617;7.8;HIGH;CVSS:3.1/AV:L/AC:L/PR:L/UI:N/S:U/C:H/I:H/A:H;CWE-125;5383;Tesla;All driver versions prior to 513.46;516.94, 473.81, 513.46, 453.64, 513.46(vGPU 14.2), 473.81(vGPU 13.4), 453.64(vGPU 11.9), 516.94(August 2022 release)
CVE-2022-31617;7.8;HIGH;CVSS:3.1/AV:L/AC:L/PR:L/UI:N/S:U/C:H/I:H/A:H;CWE-125;5383;Tesla;All driver versions prior to 516.94;516.94, 473.81, 513.46, 453.64, 513.46(vGPU 14.2), 473.81(vGPU 13.4), 453.64(vGPU 11.9), 516.94(August 2022 release)
CVE-2022-31617;7.8;HIGH;CVSS:3.1/AV:L/AC:L/PR:L/UI:N/S:U/C:H/I:H/A:H;CWE-125;5383;vGPU software (guest driver);453.51(All versions prior to and including vGPU 11.8);516.94, 473.81, 513.46, 453.64, 513.46(vGPU 14.2), 473.81(vGPU 13.4), 453.64(vGPU 11.9), 516.94(August 2022 release)
CVE-2022-31617;7.8;HIGH;CVSS:3.1/AV:L/AC:L/PR:L/UI:N/S:U/C:H/I:H/A:H;CWE-125;5383;vGPU software (guest driver);473.47(All versions prior to and including vGPU 13.3);516.94, 473.81, 513.46, 453.64, 513.46(vGPU 14.2), 473.81(vGPU 13.4), 453.64(vGPU 11.9), 516.94(August 2022 release)
CVE-2022-31617;7.8;HIGH;CVSS:3.1/AV:L/AC:L/PR:L/UI:N/S:U/C:H/I:H/A:H;CWE-125;5383;vGPU software (guest driver);512.78(All versions prior to and including vGPU 14.1);516.94, 473.81, 513.46, 453.64, 513.46(vGPU 14.2), 473.81(vGPU 13.4), 453.64(vGPU 11.9), 516.94(August 2022 release)
CVE-2022-31618;5.5;MEDIUM;CVSS:3.1/AV:L/AC:L/PR:L/UI:N/S:U/C:N/I:N/A:H;CWE-476;5383;vGPU software (Virtual GPU Manager);450.191(All versions prior to and including vGPU 11.8);510.85.03(vGPU 14.2), 470.141.05(vGPU 13.4), 450.203(vGPU 11.9)
CVE-2022-31618;5.5;MEDIUM;CVSS:3.1/AV:L/AC:L/PR:L/UI:N/S:U/C:N/I:N/A:H;CWE-476;5383;vGPU software (Virtual GPU Manager);470.129.04(All versions prior to and including vGPU 13.3);510.85.03(vGPU 14.2), 470.141.05(vGPU 13.4), 450.203(vGPU 11.9)
CVE-2022-31618;5.5;MEDIUM;CVSS:3.1/AV:L/AC:L/PR:L/UI:N/S:U/C:N/I:N/A:H;CWE-476;5383;vGPU software (Virtual GPU Manager);510.73.06	(All versions prior to and including vGPU 14.1);510.85.03(vGPU 14.2), 470.141.05(vGPU 13.4), 450.203(vGPU 11.9)
CVE-2022-34665;6.5;MEDIUM;CVSS:3.1/AV:L/AC:L/PR:L/UI:N/S:C/C:N/I:N/A:H;CWE-476;5383;GeForce;All driver versions prior to 473.81;516.94, 473.81, 513.46, 453.64, 513.46(vGPU 14.2), 473.81(vGPU 13.4), 453.64(vGPU 11.9), 516.94(August 2022 release), 515.65.01(August 2022 release), 510.85.03(vGPU 14.2), 470.141.05(vGPU 13.4), 450.203(vGPU 11.9), 510.85.02(vGPU 14.2)
CVE-2022-34665;6.5;MEDIUM;CVSS:3.1/AV:L/AC:L/PR:L/UI:N/S:C/C:N/I:N/A:H;CWE-476;5383;GeForce;All driver versions prior to 473.81 for support of desktop Kepler-series GPUs;516.94, 473.81, 513.46, 453.64, 513.46(vGPU 14.2), 473.81(vGPU 13.4), 453.64(vGPU 11.9), 516.94(August 2022 release), 515.65.01(August 2022 release), 510.85.03(vGPU 14.2), 470.141.05(vGPU 13.4), 450.203(vGPU 11.9), 510.85.02(vGPU 14.2)
CVE-2022-34665;6.5;MEDIUM;CVSS:3.1/AV:L/AC:L/PR:L/UI:N/S:C/C:N/I:N/A:H;CWE-476;5383;GeForce;All driver versions prior to 516.94;516.94, 473.81, 513.46, 453.64, 513.46(vGPU 14.2), 473.81(vGPU 13.4), 453.64(vGPU 11.9), 516.94(August 2022 release), 515.65.01(August 2022 release), 510.85.03(vGPU 14.2), 470.141.05(vGPU 13.4), 450.203(vGPU 11.9), 510.85.02(vGPU 14.2)
CVE-2022-34665;6.5;MEDIUM;CVSS:3.1/AV:L/AC:L/PR:L/UI:N/S:C/C:N/I:N/A:H;CWE-476;5383;NVIDIA Cloud Gaming (guest driver);All versions prior to 515.65.01(All versions prior to the August 2022 release);516.94, 473.81, 513.46, 453.64, 513.46(vGPU 14.2), 473.81(vGPU 13.4), 453.64(vGPU 11.9), 516.94(August 2022 release), 515.65.01(August 2022 release), 510.85.03(vGPU 14.2), 470.141.05(vGPU 13.4), 450.203(vGPU 11.9), 510.85.02(vGPU 14.2)
CVE-2022-34665;6.5;MEDIUM;CVSS:3.1/AV:L/AC:L/PR:L/UI:N/S:C/C:N/I:N/A:H;CWE-476;5383;NVIDIA Cloud Gaming (guest driver);All versions prior to 516.94(All versions prior to the August 2022 release);516.94, 473.81, 513.46, 453.64, 513.46(vGPU 14.2), 473.81(vGPU 13.4), 453.64(vGPU 11.9), 516.94(August 2022 release), 515.65.01(August 2022 release), 510.85.03(vGPU 14.2), 470.141.05(vGPU 13.4), 450.203(vGPU 11.9), 510.85.02(vGPU 14.2)
CVE-2022-34665;6.5;MEDIUM;CVSS:3.1/AV:L/AC:L/PR:L/UI:N/S:C/C:N/I:N/A:H;CWE-476;5383;NVIDIA Cloud Gaming(Virtual GPU Manager);All versions prior to 515.65.01(All versions prior to the August 2022 release);516.94, 473.81, 513.46, 453.64, 513.46(vGPU 14.2), 473.81(vGPU 13.4), 453.64(vGPU 11.9), 516.94(August 2022 release), 515.65.01(August 2022 release), 510.85.03(vGPU 14.2), 470.141.05(vGPU 13.4), 450.203(vGPU 11.9), 510.85.02(vGPU 14.2)
CVE-2022-34665;6.5;MEDIUM;CVSS:3.1/AV:L/AC:L/PR:L/UI:N/S:C/C:N/I:N/A:H;CWE-476;5383;NVIDIA RTX/Quadro, NVS;All driver versions prior to 473.81;516.94, 473.81, 513.46, 453.64, 513.46(vGPU 14.2), 473.81(vGPU 13.4), 453.64(vGPU 11.9), 516.94(August 2022 release), 515.65.01(August 2022 release), 510.85.03(vGPU 14.2), 470.141.05(vGPU 13.4), 450.203(vGPU 11.9), 510.85.02(vGPU 14.2)
CVE-2022-34665;6.5;MEDIUM;CVSS:3.1/AV:L/AC:L/PR:L/UI:N/S:C/C:N/I:N/A:H;CWE-476;5383;NVIDIA RTX/Quadro, NVS;All driver versions prior to 513.46;516.94, 473.81, 513.46, 453.64, 513.46(vGPU 14.2), 473.81(vGPU 13.4), 453.64(vGPU 11.9), 516.94(August 2022 release), 515.65.01(August 2022 release), 510.85.03(vGPU 14.2), 470.141.05(vGPU 13.4), 450.203(vGPU 11.9), 510.85.02(vGPU 14.2)
CVE-2022-34665;6.5;MEDIUM;CVSS:3.1/AV:L/AC:L/PR:L/UI:N/S:C/C:N/I:N/A:H;CWE-476;5383;NVIDIA RTX/Quadro, NVS;All driver versions prior to 516.94;516.94, 473.81, 513.46, 453.64, 513.46(vGPU 14.2), 473.81(vGPU 13.4), 453.64(vGPU 11.9), 516.94(August 2022 release), 515.65.01(August 2022 release), 510.85.03(vGPU 14.2), 470.141.05(vGPU 13.4), 450.203(vGPU 11.9), 510.85.02(vGPU 14.2)
CVE-2022-34665;6.5;MEDIUM;CVSS:3.1/AV:L/AC:L/PR:L/UI:N/S:C/C:N/I:N/A:H;CWE-476;5383;Studio;All driver versions prior to 516.94;516.94, 473.81, 513.46, 453.64, 513.46(vGPU 14.2), 473.81(vGPU 13.4), 453.64(vGPU 11.9), 516.94(August 2022 release), 515.65.01(August 2022 release), 510.85.03(vGPU 14.2), 470.141.05(vGPU 13.4), 450.203(vGPU 11.9), 510.85.02(vGPU 14.2)
CVE-2022-34665;6.5;MEDIUM;CVSS:3.1/AV:L/AC:L/PR:L/UI:N/S:C/C:N/I:N/A:H;CWE-476;5383;Tesla;All driver versions prior to 453.64;516.94, 473.81, 513.46, 453.64, 513.46(vGPU 14.2), 473.81(vGPU 13.4), 453.64(vGPU 11.9), 516.94(August 2022 release), 515.65.01(August 2022 release), 510.85.03(vGPU 14.2), 470.141.05(vGPU 13.4), 450.203(vGPU 11.9), 510.85.02(vGPU 14.2)
CVE-2022-34665;6.5;MEDIUM;CVSS:3.1/AV:L/AC:L/PR:L/UI:N/S:C/C:N/I:N/A:H;CWE-476;5383;Tesla;All driver versions prior to 472.81;516.94, 473.81, 513.46, 453.64, 513.46(vGPU 14.2), 473.81(vGPU 13.4), 453.64(vGPU 11.9), 516.94(August 2022 release), 515.65.01(August 2022 release), 510.85.03(vGPU 14.2), 470.141.05(vGPU 13.4), 450.203(vGPU 11.9), 510.85.02(vGPU 14.2)
CVE-2022-34665;6.5;MEDIUM;CVSS:3.1/AV:L/AC:L/PR:L/UI:N/S:C/C:N/I:N/A:H;CWE-476;5383;Tesla;All driver versions prior to 513.46;516.94, 473.81, 513.46, 453.64, 513.46(vGPU 14.2), 473.81(vGPU 13.4), 453.64(vGPU 11.9), 516.94(August 2022 release), 515.65.01(August 2022 release), 510.85.03(vGPU 14.2), 470.141.05(vGPU 13.4), 450.203(vGPU 11.9), 510.85.02(vGPU 14.2)
CVE-2022-34665;6.5;MEDIUM;CVSS:3.1/AV:L/AC:L/PR:L/UI:N/S:C/C:N/I:N/A:H;CWE-476;5383;Tesla;All driver versions prior to 516.94;516.94, 473.81, 513.46, 453.64, 513.46(vGPU 14.2), 473.81(vGPU 13.4), 453.64(vGPU 11.9), 516.94(August 2022 release), 515.65.01(August 2022 release), 510.85.03(vGPU 14.2), 470.141.05(vGPU 13.4), 450.203(vGPU 11.9), 510.85.02(vGPU 14.2)
CVE-2022-34665;6.5;MEDIUM;CVSS:3.1/AV:L/AC:L/PR:L/UI:N/S:C/C:N/I:N/A:H;CWE-476;5383;vGPU software (guest driver);453.51(All versions prior to and including vGPU 11.8);516.94, 473.81, 513.46, 453.64, 513.46(vGPU 14.2), 473.81(vGPU 13.4), 453.64(vGPU 11.9), 516.94(August 2022 release), 515.65.01(August 2022 release), 510.85.03(vGPU 14.2), 470.141.05(vGPU 13.4), 450.203(vGPU 11.9), 510.85.02(vGPU 14.2)
CVE-2022-34665;6.5;MEDIUM;CVSS:3.1/AV:L/AC:L/PR:L/UI:N/S:C/C:N/I:N/A:H;CWE-476;5383;vGPU software (guest driver);473.47(All versions prior to and including vGPU 13.3);516.94, 473.81, 513.46, 453.64, 513.46(vGPU 14.2), 473.81(vGPU 13.4), 453.64(vGPU 11.9), 516.94(August 2022 release), 515.65.01(August 2022 release), 510.85.03(vGPU 14.2), 470.141.05(vGPU 13.4), 450.203(vGPU 11.9), 510.85.02(vGPU 14.2)
CVE-2022-34665;6.5;MEDIUM;CVSS:3.1/AV:L/AC:L/PR:L/UI:N/S:C/C:N/I:N/A:H;CWE-476;5383;vGPU software (guest driver);510.73.08(All versions prior to and including vGPU 14.1);516.94, 473.81, 513.46, 453.64, 513.46(vGPU 14.2), 473.81(vGPU 13.4), 453.64(vGPU 11.9), 516.94(August 2022 release), 515.65.01(August 2022 release), 510.85.03(vGPU 14.2), 470.141.05(vGPU 13.4), 450.203(vGPU 11.9), 510.85.02(vGPU 14.2)
CVE-2022-34665;6.5;MEDIUM;CVSS:3.1/AV:L/AC:L/PR:L/UI:N/S:C/C:N/I:N/A:H;CWE-476;5383;vGPU software (guest driver);512.78(All versions prior to and including vGPU 14.1);516.94, 473.81, 513.46, 453.64, 513.46(vGPU 14.2), 473.81(vGPU 13.4), 453.64(vGPU 11.9), 516.94(August 2022 release), 515.65.01(August 2022 release), 510.85.03(vGPU 14.2), 470.141.05(vGPU 13.4), 450.203(vGPU 11.9), 510.85.02(vGPU 14.2)
CVE-2022-34665;6.5;MEDIUM;CVSS:3.1/AV:L/AC:L/PR:L/UI:N/S:C/C:N/I:N/A:H;CWE-476;5383;vGPU software (Virtual GPU Manager);450.191(All versions prior to and including vGPU 11.8);516.94, 473.81, 513.46, 453.64, 513.46(vGPU 14.2), 473.81(vGPU 13.4), 453.64(vGPU 11.9), 516.94(August 2022 release), 515.65.01(August 2022 release), 510.85.03(vGPU 14.2), 470.141.05(vGPU 13.4), 450.203(vGPU 11.9), 510.85.02(vGPU 14.2)
CVE-2022-34665;6.5;MEDIUM;CVSS:3.1/AV:L/AC:L/PR:L/UI:N/S:C/C:N/I:N/A:H;CWE-476;5383;vGPU software (Virtual GPU Manager);470.129.04(All versions prior to and including vGPU 13.3);516.94, 473.81, 513.46, 453.64, 513.46(vGPU 14.2), 473.81(vGPU 13.4), 453.64(vGPU 11.9), 516.94(August 2022 release), 515.65.01(August 2022 release), 510.85.03(vGPU 14.2), 470.141.05(vGPU 13.4), 450.203(vGPU 11.9), 510.85.02(vGPU 14.2)
CVE-2022-34665;6.5;MEDIUM;CVSS:3.1/AV:L/AC:L/PR:L/UI:N/S:C/C:N/I:N/A:H;CWE-476;5383;vGPU software (Virtual GPU Manager);510.73.06	(All versions prior to and including vGPU 14.1);516.94, 473.81, 513.46, 453.64, 513.46(vGPU 14.2), 473.81(vGPU 13.4), 453.64(vGPU 11.9), 516.94(August 2022 release), 515.65.01(August 2022 release), 510.85.03(vGPU 14.2), 470.141.05(vGPU 13.4), 450.203(vGPU 11.9), 510.85.02(vGPU 14.2)
CVE-2022-34666;6.5;MEDIUM;CVSS:3.1/AV:L/AC:L/PR:L/UI:N/S:C/C:N/I:N/A:H;CWE-476;5383;GeForce;All driver versions prior to 473.81;516.94, 473.81, 513.46, 453.64, 513.46(vGPU 14.2), 473.81(vGPU 13.4), 453.64(vGPU 11.9), 516.94(August 2022 release), 515.65.01(August 2022 release), 510.85.03(vGPU 14.2), 470.141.05(vGPU 13.4), 450.203(vGPU 11.9), 470.141.03(vGPU 13.4)
CVE-2022-34666;6.5;MEDIUM;CVSS:3.1/AV:L/AC:L/PR:L/UI:N/S:C/C:N/I:N/A:H;CWE-476;5383;GeForce;All driver versions prior to 473.81 for support of desktop Kepler-series GPUs;516.94, 473.81, 513.46, 453.64, 513.46(vGPU 14.2), 473.81(vGPU 13.4), 453.64(vGPU 11.9), 516.94(August 2022 release), 515.65.01(August 2022 release), 510.85.03(vGPU 14.2), 470.141.05(vGPU 13.4), 450.203(vGPU 11.9), 470.141.03(vGPU 13.4)
CVE-2022-34666;6.5;MEDIUM;CVSS:3.1/AV:L/AC:L/PR:L/UI:N/S:C/C:N/I:N/A:H;CWE-476;5383;GeForce;All driver versions prior to 516.94;516.94, 473.81, 513.46, 453.64, 513.46(vGPU 14.2), 473.81(vGPU 13.4), 453.64(vGPU 11.9), 516.94(August 2022 release), 515.65.01(August 2022 release), 510.85.03(vGPU 14.2), 470.141.05(vGPU 13.4), 450.203(vGPU 11.9), 470.141.03(vGPU 13.4)
CVE-2022-34666;6.5;MEDIUM;CVSS:3.1/AV:L/AC:L/PR:L/UI:N/S:C/C:N/I:N/A:H;CWE-476;5383;NVIDIA Cloud Gaming (guest driver);All versions prior to 515.65.01(All versions prior to the August 2022 release);516.94, 473.81, 513.46, 453.64, 513.46(vGPU 14.2), 473.81(vGPU 13.4), 453.64(vGPU 11.9), 516.94(August 2022 release), 515.65.01(August 2022 release), 510.85.03(vGPU 14.2), 470.141.05(vGPU 13.4), 450.203(vGPU 11.9), 470.141.03(vGPU 13.4)
CVE-2022-34666;6.5;MEDIUM;CVSS:3.1/AV:L/AC:L/PR:L/UI:N/S:C/C:N/I:N/A:H;CWE-476;5383;NVIDIA Cloud Gaming (guest driver);All versions prior to 516.94(All versions prior to the August 2022 release);516.94, 473.81, 513.46, 453.64, 513.46(vGPU 14.2), 473.81(vGPU 13.4), 453.64(vGPU 11.9), 516.94(August 2022 release), 515.65.01(August 2022 release), 510.85.03(vGPU 14.2), 470.141.05(vGPU 13.4), 450.203(vGPU 11.9), 470.141.03(vGPU 13.4)
CVE-2022-34666;6.5;MEDIUM;CVSS:3.1/AV:L/AC:L/PR:L/UI:N/S:C/C:N/I:N/A:H;CWE-476;5383;NVIDIA Cloud Gaming(Virtual GPU Manager);All versions prior to 515.65.01(All versions prior to the August 2022 release);516.94, 473.81, 513.46, 453.64, 513.46(vGPU 14.2), 473.81(vGPU 13.4), 453.64(vGPU 11.9), 516.94(August 2022 release), 515.65.01(August 2022 release), 510.85.03(vGPU 14.2), 470.141.05(vGPU 13.4), 450.203(vGPU 11.9), 470.141.03(vGPU 13.4)
CVE-2022-34666;6.5;MEDIUM;CVSS:3.1/AV:L/AC:L/PR:L/UI:N/S:C/C:N/I:N/A:H;CWE-476;5383;NVIDIA RTX/Quadro, NVS;All driver versions prior to 473.81;516.94, 473.81, 513.46, 453.64, 513.46(vGPU 14.2), 473.81(vGPU 13.4), 453.64(vGPU 11.9), 516.94(August 2022 release), 515.65.01(August 2022 release), 510.85.03(vGPU 14.2), 470.141.05(vGPU 13.4), 450.203(vGPU 11.9), 470.141.03(vGPU 13.4)
CVE-2022-34666;6.5;MEDIUM;CVSS:3.1/AV:L/AC:L/PR:L/UI:N/S:C/C:N/I:N/A:H;CWE-476;5383;NVIDIA RTX/Quadro, NVS;All driver versions prior to 513.46;516.94, 473.81, 513.46, 453.64, 513.46(vGPU 14.2), 473.81(vGPU 13.4), 453.64(vGPU 11.9), 516.94(August 2022 release), 515.65.01(August 2022 release), 510.85.03(vGPU 14.2), 470.141.05(vGPU 13.4), 450.203(vGPU 11.9), 470.141.03(vGPU 13.4)
CVE-2022-34666;6.5;MEDIUM;CVSS:3.1/AV:L/AC:L/PR:L/UI:N/S:C/C:N/I:N/A:H;CWE-476;5383;NVIDIA RTX/Quadro, NVS;All driver versions prior to 516.94;516.94, 473.81, 513.46, 453.64, 513.46(vGPU 14.2), 473.81(vGPU 13.4), 453.64(vGPU 11.9), 516.94(August 2022 release), 515.65.01(August 2022 release), 510.85.03(vGPU 14.2), 470.141.05(vGPU 13.4), 450.203(vGPU 11.9), 470.141.03(vGPU 13.4)
CVE-2022-34666;6.5;MEDIUM;CVSS:3.1/AV:L/AC:L/PR:L/UI:N/S:C/C:N/I:N/A:H;CWE-476;5383;Studio;All driver versions prior to 516.94;516.94, 473.81, 513.46, 453.64, 513.46(vGPU 14.2), 473.81(vGPU 13.4), 453.64(vGPU 11.9), 516.94(August 2022 release), 515.65.01(August 2022 release), 510.85.03(vGPU 14.2), 470.141.05(vGPU 13.4), 450.203(vGPU 11.9), 470.141.03(vGPU 13.4)
CVE-2022-34666;6.5;MEDIUM;CVSS:3.1/AV:L/AC:L/PR:L/UI:N/S:C/C:N/I:N/A:H;CWE-476;5383;Tesla;All driver versions prior to 453.64;516.94, 473.81, 513.46, 453.64, 513.46(vGPU 14.2), 473.81(vGPU 13.4), 453.64(vGPU 11.9), 516.94(August 2022 release), 515.65.01(August 2022 release), 510.85.03(vGPU 14.2), 470.141.05(vGPU 13.4), 450.203(vGPU 11.9), 470.141.03(vGPU 13.4)
CVE-2022-34666;6.5;MEDIUM;CVSS:3.1/AV:L/AC:L/PR:L/UI:N/S:C/C:N/I:N/A:H;CWE-476;5383;Tesla;All driver versions prior to 472.81;516.94, 473.81, 513.46, 453.64, 513.46(vGPU 14.2), 473.81(vGPU 13.4), 453.64(vGPU 11.9), 516.94(August 2022 release), 515.65.01(August 2022 release), 510.85.03(vGPU 14.2), 470.141.05(vGPU 13.4), 450.203(vGPU 11.9), 470.141.03(vGPU 13.4)
CVE-2022-34666;6.5;MEDIUM;CVSS:3.1/AV:L/AC:L/PR:L/UI:N/S:C/C:N/I:N/A:H;CWE-476;5383;Tesla;All driver versions prior to 513.46;516.94, 473.81, 513.46, 453.64, 513.46(vGPU 14.2), 473.81(vGPU 13.4), 453.64(vGPU 11.9), 516.94(August 2022 release), 515.65.01(August 2022 release), 510.85.03(vGPU 14.2), 470.141.05(vGPU 13.4), 450.203(vGPU 11.9), 470.141.03(vGPU 13.4)
CVE-2022-34666;6.5;MEDIUM;CVSS:3.1/AV:L/AC:L/PR:L/UI:N/S:C/C:N/I:N/A:H;CWE-476;5383;Tesla;All driver versions prior to 516.94;516.94, 473.81, 513.46, 453.64, 513.46(vGPU 14.2), 473.81(vGPU 13.4), 453.64(vGPU 11.9), 516.94(August 2022 release), 515.65.01(August 2022 release), 510.85.03(vGPU 14.2), 470.141.05(vGPU 13.4), 450.203(vGPU 11.9), 470.141.03(vGPU 13.4)
CVE-2022-34666;6.5;MEDIUM;CVSS:3.1/AV:L/AC:L/PR:L/UI:N/S:C/C:N/I:N/A:H;CWE-476;5383;vGPU software (guest driver);453.51(All versions prior to and including vGPU 11.8);516.94, 473.81, 513.46, 453.64, 513.46(vGPU 14.2), 473.81(vGPU 13.4), 453.64(vGPU 11.9), 516.94(August 2022 release), 515.65.01(August 2022 release), 510.85.03(vGPU 14.2), 470.141.05(vGPU 13.4), 450.203(vGPU 11.9), 470.141.03(vGPU 13.4)
CVE-2022-34666;6.5;MEDIUM;CVSS:3.1/AV:L/AC:L/PR:L/UI:N/S:C/C:N/I:N/A:H;CWE-476;5383;vGPU software (guest driver);470.129.06(All versions prior to and including vGPU 13.3);516.94, 473.81, 513.46, 453.64, 513.46(vGPU 14.2), 473.81(vGPU 13.4), 453.64(vGPU 11.9), 516.94(August 2022 release), 515.65.01(August 2022 release), 510.85.03(vGPU 14.2), 470.141.05(vGPU 13.4), 450.203(vGPU 11.9), 470.141.03(vGPU 13.4)
CVE-2022-34666;6.5;MEDIUM;CVSS:3.1/AV:L/AC:L/PR:L/UI:N/S:C/C:N/I:N/A:H;CWE-476;5383;vGPU software (guest driver);473.47(All versions prior to and including vGPU 13.3);516.94, 473.81, 513.46, 453.64, 513.46(vGPU 14.2), 473.81(vGPU 13.4), 453.64(vGPU 11.9), 516.94(August 2022 release), 515.65.01(August 2022 release), 510.85.03(vGPU 14.2), 470.141.05(vGPU 13.4), 450.203(vGPU 11.9), 470.141.03(vGPU 13.4)
CVE-2022-34666;6.5;MEDIUM;CVSS:3.1/AV:L/AC:L/PR:L/UI:N/S:C/C:N/I:N/A:H;CWE-476;5383;vGPU software (guest driver);512.78(All versions prior to and including vGPU 14.1);516.94, 473.81, 513.46, 453.64, 513.46(vGPU 14.2), 473.81(vGPU 13.4), 453.64(vGPU 11.9), 516.94(August 2022 release), 515.65.01(August 2022 release), 510.85.03(vGPU 14.2), 470.141.05(vGPU 13.4), 450.203(vGPU 11.9), 470.141.03(vGPU 13.4)
CVE-2022-34666;6.5;MEDIUM;CVSS:3.1/AV:L/AC:L/PR:L/UI:N/S:C/C:N/I:N/A:H;CWE-476;5383;vGPU software (Virtual GPU Manager);450.191(All versions prior to and including vGPU 11.8);516.94, 473.81, 513.46, 453.64, 513.46(vGPU 14.2), 473.81(vGPU 13.4), 453.64(vGPU 11.9), 516.94(August 2022 release), 515.65.01(August 2022 release), 510.85.03(vGPU 14.2), 470.141.05(vGPU 13.4), 450.203(vGPU 11.9), 470.141.03(vGPU 13.4)
CVE-2022-34666;6.5;MEDIUM;CVSS:3.1/AV:L/AC:L/PR:L/UI:N/S:C/C:N/I:N/A:H;CWE-476;5383;vGPU software (Virtual GPU Manager);470.129.04(All versions prior to and including vGPU 13.3);516.94, 473.81, 513.46, 453.64, 513.46(vGPU 14.2), 473.81(vGPU 13.4), 453.64(vGPU 11.9), 516.94(August 2022 release), 515.65.01(August 2022 release), 510.85.03(vGPU 14.2), 470.141.05(vGPU 13.4), 450.203(vGPU 11.9), 470.141.03(vGPU 13.4)
CVE-2022-34666;6.5;MEDIUM;CVSS:3.1/AV:L/AC:L/PR:L/UI:N/S:C/C:N/I:N/A:H;CWE-476;5383;vGPU software (Virtual GPU Manager);510.73.06	(All versions prior to and including vGPU 14.1);516.94, 473.81, 513.46, 453.64, 513.46(vGPU 14.2), 473.81(vGPU 13.4), 453.64(vGPU 11.9), 516.94(August 2022 release), 515.65.01(August 2022 release), 510.85.03(vGPU 14.2), 470.141.05(vGPU 13.4), 450.203(vGPU 11.9), 470.141.03(vGPU 13.4)
CVE-2022-34667;4.4;MEDIUM;CVSS:3.1/AV:L/AC:L/PR:N/UI:R/S:U/C:N/I:L/A:L;CWE-121;5373;NVIDIA CUDA Toolkit;All versions prior to 11.8;11.8
CVE-2022-34669;8.8;HIGH;CVSS:3.1/AV:L/AC:L/PR:L/UI:N/S:C/C:H/I:H/A:H;CWE-73;5415;GeForce;All driver versions prior to 474.11;526.98, 474.14, 474.11, 527.27, 517.88, 514.08, 527.41, 454.02, 514.08(vGPU 14.4), 474.14(vGPU 13.6), 454.02(vGPU 11.11), 527.27(November 2022 release)
CVE-2022-34669;8.8;HIGH;CVSS:3.1/AV:L/AC:L/PR:L/UI:N/S:C/C:H/I:H/A:H;CWE-73;5415;GeForce;All driver versions prior to 526.98;526.98, 474.14, 474.11, 527.27, 517.88, 514.08, 527.41, 454.02, 514.08(vGPU 14.4), 474.14(vGPU 13.6), 454.02(vGPU 11.11), 527.27(November 2022 release)
CVE-2022-34669;8.8;HIGH;CVSS:3.1/AV:L/AC:L/PR:L/UI:N/S:C/C:H/I:H/A:H;CWE-73;5415;GeForce;All drivers versions prior to 474.14 for support of GeForce Kepler desktop;526.98, 474.14, 474.11, 527.27, 517.88, 514.08, 527.41, 454.02, 514.08(vGPU 14.4), 474.14(vGPU 13.6), 454.02(vGPU 11.11), 527.27(November 2022 release)
CVE-2022-34669;8.8;HIGH;CVSS:3.1/AV:L/AC:L/PR:L/UI:N/S:C/C:H/I:H/A:H;CWE-73;5415;NVIDIA Cloud Gaming (guest driver);All versions prior to 522.25(All versions prior to the November 2022 release);526.98, 474.14, 474.11, 527.27, 517.88, 514.08, 527.41, 454.02, 514.08(vGPU 14.4), 474.14(vGPU 13.6), 454.02(vGPU 11.11), 527.27(November 2022 release)
CVE-2022-34669;8.8;HIGH;CVSS:3.1/AV:L/AC:L/PR:L/UI:N/S:C/C:H/I:H/A:H;CWE-73;5415;NVIDIA RTX, Quadro, NVS;All driver versions prior to 474.14;526.98, 474.14, 474.11, 527.27, 517.88, 514.08, 527.41, 454.02, 514.08(vGPU 14.4), 474.14(vGPU 13.6), 454.02(vGPU 11.11), 527.27(November 2022 release)
CVE-2022-34669;8.8;HIGH;CVSS:3.1/AV:L/AC:L/PR:L/UI:N/S:C/C:H/I:H/A:H;CWE-73;5415;NVIDIA RTX, Quadro, NVS;All driver versions prior to 514.08;526.98, 474.14, 474.11, 527.27, 517.88, 514.08, 527.41, 454.02, 514.08(vGPU 14.4), 474.14(vGPU 13.6), 454.02(vGPU 11.11), 527.27(November 2022 release)
CVE-2022-34669;8.8;HIGH;CVSS:3.1/AV:L/AC:L/PR:L/UI:N/S:C/C:H/I:H/A:H;CWE-73;5415;NVIDIA RTX, Quadro, NVS;All driver versions prior to 517.88;526.98, 474.14, 474.11, 527.27, 517.88, 514.08, 527.41, 454.02, 514.08(vGPU 14.4), 474.14(vGPU 13.6), 454.02(vGPU 11.11), 527.27(November 2022 release)
CVE-2022-34669;8.8;HIGH;CVSS:3.1/AV:L/AC:L/PR:L/UI:N/S:C/C:H/I:H/A:H;CWE-73;5415;NVIDIA RTX, Quadro, NVS;All driver versions prior to 527.27;526.98, 474.14, 474.11, 527.27, 517.88, 514.08, 527.41, 454.02, 514.08(vGPU 14.4), 474.14(vGPU 13.6), 454.02(vGPU 11.11), 527.27(November 2022 release)
CVE-2022-34669;8.8;HIGH;CVSS:3.1/AV:L/AC:L/PR:L/UI:N/S:C/C:H/I:H/A:H;CWE-73;5415;Studio;All driver versions prior to 526.98;526.98, 474.14, 474.11, 527.27, 517.88, 514.08, 527.41, 454.02, 514.08(vGPU 14.4), 474.14(vGPU 13.6), 454.02(vGPU 11.11), 527.27(November 2022 release)
CVE-2022-34669;8.8;HIGH;CVSS:3.1/AV:L/AC:L/PR:L/UI:N/S:C/C:H/I:H/A:H;CWE-73;5415;Tesla;All driver versions prior to 454.02;526.98, 474.14, 474.11, 527.27, 517.88, 514.08, 527.41, 454.02, 514.08(vGPU 14.4), 474.14(vGPU 13.6), 454.02(vGPU 11.11), 527.27(November 2022 release)
CVE-2022-34669;8.8;HIGH;CVSS:3.1/AV:L/AC:L/PR:L/UI:N/S:C/C:H/I:H/A:H;CWE-73;5415;Tesla;All driver versions prior to 474.14;526.98, 474.14, 474.11, 527.27, 517.88, 514.08, 527.41, 454.02, 514.08(vGPU 14.4), 474.14(vGPU 13.6), 454.02(vGPU 11.11), 527.27(November 2022 release)
CVE-2022-34669;8.8;HIGH;CVSS:3.1/AV:L/AC:L/PR:L/UI:N/S:C/C:H/I:H/A:H;CWE-73;5415;Tesla;All driver versions prior to 514.08;526.98, 474.14, 474.11, 527.27, 517.88, 514.08, 527.41, 454.02, 514.08(vGPU 14.4), 474.14(vGPU 13.6), 454.02(vGPU 11.11), 527.27(November 2022 release)
CVE-2022-34669;8.8;HIGH;CVSS:3.1/AV:L/AC:L/PR:L/UI:N/S:C/C:H/I:H/A:H;CWE-73;5415;Tesla;All driver versions prior to 517.88;526.98, 474.14, 474.11, 527.27, 517.88, 514.08, 527.41, 454.02, 514.08(vGPU 14.4), 474.14(vGPU 13.6), 454.02(vGPU 11.11), 527.27(November 2022 release)
CVE-2022-34669;8.8;HIGH;CVSS:3.1/AV:L/AC:L/PR:L/UI:N/S:C/C:H/I:H/A:H;CWE-73;5415;Tesla;All driver versions prior to 527.41;526.98, 474.14, 474.11, 527.27, 517.88, 514.08, 527.41, 454.02, 514.08(vGPU 14.4), 474.14(vGPU 13.6), 454.02(vGPU 11.11), 527.27(November 2022 release)
CVE-2022-34669;8.8;HIGH;CVSS:3.1/AV:L/AC:L/PR:L/UI:N/S:C/C:H/I:H/A:H;CWE-73;5415;vGPU software (guest driver);453.94(All versions prior to and including vGPU 11.10);526.98, 474.14, 474.11, 527.27, 517.88, 514.08, 527.41, 454.02, 514.08(vGPU 14.4), 474.14(vGPU 13.6), 454.02(vGPU 11.11), 527.27(November 2022 release)
CVE-2022-34669;8.8;HIGH;CVSS:3.1/AV:L/AC:L/PR:L/UI:N/S:C/C:H/I:H/A:H;CWE-73;5415;vGPU software (guest driver);474.04(All versions prior to and including vGPU 13.5);526.98, 474.14, 474.11, 527.27, 517.88, 514.08, 527.41, 454.02, 514.08(vGPU 14.4), 474.14(vGPU 13.6), 454.02(vGPU 11.11), 527.27(November 2022 release)
CVE-2022-34669;8.8;HIGH;CVSS:3.1/AV:L/AC:L/PR:L/UI:N/S:C/C:H/I:H/A:H;CWE-73;5415;vGPU software (guest driver);513.91(All versions prior to and including vGPU 14.3);526.98, 474.14, 474.11, 527.27, 517.88, 514.08, 527.41, 454.02, 514.08(vGPU 14.4), 474.14(vGPU 13.6), 454.02(vGPU 11.11), 527.27(November 2022 release)
CVE-2022-34670;7.8;HIGH;CVSS:3.1/AV:L/AC:L/PR:L/UI:N/S:U/C:H/I:H/A:H;CWE-197;5415;GeForce;All driver versions prior to 390.157;515.86.01, 510.108.03, 470.161.03, 450.216.04, 390.157, 510.108.03(vGPU 14.4), 470.161.03(vGPU 13.6), 470.161.02(vGPU 13.6), 450.216.04(vGPU 11.11), 525.60.11(November 2022 release), 525.60.12(November 2022 release)
CVE-2022-34670;7.8;HIGH;CVSS:3.1/AV:L/AC:L/PR:L/UI:N/S:U/C:H/I:H/A:H;CWE-197;5415;GeForce;All driver versions prior to 470.161.03;515.86.01, 510.108.03, 470.161.03, 450.216.04, 390.157, 510.108.03(vGPU 14.4), 470.161.03(vGPU 13.6), 470.161.02(vGPU 13.6), 450.216.04(vGPU 11.11), 525.60.11(November 2022 release), 525.60.12(November 2022 release)
CVE-2022-34670;7.8;HIGH;CVSS:3.1/AV:L/AC:L/PR:L/UI:N/S:U/C:H/I:H/A:H;CWE-197;5415;GeForce;All driver versions prior to 510.108.03;515.86.01, 510.108.03, 470.161.03, 450.216.04, 390.157, 510.108.03(vGPU 14.4), 470.161.03(vGPU 13.6), 470.161.02(vGPU 13.6), 450.216.04(vGPU 11.11), 525.60.11(November 2022 release), 525.60.12(November 2022 release)
CVE-2022-34670;7.8;HIGH;CVSS:3.1/AV:L/AC:L/PR:L/UI:N/S:U/C:H/I:H/A:H;CWE-197;5415;GeForce;All driver versions prior to 515.86.01;515.86.01, 510.108.03, 470.161.03, 450.216.04, 390.157, 510.108.03(vGPU 14.4), 470.161.03(vGPU 13.6), 470.161.02(vGPU 13.6), 450.216.04(vGPU 11.11), 525.60.11(November 2022 release), 525.60.12(November 2022 release)
CVE-2022-34670;7.8;HIGH;CVSS:3.1/AV:L/AC:L/PR:L/UI:N/S:U/C:H/I:H/A:H;CWE-197;5415;NVIDIA Cloud Gaming (guest driver);All versions prior to 520.56.06(All versions prior to the November 2022 release);515.86.01, 510.108.03, 470.161.03, 450.216.04, 390.157, 510.108.03(vGPU 14.4), 470.161.03(vGPU 13.6), 470.161.02(vGPU 13.6), 450.216.04(vGPU 11.11), 525.60.11(November 2022 release), 525.60.12(November 2022 release)
CVE-2022-34670;7.8;HIGH;CVSS:3.1/AV:L/AC:L/PR:L/UI:N/S:U/C:H/I:H/A:H;CWE-197;5415;NVIDIA Cloud Gaming (Virtual GPU Manager);All versions prior to 520.56.06(All versions prior to the November 2022 release);515.86.01, 510.108.03, 470.161.03, 450.216.04, 390.157, 510.108.03(vGPU 14.4), 470.161.03(vGPU 13.6), 470.161.02(vGPU 13.6), 450.216.04(vGPU 11.11), 525.60.11(November 2022 release), 525.60.12(November 2022 release)
CVE-2022-34670;7.8;HIGH;CVSS:3.1/AV:L/AC:L/PR:L/UI:N/S:U/C:H/I:H/A:H;CWE-197;5415;NVIDIA RTX, Quadro, NVS;All driver versions prior to 390.157;515.86.01, 510.108.03, 470.161.03, 450.216.04, 390.157, 510.108.03(vGPU 14.4), 470.161.03(vGPU 13.6), 470.161.02(vGPU 13.6), 450.216.04(vGPU 11.11), 525.60.11(November 2022 release), 525.60.12(November 2022 release)
CVE-2022-34670;7.8;HIGH;CVSS:3.1/AV:L/AC:L/PR:L/UI:N/S:U/C:H/I:H/A:H;CWE-197;5415;NVIDIA RTX, Quadro, NVS;All driver versions prior to 470.161.03;515.86.01, 510.108.03, 470.161.03, 450.216.04, 390.157, 510.108.03(vGPU 14.4), 470.161.03(vGPU 13.6), 470.161.02(vGPU 13.6), 450.216.04(vGPU 11.11), 525.60.11(November 2022 release), 525.60.12(November 2022 release)
CVE-2022-34670;7.8;HIGH;CVSS:3.1/AV:L/AC:L/PR:L/UI:N/S:U/C:H/I:H/A:H;CWE-197;5415;NVIDIA RTX, Quadro, NVS;All driver versions prior to 510.108.03;515.86.01, 510.108.03, 470.161.03, 450.216.04, 390.157, 510.108.03(vGPU 14.4), 470.161.03(vGPU 13.6), 470.161.02(vGPU 13.6), 450.216.04(vGPU 11.11), 525.60.11(November 2022 release), 525.60.12(November 2022 release)
CVE-2022-34670;7.8;HIGH;CVSS:3.1/AV:L/AC:L/PR:L/UI:N/S:U/C:H/I:H/A:H;CWE-197;5415;NVIDIA RTX, Quadro, NVS;All driver versions prior to 515.86.01;515.86.01, 510.108.03, 470.161.03, 450.216.04, 390.157, 510.108.03(vGPU 14.4), 470.161.03(vGPU 13.6), 470.161.02(vGPU 13.6), 450.216.04(vGPU 11.11), 525.60.11(November 2022 release), 525.60.12(November 2022 release)
CVE-2022-34670;7.8;HIGH;CVSS:3.1/AV:L/AC:L/PR:L/UI:N/S:U/C:H/I:H/A:H;CWE-197;5415;Tesla;All driver versions prior to 450.216.04;515.86.01, 510.108.03, 470.161.03, 450.216.04, 390.157, 510.108.03(vGPU 14.4), 470.161.03(vGPU 13.6), 470.161.02(vGPU 13.6), 450.216.04(vGPU 11.11), 525.60.11(November 2022 release), 525.60.12(November 2022 release)
CVE-2022-34670;7.8;HIGH;CVSS:3.1/AV:L/AC:L/PR:L/UI:N/S:U/C:H/I:H/A:H;CWE-197;5415;Tesla;All driver versions prior to 470.161.03;515.86.01, 510.108.03, 470.161.03, 450.216.04, 390.157, 510.108.03(vGPU 14.4), 470.161.03(vGPU 13.6), 470.161.02(vGPU 13.6), 450.216.04(vGPU 11.11), 525.60.11(November 2022 release), 525.60.12(November 2022 release)
CVE-2022-34670;7.8;HIGH;CVSS:3.1/AV:L/AC:L/PR:L/UI:N/S:U/C:H/I:H/A:H;CWE-197;5415;Tesla;All driver versions prior to 510.108.03;515.86.01, 510.108.03, 470.161.03, 450.216.04, 390.157, 510.108.03(vGPU 14.4), 470.161.03(vGPU 13.6), 470.161.02(vGPU 13.6), 450.216.04(vGPU 11.11), 525.60.11(November 2022 release), 525.60.12(November 2022 release)
CVE-2022-34670;7.8;HIGH;CVSS:3.1/AV:L/AC:L/PR:L/UI:N/S:U/C:H/I:H/A:H;CWE-197;5415;Tesla;All driver versions prior to 515.86.01;515.86.01, 510.108.03, 470.161.03, 450.216.04, 390.157, 510.108.03(vGPU 14.4), 470.161.03(vGPU 13.6), 470.161.02(vGPU 13.6), 450.216.04(vGPU 11.11), 525.60.11(November 2022 release), 525.60.12(November 2022 release)
CVE-2022-34670;7.8;HIGH;CVSS:3.1/AV:L/AC:L/PR:L/UI:N/S:U/C:H/I:H/A:H;CWE-197;5415;vGPU software (guest driver);450.203.02(All versions prior to and including vGPU 11.10);515.86.01, 510.108.03, 470.161.03, 450.216.04, 390.157, 510.108.03(vGPU 14.4), 470.161.03(vGPU 13.6), 470.161.02(vGPU 13.6), 450.216.04(vGPU 11.11), 525.60.11(November 2022 release), 525.60.12(November 2022 release)
CVE-2022-34670;7.8;HIGH;CVSS:3.1/AV:L/AC:L/PR:L/UI:N/S:U/C:H/I:H/A:H;CWE-197;5415;vGPU software (guest driver);470.141.03(All versions prior to and including vGPU 13.6);515.86.01, 510.108.03, 470.161.03, 450.216.04, 390.157, 510.108.03(vGPU 14.4), 470.161.03(vGPU 13.6), 470.161.02(vGPU 13.6), 450.216.04(vGPU 11.11), 525.60.11(November 2022 release), 525.60.12(November 2022 release)
CVE-2022-34670;7.8;HIGH;CVSS:3.1/AV:L/AC:L/PR:L/UI:N/S:U/C:H/I:H/A:H;CWE-197;5415;vGPU software (guest driver);510.85.02(All versions prior to and including vGPU 14.3);515.86.01, 510.108.03, 470.161.03, 450.216.04, 390.157, 510.108.03(vGPU 14.4), 470.161.03(vGPU 13.6), 470.161.02(vGPU 13.6), 450.216.04(vGPU 11.11), 525.60.11(November 2022 release), 525.60.12(November 2022 release)
CVE-2022-34670;7.8;HIGH;CVSS:3.1/AV:L/AC:L/PR:L/UI:N/S:U/C:H/I:H/A:H;CWE-197;5415;vGPU software (Virtual GPU Manager);450.203(All versions prior to and including vGPU 11.10);515.86.01, 510.108.03, 470.161.03, 450.216.04, 390.157, 510.108.03(vGPU 14.4), 470.161.03(vGPU 13.6), 470.161.02(vGPU 13.6), 450.216.04(vGPU 11.11), 525.60.11(November 2022 release), 525.60.12(November 2022 release)
CVE-2022-34670;7.8;HIGH;CVSS:3.1/AV:L/AC:L/PR:L/UI:N/S:U/C:H/I:H/A:H;CWE-197;5415;vGPU software (Virtual GPU Manager);470.141.05(All versions prior to and including vGPU 13.6);515.86.01, 510.108.03, 470.161.03, 450.216.04, 390.157, 510.108.03(vGPU 14.4), 470.161.03(vGPU 13.6), 470.161.02(vGPU 13.6), 450.216.04(vGPU 11.11), 525.60.11(November 2022 release), 525.60.12(November 2022 release)
CVE-2022-34670;7.8;HIGH;CVSS:3.1/AV:L/AC:L/PR:L/UI:N/S:U/C:H/I:H/A:H;CWE-197;5415;vGPU software (Virtual GPU Manager);510.85.03(All versions prior to and including vGPU 14.3);515.86.01, 510.108.03, 470.161.03, 450.216.04, 390.157, 510.108.03(vGPU 14.4), 470.161.03(vGPU 13.6), 470.161.02(vGPU 13.6), 450.216.04(vGPU 11.11), 525.60.11(November 2022 release), 525.60.12(November 2022 release)
CVE-2022-34671;8.5;HIGH;CVSS:3.1/AV:N/AC:H/PR:L/UI:N/S:C/C:H/I:H/A:H;CWE-787;5415;GeForce;All driver versions prior to 474.11;526.98, 474.14, 474.11, 527.27, 517.88, 514.08, 527.41, 454.02
CVE-2022-34671;8.5;HIGH;CVSS:3.1/AV:N/AC:H/PR:L/UI:N/S:C/C:H/I:H/A:H;CWE-787;5415;GeForce;All driver versions prior to 526.98;526.98, 474.14, 474.11, 527.27, 517.88, 514.08, 527.41, 454.02
CVE-2022-34671;8.5;HIGH;CVSS:3.1/AV:N/AC:H/PR:L/UI:N/S:C/C:H/I:H/A:H;CWE-787;5415;GeForce;All drivers versions prior to 474.14 for support of GeForce Kepler desktop;526.98, 474.14, 474.11, 527.27, 517.88, 514.08, 527.41, 454.02
CVE-2022-34671;8.5;HIGH;CVSS:3.1/AV:N/AC:H/PR:L/UI:N/S:C/C:H/I:H/A:H;CWE-787;5415;NVIDIA RTX, Quadro, NVS;All driver versions prior to 474.14;526.98, 474.14, 474.11, 527.27, 517.88, 514.08, 527.41, 454.02
CVE-2022-34671;8.5;HIGH;CVSS:3.1/AV:N/AC:H/PR:L/UI:N/S:C/C:H/I:H/A:H;CWE-787;5415;NVIDIA RTX, Quadro, NVS;All driver versions prior to 514.08;526.98, 474.14, 474.11, 527.27, 517.88, 514.08, 527.41, 454.02
CVE-2022-34671;8.5;HIGH;CVSS:3.1/AV:N/AC:H/PR:L/UI:N/S:C/C:H/I:H/A:H;CWE-787;5415;NVIDIA RTX, Quadro, NVS;All driver versions prior to 517.88;526.98, 474.14, 474.11, 527.27, 517.88, 514.08, 527.41, 454.02
CVE-2022-34671;8.5;HIGH;CVSS:3.1/AV:N/AC:H/PR:L/UI:N/S:C/C:H/I:H/A:H;CWE-787;5415;NVIDIA RTX, Quadro, NVS;All driver versions prior to 527.27;526.98, 474.14, 474.11, 527.27, 517.88, 514.08, 527.41, 454.02
CVE-2022-34671;8.5;HIGH;CVSS:3.1/AV:N/AC:H/PR:L/UI:N/S:C/C:H/I:H/A:H;CWE-787;5415;Studio;All driver versions prior to 526.98;526.98, 474.14, 474.11, 527.27, 517.88, 514.08, 527.41, 454.02
CVE-2022-34671;8.5;HIGH;CVSS:3.1/AV:N/AC:H/PR:L/UI:N/S:C/C:H/I:H/A:H;CWE-787;5415;Tesla;All driver versions prior to 454.02;526.98, 474.14, 474.11, 527.27, 517.88, 514.08, 527.41, 454.02
CVE-2022-34671;8.5;HIGH;CVSS:3.1/AV:N/AC:H/PR:L/UI:N/S:C/C:H/I:H/A:H;CWE-787;5415;Tesla;All driver versions prior to 474.14;526.98, 474.14, 474.11, 527.27, 517.88, 514.08, 527.41, 454.02
CVE-2022-34671;8.5;HIGH;CVSS:3.1/AV:N/AC:H/PR:L/UI:N/S:C/C:H/I:H/A:H;CWE-787;5415;Tesla;All driver versions prior to 514.08;526.98, 474.14, 474.11, 527.27, 517.88, 514.08, 527.41, 454.02
CVE-2022-34671;8.5;HIGH;CVSS:3.1/AV:N/AC:H/PR:L/UI:N/S:C/C:H/I:H/A:H;CWE-787;5415;Tesla;All driver versions prior to 517.88;526.98, 474.14, 474.11, 527.27, 517.88, 514.08, 527.41, 454.02
CVE-2022-34671;8.5;HIGH;CVSS:3.1/AV:N/AC:H/PR:L/UI:N/S:C/C:H/I:H/A:H;CWE-787;5415;Tesla;All driver versions prior to 527.41;526.98, 474.14, 474.11, 527.27, 517.88, 514.08, 527.41, 454.02
CVE-2022-34672;7.8;HIGH;CVSS:3.1/AV:L/AC:L/PR:L/UI:N/S:U/C:H/I:H/A:H;CWE-284;5415;GeForce;All driver versions prior to 474.11;526.98, 474.14, 474.11, 527.27, 517.88, 514.08, 527.41, 454.02, 514.08(vGPU 14.4), 474.14(vGPU 13.6), 454.02(vGPU 11.11), 527.27(November 2022 release)
CVE-2022-34672;7.8;HIGH;CVSS:3.1/AV:L/AC:L/PR:L/UI:N/S:U/C:H/I:H/A:H;CWE-284;5415;GeForce;All driver versions prior to 526.98;526.98, 474.14, 474.11, 527.27, 517.88, 514.08, 527.41, 454.02, 514.08(vGPU 14.4), 474.14(vGPU 13.6), 454.02(vGPU 11.11), 527.27(November 2022 release)
CVE-2022-34672;7.8;HIGH;CVSS:3.1/AV:L/AC:L/PR:L/UI:N/S:U/C:H/I:H/A:H;CWE-284;5415;GeForce;All drivers versions prior to 474.14 for support of GeForce Kepler desktop;526.98, 474.14, 474.11, 527.27, 517.88, 514.08, 527.41, 454.02, 514.08(vGPU 14.4), 474.14(vGPU 13.6), 454.02(vGPU 11.11), 527.27(November 2022 release)
CVE-2022-34672;7.8;HIGH;CVSS:3.1/AV:L/AC:L/PR:L/UI:N/S:U/C:H/I:H/A:H;CWE-284;5415;NVIDIA Cloud Gaming (guest driver);All versions prior to 522.25(All versions prior to the November 2022 release);526.98, 474.14, 474.11, 527.27, 517.88, 514.08, 527.41, 454.02, 514.08(vGPU 14.4), 474.14(vGPU 13.6), 454.02(vGPU 11.11), 527.27(November 2022 release)
CVE-2022-34672;7.8;HIGH;CVSS:3.1/AV:L/AC:L/PR:L/UI:N/S:U/C:H/I:H/A:H;CWE-284;5415;NVIDIA RTX, Quadro, NVS;All driver versions prior to 474.14;526.98, 474.14, 474.11, 527.27, 517.88, 514.08, 527.41, 454.02, 514.08(vGPU 14.4), 474.14(vGPU 13.6), 454.02(vGPU 11.11), 527.27(November 2022 release)
CVE-2022-34672;7.8;HIGH;CVSS:3.1/AV:L/AC:L/PR:L/UI:N/S:U/C:H/I:H/A:H;CWE-284;5415;NVIDIA RTX, Quadro, NVS;All driver versions prior to 514.08;526.98, 474.14, 474.11, 527.27, 517.88, 514.08, 527.41, 454.02, 514.08(vGPU 14.4), 474.14(vGPU 13.6), 454.02(vGPU 11.11), 527.27(November 2022 release)
CVE-2022-34672;7.8;HIGH;CVSS:3.1/AV:L/AC:L/PR:L/UI:N/S:U/C:H/I:H/A:H;CWE-284;5415;NVIDIA RTX, Quadro, NVS;All driver versions prior to 517.88;526.98, 474.14, 474.11, 527.27, 517.88, 514.08, 527.41, 454.02, 514.08(vGPU 14.4), 474.14(vGPU 13.6), 454.02(vGPU 11.11), 527.27(November 2022 release)
CVE-2022-34672;7.8;HIGH;CVSS:3.1/AV:L/AC:L/PR:L/UI:N/S:U/C:H/I:H/A:H;CWE-284;5415;NVIDIA RTX, Quadro, NVS;All driver versions prior to 527.27;526.98, 474.14, 474.11, 527.27, 517.88, 514.08, 527.41, 454.02, 514.08(vGPU 14.4), 474.14(vGPU 13.6), 454.02(vGPU 11.11), 527.27(November 2022 release)
CVE-2022-34672;7.8;HIGH;CVSS:3.1/AV:L/AC:L/PR:L/UI:N/S:U/C:H/I:H/A:H;CWE-284;5415;Studio;All driver versions prior to 526.98;526.98, 474.14, 474.11, 527.27, 517.88, 514.08, 527.41, 454.02, 514.08(vGPU 14.4), 474.14(vGPU 13.6), 454.02(vGPU 11.11), 527.27(November 2022 release)
CVE-2022-34672;7.8;HIGH;CVSS:3.1/AV:L/AC:L/PR:L/UI:N/S:U/C:H/I:H/A:H;CWE-284;5415;Tesla;All driver versions prior to 454.02;526.98, 474.14, 474.11, 527.27, 517.88, 514.08, 527.41, 454.02, 514.08(vGPU 14.4), 474.14(vGPU 13.6), 454.02(vGPU 11.11), 527.27(November 2022 release)
CVE-2022-34672;7.8;HIGH;CVSS:3.1/AV:L/AC:L/PR:L/UI:N/S:U/C:H/I:H/A:H;CWE-284;5415;Tesla;All driver versions prior to 474.14;526.98, 474.14, 474.11, 527.27, 517.88, 514.08, 527.41, 454.02, 514.08(vGPU 14.4), 474.14(vGPU 13.6), 454.02(vGPU 11.11), 527.27(November 2022 release)
CVE-2022-34672;7.8;HIGH;CVSS:3.1/AV:L/AC:L/PR:L/UI:N/S:U/C:H/I:H/A:H;CWE-284;5415;Tesla;All driver versions prior to 514.08;526.98, 474.14, 474.11, 527.27, 517.88, 514.08, 527.41, 454.02, 514.08(vGPU 14.4), 474.14(vGPU 13.6), 454.02(vGPU 11.11), 527.27(November 2022 release)
CVE-2022-34672;7.8;HIGH;CVSS:3.1/AV:L/AC:L/PR:L/UI:N/S:U/C:H/I:H/A:H;CWE-284;5415;Tesla;All driver versions prior to 517.88;526.98, 474.14, 474.11, 527.27, 517.88, 514.08, 527.41, 454.02, 514.08(vGPU 14.4), 474.14(vGPU 13.6), 454.02(vGPU 11.11), 527.27(November 2022 release)
CVE-2022-34672;7.8;HIGH;CVSS:3.1/AV:L/AC:L/PR:L/UI:N/S:U/C:H/I:H/A:H;CWE-284;5415;Tesla;All driver versions prior to 527.41;526.98, 474.14, 474.11, 527.27, 517.88, 514.08, 527.41, 454.02, 514.08(vGPU 14.4), 474.14(vGPU 13.6), 454.02(vGPU 11.11), 527.27(November 2022 release)
CVE-2022-34672;7.8;HIGH;CVSS:3.1/AV:L/AC:L/PR:L/UI:N/S:U/C:H/I:H/A:H;CWE-284;5415;vGPU software (guest driver);453.94(All versions prior to and including vGPU 11.10);526.98, 474.14, 474.11, 527.27, 517.88, 514.08, 527.41, 454.02, 514.08(vGPU 14.4), 474.14(vGPU 13.6), 454.02(vGPU 11.11), 527.27(November 2022 release)
CVE-2022-34672;7.8;HIGH;CVSS:3.1/AV:L/AC:L/PR:L/UI:N/S:U/C:H/I:H/A:H;CWE-284;5415;vGPU software (guest driver);474.04(All versions prior to and including vGPU 13.5);526.98, 474.14, 474.11, 527.27, 517.88, 514.08, 527.41, 454.02, 514.08(vGPU 14.4), 474.14(vGPU 13.6), 454.02(vGPU 11.11), 527.27(November 2022 release)
CVE-2022-34672;7.8;HIGH;CVSS:3.1/AV:L/AC:L/PR:L/UI:N/S:U/C:H/I:H/A:H;CWE-284;5415;vGPU software (guest driver);513.91(All versions prior to and including vGPU 14.3);526.98, 474.14, 474.11, 527.27, 517.88, 514.08, 527.41, 454.02, 514.08(vGPU 14.4), 474.14(vGPU 13.6), 454.02(vGPU 11.11), 527.27(November 2022 release)
CVE-2022-34673;4.4;MEDIUM;CVSS:3.1/AV:L/AC:L/PR:L/UI:N/S:U/C:N/I:L/A:L;CWE-190;5415;GeForce;All driver versions prior to 515.86.01;515.86.01
CVE-2022-34673;4.4;MEDIUM;CVSS:3.1/AV:L/AC:L/PR:L/UI:N/S:U/C:N/I:L/A:L;CWE-190;5415;NVIDIA RTX, Quadro, NVS;All driver versions prior to 515.86.01;515.86.01
CVE-2022-34673;4.4;MEDIUM;CVSS:3.1/AV:L/AC:L/PR:L/UI:N/S:U/C:N/I:L/A:L;CWE-190;5415;Tesla;All driver versions prior to 515.86.01;515.86.01
CVE-2022-34674;6.8;MEDIUM;CVSS:3.1/AV:L/AC:L/PR:N/UI:N/S:U/C:H/I:L/A:N;CWE-200;5415;GeForce;All driver versions prior to 390.157;515.86.01, 510.108.03, 470.161.03, 450.216.04, 390.157, 510.108.03(vGPU 14.4), 470.161.03(vGPU 13.6), 470.161.02(vGPU 13.6), 450.216.04(vGPU 11.11), 525.60.11(November 2022 release), 525.60.12(November 2022 release)
CVE-2022-34674;6.8;MEDIUM;CVSS:3.1/AV:L/AC:L/PR:N/UI:N/S:U/C:H/I:L/A:N;CWE-200;5415;GeForce;All driver versions prior to 470.161.03;515.86.01, 510.108.03, 470.161.03, 450.216.04, 390.157, 510.108.03(vGPU 14.4), 470.161.03(vGPU 13.6), 470.161.02(vGPU 13.6), 450.216.04(vGPU 11.11), 525.60.11(November 2022 release), 525.60.12(November 2022 release)
CVE-2022-34674;6.8;MEDIUM;CVSS:3.1/AV:L/AC:L/PR:N/UI:N/S:U/C:H/I:L/A:N;CWE-200;5415;GeForce;All driver versions prior to 510.108.03;515.86.01, 510.108.03, 470.161.03, 450.216.04, 390.157, 510.108.03(vGPU 14.4), 470.161.03(vGPU 13.6), 470.161.02(vGPU 13.6), 450.216.04(vGPU 11.11), 525.60.11(November 2022 release), 525.60.12(November 2022 release)
CVE-2022-34674;6.8;MEDIUM;CVSS:3.1/AV:L/AC:L/PR:N/UI:N/S:U/C:H/I:L/A:N;CWE-200;5415;GeForce;All driver versions prior to 515.86.01;515.86.01, 510.108.03, 470.161.03, 450.216.04, 390.157, 510.108.03(vGPU 14.4), 470.161.03(vGPU 13.6), 470.161.02(vGPU 13.6), 450.216.04(vGPU 11.11), 525.60.11(November 2022 release), 525.60.12(November 2022 release)
CVE-2022-34674;6.8;MEDIUM;CVSS:3.1/AV:L/AC:L/PR:N/UI:N/S:U/C:H/I:L/A:N;CWE-200;5415;NVIDIA Cloud Gaming (guest driver);All versions prior to 520.56.06(All versions prior to the November 2022 release);515.86.01, 510.108.03, 470.161.03, 450.216.04, 390.157, 510.108.03(vGPU 14.4), 470.161.03(vGPU 13.6), 470.161.02(vGPU 13.6), 450.216.04(vGPU 11.11), 525.60.11(November 2022 release), 525.60.12(November 2022 release)
CVE-2022-34674;6.8;MEDIUM;CVSS:3.1/AV:L/AC:L/PR:N/UI:N/S:U/C:H/I:L/A:N;CWE-200;5415;NVIDIA Cloud Gaming (Virtual GPU Manager);All versions prior to 520.56.06(All versions prior to the November 2022 release);515.86.01, 510.108.03, 470.161.03, 450.216.04, 390.157, 510.108.03(vGPU 14.4), 470.161.03(vGPU 13.6), 470.161.02(vGPU 13.6), 450.216.04(vGPU 11.11), 525.60.11(November 2022 release), 525.60.12(November 2022 release)
CVE-2022-34674;6.8;MEDIUM;CVSS:3.1/AV:L/AC:L/PR:N/UI:N/S:U/C:H/I:L/A:N;CWE-200;5415;NVIDIA RTX, Quadro, NVS;All driver versions prior to 390.157;515.86.01, 510.108.03, 470.161.03, 450.216.04, 390.157, 510.108.03(vGPU 14.4), 470.161.03(vGPU 13.6), 470.161.02(vGPU 13.6), 450.216.04(vGPU 11.11), 525.60.11(November 2022 release), 525.60.12(November 2022 release)
CVE-2022-34674;6.8;MEDIUM;CVSS:3.1/AV:L/AC:L/PR:N/UI:N/S:U/C:H/I:L/A:N;CWE-200;5415;NVIDIA RTX, Quadro, NVS;All driver versions prior to 470.161.03;515.86.01, 510.108.03, 470.161.03, 450.216.04, 390.157, 510.108.03(vGPU 14.4), 470.161.03(vGPU 13.6), 470.161.02(vGPU 13.6), 450.216.04(vGPU 11.11), 525.60.11(November 2022 release), 525.60.12(November 2022 release)
CVE-2022-34674;6.8;MEDIUM;CVSS:3.1/AV:L/AC:L/PR:N/UI:N/S:U/C:H/I:L/A:N;CWE-200;5415;NVIDIA RTX, Quadro, NVS;All driver versions prior to 510.108.03;515.86.01, 510.108.03, 470.161.03, 450.216.04, 390.157, 510.108.03(vGPU 14.4), 470.161.03(vGPU 13.6), 470.161.02(vGPU 13.6), 450.216.04(vGPU 11.11), 525.60.11(November 2022 release), 525.60.12(November 2022 release)
CVE-2022-34674;6.8;MEDIUM;CVSS:3.1/AV:L/AC:L/PR:N/UI:N/S:U/C:H/I:L/A:N;CWE-200;5415;NVIDIA RTX, Quadro, NVS;All driver versions prior to 515.86.01;515.86.01, 510.108.03, 470.161.03, 450.216.04, 390.157, 510.108.03(vGPU 14.4), 470.161.03(vGPU 13.6), 470.161.02(vGPU 13.6), 450.216.04(vGPU 11.11), 525.60.11(November 2022 release), 525.60.12(November 2022 release)
CVE-2022-34674;6.8;MEDIUM;CVSS:3.1/AV:L/AC:L/PR:N/UI:N/S:U/C:H/I:L/A:N;CWE-200;5415;Tesla;All driver versions prior to 450.216.04;515.86.01, 510.108.03, 470.161.03, 450.216.04, 390.157, 510.108.03(vGPU 14.4), 470.161.03(vGPU 13.6), 470.161.02(vGPU 13.6), 450.216.04(vGPU 11.11), 525.60.11(November 2022 release), 525.60.12(November 2022 release)
CVE-2022-34674;6.8;MEDIUM;CVSS:3.1/AV:L/AC:L/PR:N/UI:N/S:U/C:H/I:L/A:N;CWE-200;5415;Tesla;All driver versions prior to 470.161.03;515.86.01, 510.108.03, 470.161.03, 450.216.04, 390.157, 510.108.03(vGPU 14.4), 470.161.03(vGPU 13.6), 470.161.02(vGPU 13.6), 450.216.04(vGPU 11.11), 525.60.11(November 2022 release), 525.60.12(November 2022 release)
CVE-2022-34674;6.8;MEDIUM;CVSS:3.1/AV:L/AC:L/PR:N/UI:N/S:U/C:H/I:L/A:N;CWE-200;5415;Tesla;All driver versions prior to 510.108.03;515.86.01, 510.108.03, 470.161.03, 450.216.04, 390.157, 510.108.03(vGPU 14.4), 470.161.03(vGPU 13.6), 470.161.02(vGPU 13.6), 450.216.04(vGPU 11.11), 525.60.11(November 2022 release), 525.60.12(November 2022 release)
CVE-2022-34674;6.8;MEDIUM;CVSS:3.1/AV:L/AC:L/PR:N/UI:N/S:U/C:H/I:L/A:N;CWE-200;5415;Tesla;All driver versions prior to 515.86.01;515.86.01, 510.108.03, 470.161.03, 450.216.04, 390.157, 510.108.03(vGPU 14.4), 470.161.03(vGPU 13.6), 470.161.02(vGPU 13.6), 450.216.04(vGPU 11.11), 525.60.11(November 2022 release), 525.60.12(November 2022 release)
CVE-2022-34674;6.8;MEDIUM;CVSS:3.1/AV:L/AC:L/PR:N/UI:N/S:U/C:H/I:L/A:N;CWE-200;5415;vGPU software (guest driver);450.203.02(All versions prior to and including vGPU 11.10);515.86.01, 510.108.03, 470.161.03, 450.216.04, 390.157, 510.108.03(vGPU 14.4), 470.161.03(vGPU 13.6), 470.161.02(vGPU 13.6), 450.216.04(vGPU 11.11), 525.60.11(November 2022 release), 525.60.12(November 2022 release)
CVE-2022-34674;6.8;MEDIUM;CVSS:3.1/AV:L/AC:L/PR:N/UI:N/S:U/C:H/I:L/A:N;CWE-200;5415;vGPU software (guest driver);470.141.03(All versions prior to and including vGPU 13.6);515.86.01, 510.108.03, 470.161.03, 450.216.04, 390.157, 510.108.03(vGPU 14.4), 470.161.03(vGPU 13.6), 470.161.02(vGPU 13.6), 450.216.04(vGPU 11.11), 525.60.11(November 2022 release), 525.60.12(November 2022 release)
CVE-2022-34674;6.8;MEDIUM;CVSS:3.1/AV:L/AC:L/PR:N/UI:N/S:U/C:H/I:L/A:N;CWE-200;5415;vGPU software (guest driver);510.85.02(All versions prior to and including vGPU 14.3);515.86.01, 510.108.03, 470.161.03, 450.216.04, 390.157, 510.108.03(vGPU 14.4), 470.161.03(vGPU 13.6), 470.161.02(vGPU 13.6), 450.216.04(vGPU 11.11), 525.60.11(November 2022 release), 525.60.12(November 2022 release)
CVE-2022-34674;6.8;MEDIUM;CVSS:3.1/AV:L/AC:L/PR:N/UI:N/S:U/C:H/I:L/A:N;CWE-200;5415;vGPU software (Virtual GPU Manager);450.203(All versions prior to and including vGPU 11.10);515.86.01, 510.108.03, 470.161.03, 450.216.04, 390.157, 510.108.03(vGPU 14.4), 470.161.03(vGPU 13.6), 470.161.02(vGPU 13.6), 450.216.04(vGPU 11.11), 525.60.11(November 2022 release), 525.60.12(November 2022 release)
CVE-2022-34674;6.8;MEDIUM;CVSS:3.1/AV:L/AC:L/PR:N/UI:N/S:U/C:H/I:L/A:N;CWE-200;5415;vGPU software (Virtual GPU Manager);470.141.05(All versions prior to and including vGPU 13.6);515.86.01, 510.108.03, 470.161.03, 450.216.04, 390.157, 510.108.03(vGPU 14.4), 470.161.03(vGPU 13.6), 470.161.02(vGPU 13.6), 450.216.04(vGPU 11.11), 525.60.11(November 2022 release), 525.60.12(November 2022 release)
CVE-2022-34674;6.8;MEDIUM;CVSS:3.1/AV:L/AC:L/PR:N/UI:N/S:U/C:H/I:L/A:N;CWE-200;5415;vGPU software (Virtual GPU Manager);510.85.03(All versions prior to and including vGPU 14.3);515.86.01, 510.108.03, 470.161.03, 450.216.04, 390.157, 510.108.03(vGPU 14.4), 470.161.03(vGPU 13.6), 470.161.02(vGPU 13.6), 450.216.04(vGPU 11.11), 525.60.11(November 2022 release), 525.60.12(November 2022 release)
CVE-2022-34675;5.5;MEDIUM;CVSS:3.1/AV:L/AC:L/PR:L/UI:N/S:U/C:N/I:N/A:H;CWE-476;5415;GeForce;All driver versions prior to 390.157;515.86.01, 510.108.03, 470.161.03, 450.216.04, 390.157, 510.108.03(vGPU 14.4), 470.161.03(vGPU 13.6), 470.161.02(vGPU 13.6), 450.216.04(vGPU 11.11), 525.60.12(November 2022 release)
CVE-2022-34675;5.5;MEDIUM;CVSS:3.1/AV:L/AC:L/PR:L/UI:N/S:U/C:N/I:N/A:H;CWE-476;5415;GeForce;All driver versions prior to 470.161.03;515.86.01, 510.108.03, 470.161.03, 450.216.04, 390.157, 510.108.03(vGPU 14.4), 470.161.03(vGPU 13.6), 470.161.02(vGPU 13.6), 450.216.04(vGPU 11.11), 525.60.12(November 2022 release)
CVE-2022-34675;5.5;MEDIUM;CVSS:3.1/AV:L/AC:L/PR:L/UI:N/S:U/C:N/I:N/A:H;CWE-476;5415;GeForce;All driver versions prior to 510.108.03;515.86.01, 510.108.03, 470.161.03, 450.216.04, 390.157, 510.108.03(vGPU 14.4), 470.161.03(vGPU 13.6), 470.161.02(vGPU 13.6), 450.216.04(vGPU 11.11), 525.60.12(November 2022 release)
CVE-2022-34675;5.5;MEDIUM;CVSS:3.1/AV:L/AC:L/PR:L/UI:N/S:U/C:N/I:N/A:H;CWE-476;5415;GeForce;All driver versions prior to 515.86.01;515.86.01, 510.108.03, 470.161.03, 450.216.04, 390.157, 510.108.03(vGPU 14.4), 470.161.03(vGPU 13.6), 470.161.02(vGPU 13.6), 450.216.04(vGPU 11.11), 525.60.12(November 2022 release)
CVE-2022-34675;5.5;MEDIUM;CVSS:3.1/AV:L/AC:L/PR:L/UI:N/S:U/C:N/I:N/A:H;CWE-476;5415;NVIDIA Cloud Gaming (Virtual GPU Manager);All versions prior to 520.56.06(All versions prior to the November 2022 release);515.86.01, 510.108.03, 470.161.03, 450.216.04, 390.157, 510.108.03(vGPU 14.4), 470.161.03(vGPU 13.6), 470.161.02(vGPU 13.6), 450.216.04(vGPU 11.11), 525.60.12(November 2022 release)
CVE-2022-34675;5.5;MEDIUM;CVSS:3.1/AV:L/AC:L/PR:L/UI:N/S:U/C:N/I:N/A:H;CWE-476;5415;NVIDIA RTX, Quadro, NVS;All driver versions prior to 390.157;515.86.01, 510.108.03, 470.161.03, 450.216.04, 390.157, 510.108.03(vGPU 14.4), 470.161.03(vGPU 13.6), 470.161.02(vGPU 13.6), 450.216.04(vGPU 11.11), 525.60.12(November 2022 release)
CVE-2022-34675;5.5;MEDIUM;CVSS:3.1/AV:L/AC:L/PR:L/UI:N/S:U/C:N/I:N/A:H;CWE-476;5415;NVIDIA RTX, Quadro, NVS;All driver versions prior to 470.161.03;515.86.01, 510.108.03, 470.161.03, 450.216.04, 390.157, 510.108.03(vGPU 14.4), 470.161.03(vGPU 13.6), 470.161.02(vGPU 13.6), 450.216.04(vGPU 11.11), 525.60.12(November 2022 release)
CVE-2022-34675;5.5;MEDIUM;CVSS:3.1/AV:L/AC:L/PR:L/UI:N/S:U/C:N/I:N/A:H;CWE-476;5415;NVIDIA RTX, Quadro, NVS;All driver versions prior to 510.108.03;515.86.01, 510.108.03, 470.161.03, 450.216.04, 390.157, 510.108.03(vGPU 14.4), 470.161.03(vGPU 13.6), 470.161.02(vGPU 13.6), 450.216.04(vGPU 11.11), 525.60.12(November 2022 release)
CVE-2022-34675;5.5;MEDIUM;CVSS:3.1/AV:L/AC:L/PR:L/UI:N/S:U/C:N/I:N/A:H;CWE-476;5415;NVIDIA RTX, Quadro, NVS;All driver versions prior to 515.86.01;515.86.01, 510.108.03, 470.161.03, 450.216.04, 390.157, 510.108.03(vGPU 14.4), 470.161.03(vGPU 13.6), 470.161.02(vGPU 13.6), 450.216.04(vGPU 11.11), 525.60.12(November 2022 release)
CVE-2022-34675;5.5;MEDIUM;CVSS:3.1/AV:L/AC:L/PR:L/UI:N/S:U/C:N/I:N/A:H;CWE-476;5415;Tesla;All driver versions prior to 450.216.04;515.86.01, 510.108.03, 470.161.03, 450.216.04, 390.157, 510.108.03(vGPU 14.4), 470.161.03(vGPU 13.6), 470.161.02(vGPU 13.6), 450.216.04(vGPU 11.11), 525.60.12(November 2022 release)
CVE-2022-34675;5.5;MEDIUM;CVSS:3.1/AV:L/AC:L/PR:L/UI:N/S:U/C:N/I:N/A:H;CWE-476;5415;Tesla;All driver versions prior to 470.161.03;515.86.01, 510.108.03, 470.161.03, 450.216.04, 390.157, 510.108.03(vGPU 14.4), 470.161.03(vGPU 13.6), 470.161.02(vGPU 13.6), 450.216.04(vGPU 11.11), 525.60.12(November 2022 release)
CVE-2022-34675;5.5;MEDIUM;CVSS:3.1/AV:L/AC:L/PR:L/UI:N/S:U/C:N/I:N/A:H;CWE-476;5415;Tesla;All driver versions prior to 510.108.03;515.86.01, 510.108.03, 470.161.03, 450.216.04, 390.157, 510.108.03(vGPU 14.4), 470.161.03(vGPU 13.6), 470.161.02(vGPU 13.6), 450.216.04(vGPU 11.11), 525.60.12(November 2022 release)
CVE-2022-34675;5.5;MEDIUM;CVSS:3.1/AV:L/AC:L/PR:L/UI:N/S:U/C:N/I:N/A:H;CWE-476;5415;Tesla;All driver versions prior to 515.86.01;515.86.01, 510.108.03, 470.161.03, 450.216.04, 390.157, 510.108.03(vGPU 14.4), 470.161.03(vGPU 13.6), 470.161.02(vGPU 13.6), 450.216.04(vGPU 11.11), 525.60.12(November 2022 release)
CVE-2022-34675;5.5;MEDIUM;CVSS:3.1/AV:L/AC:L/PR:L/UI:N/S:U/C:N/I:N/A:H;CWE-476;5415;vGPU software (guest driver);450.203.02(All versions prior to and including vGPU 11.10);515.86.01, 510.108.03, 470.161.03, 450.216.04, 390.157, 510.108.03(vGPU 14.4), 470.161.03(vGPU 13.6), 470.161.02(vGPU 13.6), 450.216.04(vGPU 11.11), 525.60.12(November 2022 release)
CVE-2022-34675;5.5;MEDIUM;CVSS:3.1/AV:L/AC:L/PR:L/UI:N/S:U/C:N/I:N/A:H;CWE-476;5415;vGPU software (guest driver);470.141.03(All versions prior to and including vGPU 13.6);515.86.01, 510.108.03, 470.161.03, 450.216.04, 390.157, 510.108.03(vGPU 14.4), 470.161.03(vGPU 13.6), 470.161.02(vGPU 13.6), 450.216.04(vGPU 11.11), 525.60.12(November 2022 release)
CVE-2022-34675;5.5;MEDIUM;CVSS:3.1/AV:L/AC:L/PR:L/UI:N/S:U/C:N/I:N/A:H;CWE-476;5415;vGPU software (guest driver);510.85.02(All versions prior to and including vGPU 14.3);515.86.01, 510.108.03, 470.161.03, 450.216.04, 390.157, 510.108.03(vGPU 14.4), 470.161.03(vGPU 13.6), 470.161.02(vGPU 13.6), 450.216.04(vGPU 11.11), 525.60.12(November 2022 release)
CVE-2022-34675;5.5;MEDIUM;CVSS:3.1/AV:L/AC:L/PR:L/UI:N/S:U/C:N/I:N/A:H;CWE-476;5415;vGPU software (Virtual GPU Manager);450.203(All versions prior to and including vGPU 11.10);515.86.01, 510.108.03, 470.161.03, 450.216.04, 390.157, 510.108.03(vGPU 14.4), 470.161.03(vGPU 13.6), 470.161.02(vGPU 13.6), 450.216.04(vGPU 11.11), 525.60.12(November 2022 release)
CVE-2022-34675;5.5;MEDIUM;CVSS:3.1/AV:L/AC:L/PR:L/UI:N/S:U/C:N/I:N/A:H;CWE-476;5415;vGPU software (Virtual GPU Manager);470.141.05(All versions prior to and including vGPU 13.6);515.86.01, 510.108.03, 470.161.03, 450.216.04, 390.157, 510.108.03(vGPU 14.4), 470.161.03(vGPU 13.6), 470.161.02(vGPU 13.6), 450.216.04(vGPU 11.11), 525.60.12(November 2022 release)
CVE-2022-34675;5.5;MEDIUM;CVSS:3.1/AV:L/AC:L/PR:L/UI:N/S:U/C:N/I:N/A:H;CWE-476;5415;vGPU software (Virtual GPU Manager);510.85.03(All versions prior to and including vGPU 14.3);515.86.01, 510.108.03, 470.161.03, 450.216.04, 390.157, 510.108.03(vGPU 14.4), 470.161.03(vGPU 13.6), 470.161.02(vGPU 13.6), 450.216.04(vGPU 11.11), 525.60.12(November 2022 release)
CVE-2022-34676;7.1;HIGH;CVSS:3.1/AV:L/AC:L/PR:L/UI:N/S:U/C:N/I:H/A:H;CWE-197;5415;NVIDIA Cloud Gaming (guest driver);All versions prior to 520.56.06(All versions prior to the November 2022 release);525.60.11(November 2022 release), 525.60.12(November 2022 release)
CVE-2022-34676;7.1;HIGH;CVSS:3.1/AV:L/AC:L/PR:L/UI:N/S:U/C:N/I:H/A:H;CWE-197;5415;NVIDIA Cloud Gaming (Virtual GPU Manager);All versions prior to 520.56.06(All versions prior to the November 2022 release);525.60.11(November 2022 release), 525.60.12(November 2022 release)
CVE-2022-34677;5.5;MEDIUM;CVSS:3.1/AV:L/AC:L/PR:L/UI:N/S:U/C:H/I:N/A:N;CWE-125;5415;GeForce;All driver versions prior to 390.157;515.86.01, 510.108.03, 470.161.03, 450.216.04, 390.157, 510.108.03(vGPU 14.4), 470.161.03(vGPU 13.6), 470.161.02(vGPU 13.6), 450.216.04(vGPU 11.11), 525.60.11(November 2022 release), 525.60.12(November 2022 release)
CVE-2022-34677;5.5;MEDIUM;CVSS:3.1/AV:L/AC:L/PR:L/UI:N/S:U/C:H/I:N/A:N;CWE-125;5415;GeForce;All driver versions prior to 470.161.03;515.86.01, 510.108.03, 470.161.03, 450.216.04, 390.157, 510.108.03(vGPU 14.4), 470.161.03(vGPU 13.6), 470.161.02(vGPU 13.6), 450.216.04(vGPU 11.11), 525.60.11(November 2022 release), 525.60.12(November 2022 release)
CVE-2022-34677;5.5;MEDIUM;CVSS:3.1/AV:L/AC:L/PR:L/UI:N/S:U/C:H/I:N/A:N;CWE-125;5415;GeForce;All driver versions prior to 510.108.03;515.86.01, 510.108.03, 470.161.03, 450.216.04, 390.157, 510.108.03(vGPU 14.4), 470.161.03(vGPU 13.6), 470.161.02(vGPU 13.6), 450.216.04(vGPU 11.11), 525.60.11(November 2022 release), 525.60.12(November 2022 release)
CVE-2022-34677;5.5;MEDIUM;CVSS:3.1/AV:L/AC:L/PR:L/UI:N/S:U/C:H/I:N/A:N;CWE-125;5415;GeForce;All driver versions prior to 515.86.01;515.86.01, 510.108.03, 470.161.03, 450.216.04, 390.157, 510.108.03(vGPU 14.4), 470.161.03(vGPU 13.6), 470.161.02(vGPU 13.6), 450.216.04(vGPU 11.11), 525.60.11(November 2022 release), 525.60.12(November 2022 release)
CVE-2022-34677;5.5;MEDIUM;CVSS:3.1/AV:L/AC:L/PR:L/UI:N/S:U/C:H/I:N/A:N;CWE-125;5415;NVIDIA Cloud Gaming (guest driver);All versions prior to 520.56.06(All versions prior to the November 2022 release);515.86.01, 510.108.03, 470.161.03, 450.216.04, 390.157, 510.108.03(vGPU 14.4), 470.161.03(vGPU 13.6), 470.161.02(vGPU 13.6), 450.216.04(vGPU 11.11), 525.60.11(November 2022 release), 525.60.12(November 2022 release)
CVE-2022-34677;5.5;MEDIUM;CVSS:3.1/AV:L/AC:L/PR:L/UI:N/S:U/C:H/I:N/A:N;CWE-125;5415;NVIDIA Cloud Gaming (Virtual GPU Manager);All versions prior to 520.56.06(All versions prior to the November 2022 release);515.86.01, 510.108.03, 470.161.03, 450.216.04, 390.157, 510.108.03(vGPU 14.4), 470.161.03(vGPU 13.6), 470.161.02(vGPU 13.6), 450.216.04(vGPU 11.11), 525.60.11(November 2022 release), 525.60.12(November 2022 release)
CVE-2022-34677;5.5;MEDIUM;CVSS:3.1/AV:L/AC:L/PR:L/UI:N/S:U/C:H/I:N/A:N;CWE-125;5415;NVIDIA RTX, Quadro, NVS;All driver versions prior to 390.157;515.86.01, 510.108.03, 470.161.03, 450.216.04, 390.157, 510.108.03(vGPU 14.4), 470.161.03(vGPU 13.6), 470.161.02(vGPU 13.6), 450.216.04(vGPU 11.11), 525.60.11(November 2022 release), 525.60.12(November 2022 release)
CVE-2022-34677;5.5;MEDIUM;CVSS:3.1/AV:L/AC:L/PR:L/UI:N/S:U/C:H/I:N/A:N;CWE-125;5415;NVIDIA RTX, Quadro, NVS;All driver versions prior to 470.161.03;515.86.01, 510.108.03, 470.161.03, 450.216.04, 390.157, 510.108.03(vGPU 14.4), 470.161.03(vGPU 13.6), 470.161.02(vGPU 13.6), 450.216.04(vGPU 11.11), 525.60.11(November 2022 release), 525.60.12(November 2022 release)
CVE-2022-34677;5.5;MEDIUM;CVSS:3.1/AV:L/AC:L/PR:L/UI:N/S:U/C:H/I:N/A:N;CWE-125;5415;NVIDIA RTX, Quadro, NVS;All driver versions prior to 510.108.03;515.86.01, 510.108.03, 470.161.03, 450.216.04, 390.157, 510.108.03(vGPU 14.4), 470.161.03(vGPU 13.6), 470.161.02(vGPU 13.6), 450.216.04(vGPU 11.11), 525.60.11(November 2022 release), 525.60.12(November 2022 release)
CVE-2022-34677;5.5;MEDIUM;CVSS:3.1/AV:L/AC:L/PR:L/UI:N/S:U/C:H/I:N/A:N;CWE-125;5415;NVIDIA RTX, Quadro, NVS;All driver versions prior to 515.86.01;515.86.01, 510.108.03, 470.161.03, 450.216.04, 390.157, 510.108.03(vGPU 14.4), 470.161.03(vGPU 13.6), 470.161.02(vGPU 13.6), 450.216.04(vGPU 11.11), 525.60.11(November 2022 release), 525.60.12(November 2022 release)
CVE-2022-34677;5.5;MEDIUM;CVSS:3.1/AV:L/AC:L/PR:L/UI:N/S:U/C:H/I:N/A:N;CWE-125;5415;Tesla;All driver versions prior to 450.216.04;515.86.01, 510.108.03, 470.161.03, 450.216.04, 390.157, 510.108.03(vGPU 14.4), 470.161.03(vGPU 13.6), 470.161.02(vGPU 13.6), 450.216.04(vGPU 11.11), 525.60.11(November 2022 release), 525.60.12(November 2022 release)
CVE-2022-34677;5.5;MEDIUM;CVSS:3.1/AV:L/AC:L/PR:L/UI:N/S:U/C:H/I:N/A:N;CWE-125;5415;Tesla;All driver versions prior to 470.161.03;515.86.01, 510.108.03, 470.161.03, 450.216.04, 390.157, 510.108.03(vGPU 14.4), 470.161.03(vGPU 13.6), 470.161.02(vGPU 13.6), 450.216.04(vGPU 11.11), 525.60.11(November 2022 release), 525.60.12(November 2022 release)
CVE-2022-34677;5.5;MEDIUM;CVSS:3.1/AV:L/AC:L/PR:L/UI:N/S:U/C:H/I:N/A:N;CWE-125;5415;Tesla;All driver versions prior to 510.108.03;515.86.01, 510.108.03, 470.161.03, 450.216.04, 390.157, 510.108.03(vGPU 14.4), 470.161.03(vGPU 13.6), 470.161.02(vGPU 13.6), 450.216.04(vGPU 11.11), 525.60.11(November 2022 release), 525.60.12(November 2022 release)
CVE-2022-34677;5.5;MEDIUM;CVSS:3.1/AV:L/AC:L/PR:L/UI:N/S:U/C:H/I:N/A:N;CWE-125;5415;Tesla;All driver versions prior to 515.86.01;515.86.01, 510.108.03, 470.161.03, 450.216.04, 390.157, 510.108.03(vGPU 14.4), 470.161.03(vGPU 13.6), 470.161.02(vGPU 13.6), 450.216.04(vGPU 11.11), 525.60.11(November 2022 release), 525.60.12(November 2022 release)
CVE-2022-34677;5.5;MEDIUM;CVSS:3.1/AV:L/AC:L/PR:L/UI:N/S:U/C:H/I:N/A:N;CWE-125;5415;vGPU software (guest driver);450.203.02(All versions prior to and including vGPU 11.10);515.86.01, 510.108.03, 470.161.03, 450.216.04, 390.157, 510.108.03(vGPU 14.4), 470.161.03(vGPU 13.6), 470.161.02(vGPU 13.6), 450.216.04(vGPU 11.11), 525.60.11(November 2022 release), 525.60.12(November 2022 release)
CVE-2022-34677;5.5;MEDIUM;CVSS:3.1/AV:L/AC:L/PR:L/UI:N/S:U/C:H/I:N/A:N;CWE-125;5415;vGPU software (guest driver);470.141.03(All versions prior to and including vGPU 13.6);515.86.01, 510.108.03, 470.161.03, 450.216.04, 390.157, 510.108.03(vGPU 14.4), 470.161.03(vGPU 13.6), 470.161.02(vGPU 13.6), 450.216.04(vGPU 11.11), 525.60.11(November 2022 release), 525.60.12(November 2022 release)
CVE-2022-34677;5.5;MEDIUM;CVSS:3.1/AV:L/AC:L/PR:L/UI:N/S:U/C:H/I:N/A:N;CWE-125;5415;vGPU software (guest driver);510.85.02(All versions prior to and including vGPU 14.3);515.86.01, 510.108.03, 470.161.03, 450.216.04, 390.157, 510.108.03(vGPU 14.4), 470.161.03(vGPU 13.6), 470.161.02(vGPU 13.6), 450.216.04(vGPU 11.11), 525.60.11(November 2022 release), 525.60.12(November 2022 release)
CVE-2022-34677;5.5;MEDIUM;CVSS:3.1/AV:L/AC:L/PR:L/UI:N/S:U/C:H/I:N/A:N;CWE-125;5415;vGPU software (Virtual GPU Manager);450.203(All versions prior to and including vGPU 11.10);515.86.01, 510.108.03, 470.161.03, 450.216.04, 390.157, 510.108.03(vGPU 14.4), 470.161.03(vGPU 13.6), 470.161.02(vGPU 13.6), 450.216.04(vGPU 11.11), 525.60.11(November 2022 release), 525.60.12(November 2022 release)
CVE-2022-34677;5.5;MEDIUM;CVSS:3.1/AV:L/AC:L/PR:L/UI:N/S:U/C:H/I:N/A:N;CWE-125;5415;vGPU software (Virtual GPU Manager);470.141.05(All versions prior to and including vGPU 13.6);515.86.01, 510.108.03, 470.161.03, 450.216.04, 390.157, 510.108.03(vGPU 14.4), 470.161.03(vGPU 13.6), 470.161.02(vGPU 13.6), 450.216.04(vGPU 11.11), 525.60.11(November 2022 release), 525.60.12(November 2022 release)
CVE-2022-34677;5.5;MEDIUM;CVSS:3.1/AV:L/AC:L/PR:L/UI:N/S:U/C:H/I:N/A:N;CWE-125;5415;vGPU software (Virtual GPU Manager);510.85.03(All versions prior to and including vGPU 14.3);515.86.01, 510.108.03, 470.161.03, 450.216.04, 390.157, 510.108.03(vGPU 14.4), 470.161.03(vGPU 13.6), 470.161.02(vGPU 13.6), 450.216.04(vGPU 11.11), 525.60.11(November 2022 release), 525.60.12(November 2022 release)
CVE-2022-34678;6.5;MEDIUM;CVSS:3.1/AV:L/AC:L/PR:L/UI:N/S:C/C:N/I:N/A:H;CWE-476;5415;NVIDIA Cloud Gaming (guest driver);All versions prior to 520.56.06(All versions prior to the November 2022 release);514.08, 474.14, 527.27(November 2022 release), 525.60.11(November 2022 release), 525.60.12(November 2022 release)
CVE-2022-34678;6.5;MEDIUM;CVSS:3.1/AV:L/AC:L/PR:L/UI:N/S:C/C:N/I:N/A:H;CWE-476;5415;NVIDIA Cloud Gaming (guest driver);All versions prior to 522.25(All versions prior to the November 2022 release);514.08, 474.14, 527.27(November 2022 release), 525.60.11(November 2022 release), 525.60.12(November 2022 release)
CVE-2022-34678;6.5;MEDIUM;CVSS:3.1/AV:L/AC:L/PR:L/UI:N/S:C/C:N/I:N/A:H;CWE-476;5415;NVIDIA Cloud Gaming (Virtual GPU Manager);All versions prior to 520.56.06(All versions prior to the November 2022 release);514.08, 474.14, 527.27(November 2022 release), 525.60.11(November 2022 release), 525.60.12(November 2022 release)
CVE-2022-34678;6.5;MEDIUM;CVSS:3.1/AV:L/AC:L/PR:L/UI:N/S:C/C:N/I:N/A:H;CWE-476;5415;NVIDIA RTX, Quadro, NVS;All driver versions prior to 474.14;514.08, 474.14, 527.27(November 2022 release), 525.60.11(November 2022 release), 525.60.12(November 2022 release)
CVE-2022-34678;6.5;MEDIUM;CVSS:3.1/AV:L/AC:L/PR:L/UI:N/S:C/C:N/I:N/A:H;CWE-476;5415;NVIDIA RTX, Quadro, NVS;All driver versions prior to 514.08;514.08, 474.14, 527.27(November 2022 release), 525.60.11(November 2022 release), 525.60.12(November 2022 release)
CVE-2022-34678;6.5;MEDIUM;CVSS:3.1/AV:L/AC:L/PR:L/UI:N/S:C/C:N/I:N/A:H;CWE-476;5415;Tesla;All driver versions prior to 474.14;514.08, 474.14, 527.27(November 2022 release), 525.60.11(November 2022 release), 525.60.12(November 2022 release)
CVE-2022-34678;6.5;MEDIUM;CVSS:3.1/AV:L/AC:L/PR:L/UI:N/S:C/C:N/I:N/A:H;CWE-476;5415;Tesla;All driver versions prior to 514.08;514.08, 474.14, 527.27(November 2022 release), 525.60.11(November 2022 release), 525.60.12(November 2022 release)
CVE-2022-34679;5.5;MEDIUM;CVSS:3.1/AV:L/AC:L/PR:L/UI:N/S:U/C:N/I:N/A:H;CWE-476;5415;GeForce;All driver versions prior to 470.161.03;515.86.01, 510.108.03, 470.161.03, 450.216.04, 510.108.03(vGPU 14.4), 470.161.03(vGPU 13.6), 470.161.02(vGPU 13.6), 450.216.04(vGPU 11.11), 525.60.11(November 2022 release), 525.60.12(November 2022 release)
CVE-2022-34679;5.5;MEDIUM;CVSS:3.1/AV:L/AC:L/PR:L/UI:N/S:U/C:N/I:N/A:H;CWE-476;5415;GeForce;All driver versions prior to 510.108.03;515.86.01, 510.108.03, 470.161.03, 450.216.04, 510.108.03(vGPU 14.4), 470.161.03(vGPU 13.6), 470.161.02(vGPU 13.6), 450.216.04(vGPU 11.11), 525.60.11(November 2022 release), 525.60.12(November 2022 release)
CVE-2022-34679;5.5;MEDIUM;CVSS:3.1/AV:L/AC:L/PR:L/UI:N/S:U/C:N/I:N/A:H;CWE-476;5415;GeForce;All driver versions prior to 515.86.01;515.86.01, 510.108.03, 470.161.03, 450.216.04, 510.108.03(vGPU 14.4), 470.161.03(vGPU 13.6), 470.161.02(vGPU 13.6), 450.216.04(vGPU 11.11), 525.60.11(November 2022 release), 525.60.12(November 2022 release)
CVE-2022-34679;5.5;MEDIUM;CVSS:3.1/AV:L/AC:L/PR:L/UI:N/S:U/C:N/I:N/A:H;CWE-476;5415;NVIDIA Cloud Gaming (guest driver);All versions prior to 520.56.06(All versions prior to the November 2022 release);515.86.01, 510.108.03, 470.161.03, 450.216.04, 510.108.03(vGPU 14.4), 470.161.03(vGPU 13.6), 470.161.02(vGPU 13.6), 450.216.04(vGPU 11.11), 525.60.11(November 2022 release), 525.60.12(November 2022 release)
CVE-2022-34679;5.5;MEDIUM;CVSS:3.1/AV:L/AC:L/PR:L/UI:N/S:U/C:N/I:N/A:H;CWE-476;5415;NVIDIA Cloud Gaming (Virtual GPU Manager);All versions prior to 520.56.06(All versions prior to the November 2022 release);515.86.01, 510.108.03, 470.161.03, 450.216.04, 510.108.03(vGPU 14.4), 470.161.03(vGPU 13.6), 470.161.02(vGPU 13.6), 450.216.04(vGPU 11.11), 525.60.11(November 2022 release), 525.60.12(November 2022 release)
CVE-2022-34679;5.5;MEDIUM;CVSS:3.1/AV:L/AC:L/PR:L/UI:N/S:U/C:N/I:N/A:H;CWE-476;5415;NVIDIA RTX, Quadro, NVS;All driver versions prior to 470.161.03;515.86.01, 510.108.03, 470.161.03, 450.216.04, 510.108.03(vGPU 14.4), 470.161.03(vGPU 13.6), 470.161.02(vGPU 13.6), 450.216.04(vGPU 11.11), 525.60.11(November 2022 release), 525.60.12(November 2022 release)
CVE-2022-34679;5.5;MEDIUM;CVSS:3.1/AV:L/AC:L/PR:L/UI:N/S:U/C:N/I:N/A:H;CWE-476;5415;NVIDIA RTX, Quadro, NVS;All driver versions prior to 510.108.03;515.86.01, 510.108.03, 470.161.03, 450.216.04, 510.108.03(vGPU 14.4), 470.161.03(vGPU 13.6), 470.161.02(vGPU 13.6), 450.216.04(vGPU 11.11), 525.60.11(November 2022 release), 525.60.12(November 2022 release)
CVE-2022-34679;5.5;MEDIUM;CVSS:3.1/AV:L/AC:L/PR:L/UI:N/S:U/C:N/I:N/A:H;CWE-476;5415;NVIDIA RTX, Quadro, NVS;All driver versions prior to 515.86.01;515.86.01, 510.108.03, 470.161.03, 450.216.04, 510.108.03(vGPU 14.4), 470.161.03(vGPU 13.6), 470.161.02(vGPU 13.6), 450.216.04(vGPU 11.11), 525.60.11(November 2022 release), 525.60.12(November 2022 release)
CVE-2022-34679;5.5;MEDIUM;CVSS:3.1/AV:L/AC:L/PR:L/UI:N/S:U/C:N/I:N/A:H;CWE-476;5415;Tesla;All driver versions prior to 450.216.04;515.86.01, 510.108.03, 470.161.03, 450.216.04, 510.108.03(vGPU 14.4), 470.161.03(vGPU 13.6), 470.161.02(vGPU 13.6), 450.216.04(vGPU 11.11), 525.60.11(November 2022 release), 525.60.12(November 2022 release)
CVE-2022-34679;5.5;MEDIUM;CVSS:3.1/AV:L/AC:L/PR:L/UI:N/S:U/C:N/I:N/A:H;CWE-476;5415;Tesla;All driver versions prior to 470.161.03;515.86.01, 510.108.03, 470.161.03, 450.216.04, 510.108.03(vGPU 14.4), 470.161.03(vGPU 13.6), 470.161.02(vGPU 13.6), 450.216.04(vGPU 11.11), 525.60.11(November 2022 release), 525.60.12(November 2022 release)
CVE-2022-34679;5.5;MEDIUM;CVSS:3.1/AV:L/AC:L/PR:L/UI:N/S:U/C:N/I:N/A:H;CWE-476;5415;Tesla;All driver versions prior to 510.108.03;515.86.01, 510.108.03, 470.161.03, 450.216.04, 510.108.03(vGPU 14.4), 470.161.03(vGPU 13.6), 470.161.02(vGPU 13.6), 450.216.04(vGPU 11.11), 525.60.11(November 2022 release), 525.60.12(November 2022 release)
CVE-2022-34679;5.5;MEDIUM;CVSS:3.1/AV:L/AC:L/PR:L/UI:N/S:U/C:N/I:N/A:H;CWE-476;5415;Tesla;All driver versions prior to 515.86.01;515.86.01, 510.108.03, 470.161.03, 450.216.04, 510.108.03(vGPU 14.4), 470.161.03(vGPU 13.6), 470.161.02(vGPU 13.6), 450.216.04(vGPU 11.11), 525.60.11(November 2022 release), 525.60.12(November 2022 release)
CVE-2022-34679;5.5;MEDIUM;CVSS:3.1/AV:L/AC:L/PR:L/UI:N/S:U/C:N/I:N/A:H;CWE-476;5415;vGPU software (guest driver);450.203.02(All versions prior to and including vGPU 11.10);515.86.01, 510.108.03, 470.161.03, 450.216.04, 510.108.03(vGPU 14.4), 470.161.03(vGPU 13.6), 470.161.02(vGPU 13.6), 450.216.04(vGPU 11.11), 525.60.11(November 2022 release), 525.60.12(November 2022 release)
CVE-2022-34679;5.5;MEDIUM;CVSS:3.1/AV:L/AC:L/PR:L/UI:N/S:U/C:N/I:N/A:H;CWE-476;5415;vGPU software (guest driver);470.141.03(All versions prior to and including vGPU 13.6);515.86.01, 510.108.03, 470.161.03, 450.216.04, 510.108.03(vGPU 14.4), 470.161.03(vGPU 13.6), 470.161.02(vGPU 13.6), 450.216.04(vGPU 11.11), 525.60.11(November 2022 release), 525.60.12(November 2022 release)
CVE-2022-34679;5.5;MEDIUM;CVSS:3.1/AV:L/AC:L/PR:L/UI:N/S:U/C:N/I:N/A:H;CWE-476;5415;vGPU software (guest driver);510.85.02(All versions prior to and including vGPU 14.3);515.86.01, 510.108.03, 470.161.03, 450.216.04, 510.108.03(vGPU 14.4), 470.161.03(vGPU 13.6), 470.161.02(vGPU 13.6), 450.216.04(vGPU 11.11), 525.60.11(November 2022 release), 525.60.12(November 2022 release)
CVE-2022-34679;5.5;MEDIUM;CVSS:3.1/AV:L/AC:L/PR:L/UI:N/S:U/C:N/I:N/A:H;CWE-476;5415;vGPU software (Virtual GPU Manager);450.203(All versions prior to and including vGPU 11.10);515.86.01, 510.108.03, 470.161.03, 450.216.04, 510.108.03(vGPU 14.4), 470.161.03(vGPU 13.6), 470.161.02(vGPU 13.6), 450.216.04(vGPU 11.11), 525.60.11(November 2022 release), 525.60.12(November 2022 release)
CVE-2022-34679;5.5;MEDIUM;CVSS:3.1/AV:L/AC:L/PR:L/UI:N/S:U/C:N/I:N/A:H;CWE-476;5415;vGPU software (Virtual GPU Manager);470.141.05(All versions prior to and including vGPU 13.6);515.86.01, 510.108.03, 470.161.03, 450.216.04, 510.108.03(vGPU 14.4), 470.161.03(vGPU 13.6), 470.161.02(vGPU 13.6), 450.216.04(vGPU 11.11), 525.60.11(November 2022 release), 525.60.12(November 2022 release)
CVE-2022-34679;5.5;MEDIUM;CVSS:3.1/AV:L/AC:L/PR:L/UI:N/S:U/C:N/I:N/A:H;CWE-476;5415;vGPU software (Virtual GPU Manager);510.85.03(All versions prior to and including vGPU 14.3);515.86.01, 510.108.03, 470.161.03, 450.216.04, 510.108.03(vGPU 14.4), 470.161.03(vGPU 13.6), 470.161.02(vGPU 13.6), 450.216.04(vGPU 11.11), 525.60.11(November 2022 release), 525.60.12(November 2022 release)
CVE-2022-34680;5.5;MEDIUM;CVSS:3.1/AV:L/AC:L/PR:L/UI:N/S:U/C:N/I:N/A:H;CWE-197;5415;GeForce;All driver versions prior to 390.157;515.86.01, 510.108.03, 470.161.03, 450.216.04, 390.157, 510.108.03(vGPU 14.4), 470.161.03(vGPU 13.6), 470.161.02(vGPU 13.6), 450.216.04(vGPU 11.11), 525.60.11(November 2022 release), 525.60.12(November 2022 release)
CVE-2022-34680;5.5;MEDIUM;CVSS:3.1/AV:L/AC:L/PR:L/UI:N/S:U/C:N/I:N/A:H;CWE-197;5415;GeForce;All driver versions prior to 470.161.03;515.86.01, 510.108.03, 470.161.03, 450.216.04, 390.157, 510.108.03(vGPU 14.4), 470.161.03(vGPU 13.6), 470.161.02(vGPU 13.6), 450.216.04(vGPU 11.11), 525.60.11(November 2022 release), 525.60.12(November 2022 release)
CVE-2022-34680;5.5;MEDIUM;CVSS:3.1/AV:L/AC:L/PR:L/UI:N/S:U/C:N/I:N/A:H;CWE-197;5415;GeForce;All driver versions prior to 510.108.03;515.86.01, 510.108.03, 470.161.03, 450.216.04, 390.157, 510.108.03(vGPU 14.4), 470.161.03(vGPU 13.6), 470.161.02(vGPU 13.6), 450.216.04(vGPU 11.11), 525.60.11(November 2022 release), 525.60.12(November 2022 release)
CVE-2022-34680;5.5;MEDIUM;CVSS:3.1/AV:L/AC:L/PR:L/UI:N/S:U/C:N/I:N/A:H;CWE-197;5415;GeForce;All driver versions prior to 515.86.01;515.86.01, 510.108.03, 470.161.03, 450.216.04, 390.157, 510.108.03(vGPU 14.4), 470.161.03(vGPU 13.6), 470.161.02(vGPU 13.6), 450.216.04(vGPU 11.11), 525.60.11(November 2022 release), 525.60.12(November 2022 release)
CVE-2022-34680;5.5;MEDIUM;CVSS:3.1/AV:L/AC:L/PR:L/UI:N/S:U/C:N/I:N/A:H;CWE-197;5415;NVIDIA Cloud Gaming (guest driver);All versions prior to 520.56.06(All versions prior to the November 2022 release);515.86.01, 510.108.03, 470.161.03, 450.216.04, 390.157, 510.108.03(vGPU 14.4), 470.161.03(vGPU 13.6), 470.161.02(vGPU 13.6), 450.216.04(vGPU 11.11), 525.60.11(November 2022 release), 525.60.12(November 2022 release)
CVE-2022-34680;5.5;MEDIUM;CVSS:3.1/AV:L/AC:L/PR:L/UI:N/S:U/C:N/I:N/A:H;CWE-197;5415;NVIDIA Cloud Gaming (Virtual GPU Manager);All versions prior to 520.56.06(All versions prior to the November 2022 release);515.86.01, 510.108.03, 470.161.03, 450.216.04, 390.157, 510.108.03(vGPU 14.4), 470.161.03(vGPU 13.6), 470.161.02(vGPU 13.6), 450.216.04(vGPU 11.11), 525.60.11(November 2022 release), 525.60.12(November 2022 release)
CVE-2022-34680;5.5;MEDIUM;CVSS:3.1/AV:L/AC:L/PR:L/UI:N/S:U/C:N/I:N/A:H;CWE-197;5415;NVIDIA RTX, Quadro, NVS;All driver versions prior to 390.157;515.86.01, 510.108.03, 470.161.03, 450.216.04, 390.157, 510.108.03(vGPU 14.4), 470.161.03(vGPU 13.6), 470.161.02(vGPU 13.6), 450.216.04(vGPU 11.11), 525.60.11(November 2022 release), 525.60.12(November 2022 release)
CVE-2022-34680;5.5;MEDIUM;CVSS:3.1/AV:L/AC:L/PR:L/UI:N/S:U/C:N/I:N/A:H;CWE-197;5415;NVIDIA RTX, Quadro, NVS;All driver versions prior to 470.161.03;515.86.01, 510.108.03, 470.161.03, 450.216.04, 390.157, 510.108.03(vGPU 14.4), 470.161.03(vGPU 13.6), 470.161.02(vGPU 13.6), 450.216.04(vGPU 11.11), 525.60.11(November 2022 release), 525.60.12(November 2022 release)
CVE-2022-34680;5.5;MEDIUM;CVSS:3.1/AV:L/AC:L/PR:L/UI:N/S:U/C:N/I:N/A:H;CWE-197;5415;NVIDIA RTX, Quadro, NVS;All driver versions prior to 510.108.03;515.86.01, 510.108.03, 470.161.03, 450.216.04, 390.157, 510.108.03(vGPU 14.4), 470.161.03(vGPU 13.6), 470.161.02(vGPU 13.6), 450.216.04(vGPU 11.11), 525.60.11(November 2022 release), 525.60.12(November 2022 release)
CVE-2022-34680;5.5;MEDIUM;CVSS:3.1/AV:L/AC:L/PR:L/UI:N/S:U/C:N/I:N/A:H;CWE-197;5415;NVIDIA RTX, Quadro, NVS;All driver versions prior to 515.86.01;515.86.01, 510.108.03, 470.161.03, 450.216.04, 390.157, 510.108.03(vGPU 14.4), 470.161.03(vGPU 13.6), 470.161.02(vGPU 13.6), 450.216.04(vGPU 11.11), 525.60.11(November 2022 release), 525.60.12(November 2022 release)
CVE-2022-34680;5.5;MEDIUM;CVSS:3.1/AV:L/AC:L/PR:L/UI:N/S:U/C:N/I:N/A:H;CWE-197;5415;Tesla;All driver versions prior to 450.216.04;515.86.01, 510.108.03, 470.161.03, 450.216.04, 390.157, 510.108.03(vGPU 14.4), 470.161.03(vGPU 13.6), 470.161.02(vGPU 13.6), 450.216.04(vGPU 11.11), 525.60.11(November 2022 release), 525.60.12(November 2022 release)
CVE-2022-34680;5.5;MEDIUM;CVSS:3.1/AV:L/AC:L/PR:L/UI:N/S:U/C:N/I:N/A:H;CWE-197;5415;Tesla;All driver versions prior to 470.161.03;515.86.01, 510.108.03, 470.161.03, 450.216.04, 390.157, 510.108.03(vGPU 14.4), 470.161.03(vGPU 13.6), 470.161.02(vGPU 13.6), 450.216.04(vGPU 11.11), 525.60.11(November 2022 release), 525.60.12(November 2022 release)
CVE-2022-34680;5.5;MEDIUM;CVSS:3.1/AV:L/AC:L/PR:L/UI:N/S:U/C:N/I:N/A:H;CWE-197;5415;Tesla;All driver versions prior to 510.108.03;515.86.01, 510.108.03, 470.161.03, 450.216.04, 390.157, 510.108.03(vGPU 14.4), 470.161.03(vGPU 13.6), 470.161.02(vGPU 13.6), 450.216.04(vGPU 11.11), 525.60.11(November 2022 release), 525.60.12(November 2022 release)
CVE-2022-34680;5.5;MEDIUM;CVSS:3.1/AV:L/AC:L/PR:L/UI:N/S:U/C:N/I:N/A:H;CWE-197;5415;Tesla;All driver versions prior to 515.86.01;515.86.01, 510.108.03, 470.161.03, 450.216.04, 390.157, 510.108.03(vGPU 14.4), 470.161.03(vGPU 13.6), 470.161.02(vGPU 13.6), 450.216.04(vGPU 11.11), 525.60.11(November 2022 release), 525.60.12(November 2022 release)
CVE-2022-34680;5.5;MEDIUM;CVSS:3.1/AV:L/AC:L/PR:L/UI:N/S:U/C:N/I:N/A:H;CWE-197;5415;vGPU software (guest driver);450.203.02(All versions prior to and including vGPU 11.10);515.86.01, 510.108.03, 470.161.03, 450.216.04, 390.157, 510.108.03(vGPU 14.4), 470.161.03(vGPU 13.6), 470.161.02(vGPU 13.6), 450.216.04(vGPU 11.11), 525.60.11(November 2022 release), 525.60.12(November 2022 release)
CVE-2022-34680;5.5;MEDIUM;CVSS:3.1/AV:L/AC:L/PR:L/UI:N/S:U/C:N/I:N/A:H;CWE-197;5415;vGPU software (guest driver);470.141.03(All versions prior to and including vGPU 13.6);515.86.01, 510.108.03, 470.161.03, 450.216.04, 390.157, 510.108.03(vGPU 14.4), 470.161.03(vGPU 13.6), 470.161.02(vGPU 13.6), 450.216.04(vGPU 11.11), 525.60.11(November 2022 release), 525.60.12(November 2022 release)
CVE-2022-34680;5.5;MEDIUM;CVSS:3.1/AV:L/AC:L/PR:L/UI:N/S:U/C:N/I:N/A:H;CWE-197;5415;vGPU software (guest driver);510.85.02(All versions prior to and including vGPU 14.3);515.86.01, 510.108.03, 470.161.03, 450.216.04, 390.157, 510.108.03(vGPU 14.4), 470.161.03(vGPU 13.6), 470.161.02(vGPU 13.6), 450.216.04(vGPU 11.11), 525.60.11(November 2022 release), 525.60.12(November 2022 release)
CVE-2022-34680;5.5;MEDIUM;CVSS:3.1/AV:L/AC:L/PR:L/UI:N/S:U/C:N/I:N/A:H;CWE-197;5415;vGPU software (Virtual GPU Manager);450.203(All versions prior to and including vGPU 11.10);515.86.01, 510.108.03, 470.161.03, 450.216.04, 390.157, 510.108.03(vGPU 14.4), 470.161.03(vGPU 13.6), 470.161.02(vGPU 13.6), 450.216.04(vGPU 11.11), 525.60.11(November 2022 release), 525.60.12(November 2022 release)
CVE-2022-34680;5.5;MEDIUM;CVSS:3.1/AV:L/AC:L/PR:L/UI:N/S:U/C:N/I:N/A:H;CWE-197;5415;vGPU software (Virtual GPU Manager);470.141.05(All versions prior to and including vGPU 13.6);515.86.01, 510.108.03, 470.161.03, 450.216.04, 390.157, 510.108.03(vGPU 14.4), 470.161.03(vGPU 13.6), 470.161.02(vGPU 13.6), 450.216.04(vGPU 11.11), 525.60.11(November 2022 release), 525.60.12(November 2022 release)
CVE-2022-34680;5.5;MEDIUM;CVSS:3.1/AV:L/AC:L/PR:L/UI:N/S:U/C:N/I:N/A:H;CWE-197;5415;vGPU software (Virtual GPU Manager);510.85.03(All versions prior to and including vGPU 14.3);515.86.01, 510.108.03, 470.161.03, 450.216.04, 390.157, 510.108.03(vGPU 14.4), 470.161.03(vGPU 13.6), 470.161.02(vGPU 13.6), 450.216.04(vGPU 11.11), 525.60.11(November 2022 release), 525.60.12(November 2022 release)
CVE-2022-34681;5.5;MEDIUM;CVSS:3.1/AV:L/AC:L/PR:L/UI:N/S:U/C:N/I:N/A:H;CWE-20;5415;GeForce;All driver versions prior to 474.11;526.98, 474.14, 474.11, 527.27, 517.88, 514.08, 527.41, 454.02, 514.08(vGPU 14.4), 474.14(vGPU 13.6), 454.02(vGPU 11.11), 527.27(November 2022 release)
CVE-2022-34681;5.5;MEDIUM;CVSS:3.1/AV:L/AC:L/PR:L/UI:N/S:U/C:N/I:N/A:H;CWE-20;5415;GeForce;All driver versions prior to 526.98;526.98, 474.14, 474.11, 527.27, 517.88, 514.08, 527.41, 454.02, 514.08(vGPU 14.4), 474.14(vGPU 13.6), 454.02(vGPU 11.11), 527.27(November 2022 release)
CVE-2022-34681;5.5;MEDIUM;CVSS:3.1/AV:L/AC:L/PR:L/UI:N/S:U/C:N/I:N/A:H;CWE-20;5415;GeForce;All drivers versions prior to 474.14 for support of GeForce Kepler desktop;526.98, 474.14, 474.11, 527.27, 517.88, 514.08, 527.41, 454.02, 514.08(vGPU 14.4), 474.14(vGPU 13.6), 454.02(vGPU 11.11), 527.27(November 2022 release)
CVE-2022-34681;5.5;MEDIUM;CVSS:3.1/AV:L/AC:L/PR:L/UI:N/S:U/C:N/I:N/A:H;CWE-20;5415;NVIDIA Cloud Gaming (guest driver);All versions prior to 522.25(All versions prior to the November 2022 release);526.98, 474.14, 474.11, 527.27, 517.88, 514.08, 527.41, 454.02, 514.08(vGPU 14.4), 474.14(vGPU 13.6), 454.02(vGPU 11.11), 527.27(November 2022 release)
CVE-2022-34681;5.5;MEDIUM;CVSS:3.1/AV:L/AC:L/PR:L/UI:N/S:U/C:N/I:N/A:H;CWE-20;5415;NVIDIA RTX, Quadro, NVS;All driver versions prior to 474.14;526.98, 474.14, 474.11, 527.27, 517.88, 514.08, 527.41, 454.02, 514.08(vGPU 14.4), 474.14(vGPU 13.6), 454.02(vGPU 11.11), 527.27(November 2022 release)
CVE-2022-34681;5.5;MEDIUM;CVSS:3.1/AV:L/AC:L/PR:L/UI:N/S:U/C:N/I:N/A:H;CWE-20;5415;NVIDIA RTX, Quadro, NVS;All driver versions prior to 514.08;526.98, 474.14, 474.11, 527.27, 517.88, 514.08, 527.41, 454.02, 514.08(vGPU 14.4), 474.14(vGPU 13.6), 454.02(vGPU 11.11), 527.27(November 2022 release)
CVE-2022-34681;5.5;MEDIUM;CVSS:3.1/AV:L/AC:L/PR:L/UI:N/S:U/C:N/I:N/A:H;CWE-20;5415;NVIDIA RTX, Quadro, NVS;All driver versions prior to 517.88;526.98, 474.14, 474.11, 527.27, 517.88, 514.08, 527.41, 454.02, 514.08(vGPU 14.4), 474.14(vGPU 13.6), 454.02(vGPU 11.11), 527.27(November 2022 release)
CVE-2022-34681;5.5;MEDIUM;CVSS:3.1/AV:L/AC:L/PR:L/UI:N/S:U/C:N/I:N/A:H;CWE-20;5415;NVIDIA RTX, Quadro, NVS;All driver versions prior to 527.27;526.98, 474.14, 474.11, 527.27, 517.88, 514.08, 527.41, 454.02, 514.08(vGPU 14.4), 474.14(vGPU 13.6), 454.02(vGPU 11.11), 527.27(November 2022 release)
CVE-2022-34681;5.5;MEDIUM;CVSS:3.1/AV:L/AC:L/PR:L/UI:N/S:U/C:N/I:N/A:H;CWE-20;5415;Studio;All driver versions prior to 526.98;526.98, 474.14, 474.11, 527.27, 517.88, 514.08, 527.41, 454.02, 514.08(vGPU 14.4), 474.14(vGPU 13.6), 454.02(vGPU 11.11), 527.27(November 2022 release)
CVE-2022-34681;5.5;MEDIUM;CVSS:3.1/AV:L/AC:L/PR:L/UI:N/S:U/C:N/I:N/A:H;CWE-20;5415;Tesla;All driver versions prior to 454.02;526.98, 474.14, 474.11, 527.27, 517.88, 514.08, 527.41, 454.02, 514.08(vGPU 14.4), 474.14(vGPU 13.6), 454.02(vGPU 11.11), 527.27(November 2022 release)
CVE-2022-34681;5.5;MEDIUM;CVSS:3.1/AV:L/AC:L/PR:L/UI:N/S:U/C:N/I:N/A:H;CWE-20;5415;Tesla;All driver versions prior to 474.14;526.98, 474.14, 474.11, 527.27, 517.88, 514.08, 527.41, 454.02, 514.08(vGPU 14.4), 474.14(vGPU 13.6), 454.02(vGPU 11.11), 527.27(November 2022 release)
CVE-2022-34681;5.5;MEDIUM;CVSS:3.1/AV:L/AC:L/PR:L/UI:N/S:U/C:N/I:N/A:H;CWE-20;5415;Tesla;All driver versions prior to 514.08;526.98, 474.14, 474.11, 527.27, 517.88, 514.08, 527.41, 454.02, 514.08(vGPU 14.4), 474.14(vGPU 13.6), 454.02(vGPU 11.11), 527.27(November 2022 release)
CVE-2022-34681;5.5;MEDIUM;CVSS:3.1/AV:L/AC:L/PR:L/UI:N/S:U/C:N/I:N/A:H;CWE-20;5415;Tesla;All driver versions prior to 517.88;526.98, 474.14, 474.11, 527.27, 517.88, 514.08, 527.41, 454.02, 514.08(vGPU 14.4), 474.14(vGPU 13.6), 454.02(vGPU 11.11), 527.27(November 2022 release)
CVE-2022-34681;5.5;MEDIUM;CVSS:3.1/AV:L/AC:L/PR:L/UI:N/S:U/C:N/I:N/A:H;CWE-20;5415;Tesla;All driver versions prior to 527.41;526.98, 474.14, 474.11, 527.27, 517.88, 514.08, 527.41, 454.02, 514.08(vGPU 14.4), 474.14(vGPU 13.6), 454.02(vGPU 11.11), 527.27(November 2022 release)
CVE-2022-34681;5.5;MEDIUM;CVSS:3.1/AV:L/AC:L/PR:L/UI:N/S:U/C:N/I:N/A:H;CWE-20;5415;vGPU software (guest driver);453.94(All versions prior to and including vGPU 11.10);526.98, 474.14, 474.11, 527.27, 517.88, 514.08, 527.41, 454.02, 514.08(vGPU 14.4), 474.14(vGPU 13.6), 454.02(vGPU 11.11), 527.27(November 2022 release)
CVE-2022-34681;5.5;MEDIUM;CVSS:3.1/AV:L/AC:L/PR:L/UI:N/S:U/C:N/I:N/A:H;CWE-20;5415;vGPU software (guest driver);474.04(All versions prior to and including vGPU 13.5);526.98, 474.14, 474.11, 527.27, 517.88, 514.08, 527.41, 454.02, 514.08(vGPU 14.4), 474.14(vGPU 13.6), 454.02(vGPU 11.11), 527.27(November 2022 release)
CVE-2022-34681;5.5;MEDIUM;CVSS:3.1/AV:L/AC:L/PR:L/UI:N/S:U/C:N/I:N/A:H;CWE-20;5415;vGPU software (guest driver);513.91(All versions prior to and including vGPU 14.3);526.98, 474.14, 474.11, 527.27, 517.88, 514.08, 527.41, 454.02, 514.08(vGPU 14.4), 474.14(vGPU 13.6), 454.02(vGPU 11.11), 527.27(November 2022 release)
CVE-2022-34682;5.5;MEDIUM;CVSS:3.1/AV:L/AC:L/PR:L/UI:N/S:U/C:N/I:N/A:H;CWE-476;5415;GeForce;All driver versions prior to 470.161.03;515.86.01, 510.108.03, 470.161.03, 450.216.04, 510.108.03(vGPU 14.4), 470.161.03(vGPU 13.6), 470.161.02(vGPU 13.6), 450.216.04(vGPU 11.11), 525.60.11(November 2022 release), 525.60.12(November 2022 release)
CVE-2022-34682;5.5;MEDIUM;CVSS:3.1/AV:L/AC:L/PR:L/UI:N/S:U/C:N/I:N/A:H;CWE-476;5415;GeForce;All driver versions prior to 510.108.03;515.86.01, 510.108.03, 470.161.03, 450.216.04, 510.108.03(vGPU 14.4), 470.161.03(vGPU 13.6), 470.161.02(vGPU 13.6), 450.216.04(vGPU 11.11), 525.60.11(November 2022 release), 525.60.12(November 2022 release)
CVE-2022-34682;5.5;MEDIUM;CVSS:3.1/AV:L/AC:L/PR:L/UI:N/S:U/C:N/I:N/A:H;CWE-476;5415;GeForce;All driver versions prior to 515.86.01;515.86.01, 510.108.03, 470.161.03, 450.216.04, 510.108.03(vGPU 14.4), 470.161.03(vGPU 13.6), 470.161.02(vGPU 13.6), 450.216.04(vGPU 11.11), 525.60.11(November 2022 release), 525.60.12(November 2022 release)
CVE-2022-34682;5.5;MEDIUM;CVSS:3.1/AV:L/AC:L/PR:L/UI:N/S:U/C:N/I:N/A:H;CWE-476;5415;NVIDIA Cloud Gaming (guest driver);All versions prior to 520.56.06(All versions prior to the November 2022 release);515.86.01, 510.108.03, 470.161.03, 450.216.04, 510.108.03(vGPU 14.4), 470.161.03(vGPU 13.6), 470.161.02(vGPU 13.6), 450.216.04(vGPU 11.11), 525.60.11(November 2022 release), 525.60.12(November 2022 release)
CVE-2022-34682;5.5;MEDIUM;CVSS:3.1/AV:L/AC:L/PR:L/UI:N/S:U/C:N/I:N/A:H;CWE-476;5415;NVIDIA Cloud Gaming (Virtual GPU Manager);All versions prior to 520.56.06(All versions prior to the November 2022 release);515.86.01, 510.108.03, 470.161.03, 450.216.04, 510.108.03(vGPU 14.4), 470.161.03(vGPU 13.6), 470.161.02(vGPU 13.6), 450.216.04(vGPU 11.11), 525.60.11(November 2022 release), 525.60.12(November 2022 release)
CVE-2022-34682;5.5;MEDIUM;CVSS:3.1/AV:L/AC:L/PR:L/UI:N/S:U/C:N/I:N/A:H;CWE-476;5415;NVIDIA RTX, Quadro, NVS;All driver versions prior to 470.161.03;515.86.01, 510.108.03, 470.161.03, 450.216.04, 510.108.03(vGPU 14.4), 470.161.03(vGPU 13.6), 470.161.02(vGPU 13.6), 450.216.04(vGPU 11.11), 525.60.11(November 2022 release), 525.60.12(November 2022 release)
CVE-2022-34682;5.5;MEDIUM;CVSS:3.1/AV:L/AC:L/PR:L/UI:N/S:U/C:N/I:N/A:H;CWE-476;5415;NVIDIA RTX, Quadro, NVS;All driver versions prior to 510.108.03;515.86.01, 510.108.03, 470.161.03, 450.216.04, 510.108.03(vGPU 14.4), 470.161.03(vGPU 13.6), 470.161.02(vGPU 13.6), 450.216.04(vGPU 11.11), 525.60.11(November 2022 release), 525.60.12(November 2022 release)
CVE-2022-34682;5.5;MEDIUM;CVSS:3.1/AV:L/AC:L/PR:L/UI:N/S:U/C:N/I:N/A:H;CWE-476;5415;NVIDIA RTX, Quadro, NVS;All driver versions prior to 515.86.01;515.86.01, 510.108.03, 470.161.03, 450.216.04, 510.108.03(vGPU 14.4), 470.161.03(vGPU 13.6), 470.161.02(vGPU 13.6), 450.216.04(vGPU 11.11), 525.60.11(November 2022 release), 525.60.12(November 2022 release)
CVE-2022-34682;5.5;MEDIUM;CVSS:3.1/AV:L/AC:L/PR:L/UI:N/S:U/C:N/I:N/A:H;CWE-476;5415;Tesla;All driver versions prior to 450.216.04;515.86.01, 510.108.03, 470.161.03, 450.216.04, 510.108.03(vGPU 14.4), 470.161.03(vGPU 13.6), 470.161.02(vGPU 13.6), 450.216.04(vGPU 11.11), 525.60.11(November 2022 release), 525.60.12(November 2022 release)
CVE-2022-34682;5.5;MEDIUM;CVSS:3.1/AV:L/AC:L/PR:L/UI:N/S:U/C:N/I:N/A:H;CWE-476;5415;Tesla;All driver versions prior to 470.161.03;515.86.01, 510.108.03, 470.161.03, 450.216.04, 510.108.03(vGPU 14.4), 470.161.03(vGPU 13.6), 470.161.02(vGPU 13.6), 450.216.04(vGPU 11.11), 525.60.11(November 2022 release), 525.60.12(November 2022 release)
CVE-2022-34682;5.5;MEDIUM;CVSS:3.1/AV:L/AC:L/PR:L/UI:N/S:U/C:N/I:N/A:H;CWE-476;5415;Tesla;All driver versions prior to 510.108.03;515.86.01, 510.108.03, 470.161.03, 450.216.04, 510.108.03(vGPU 14.4), 470.161.03(vGPU 13.6), 470.161.02(vGPU 13.6), 450.216.04(vGPU 11.11), 525.60.11(November 2022 release), 525.60.12(November 2022 release)
CVE-2022-34682;5.5;MEDIUM;CVSS:3.1/AV:L/AC:L/PR:L/UI:N/S:U/C:N/I:N/A:H;CWE-476;5415;Tesla;All driver versions prior to 515.86.01;515.86.01, 510.108.03, 470.161.03, 450.216.04, 510.108.03(vGPU 14.4), 470.161.03(vGPU 13.6), 470.161.02(vGPU 13.6), 450.216.04(vGPU 11.11), 525.60.11(November 2022 release), 525.60.12(November 2022 release)
CVE-2022-34682;5.5;MEDIUM;CVSS:3.1/AV:L/AC:L/PR:L/UI:N/S:U/C:N/I:N/A:H;CWE-476;5415;vGPU software (guest driver);450.203.02(All versions prior to and including vGPU 11.10);515.86.01, 510.108.03, 470.161.03, 450.216.04, 510.108.03(vGPU 14.4), 470.161.03(vGPU 13.6), 470.161.02(vGPU 13.6), 450.216.04(vGPU 11.11), 525.60.11(November 2022 release), 525.60.12(November 2022 release)
CVE-2022-34682;5.5;MEDIUM;CVSS:3.1/AV:L/AC:L/PR:L/UI:N/S:U/C:N/I:N/A:H;CWE-476;5415;vGPU software (guest driver);470.141.03(All versions prior to and including vGPU 13.6);515.86.01, 510.108.03, 470.161.03, 450.216.04, 510.108.03(vGPU 14.4), 470.161.03(vGPU 13.6), 470.161.02(vGPU 13.6), 450.216.04(vGPU 11.11), 525.60.11(November 2022 release), 525.60.12(November 2022 release)
CVE-2022-34682;5.5;MEDIUM;CVSS:3.1/AV:L/AC:L/PR:L/UI:N/S:U/C:N/I:N/A:H;CWE-476;5415;vGPU software (guest driver);510.85.02(All versions prior to and including vGPU 14.3);515.86.01, 510.108.03, 470.161.03, 450.216.04, 510.108.03(vGPU 14.4), 470.161.03(vGPU 13.6), 470.161.02(vGPU 13.6), 450.216.04(vGPU 11.11), 525.60.11(November 2022 release), 525.60.12(November 2022 release)
CVE-2022-34682;5.5;MEDIUM;CVSS:3.1/AV:L/AC:L/PR:L/UI:N/S:U/C:N/I:N/A:H;CWE-476;5415;vGPU software (Virtual GPU Manager);450.203(All versions prior to and including vGPU 11.10);515.86.01, 510.108.03, 470.161.03, 450.216.04, 510.108.03(vGPU 14.4), 470.161.03(vGPU 13.6), 470.161.02(vGPU 13.6), 450.216.04(vGPU 11.11), 525.60.11(November 2022 release), 525.60.12(November 2022 release)
CVE-2022-34682;5.5;MEDIUM;CVSS:3.1/AV:L/AC:L/PR:L/UI:N/S:U/C:N/I:N/A:H;CWE-476;5415;vGPU software (Virtual GPU Manager);470.141.05(All versions prior to and including vGPU 13.6);515.86.01, 510.108.03, 470.161.03, 450.216.04, 510.108.03(vGPU 14.4), 470.161.03(vGPU 13.6), 470.161.02(vGPU 13.6), 450.216.04(vGPU 11.11), 525.60.11(November 2022 release), 525.60.12(November 2022 release)
CVE-2022-34682;5.5;MEDIUM;CVSS:3.1/AV:L/AC:L/PR:L/UI:N/S:U/C:N/I:N/A:H;CWE-476;5415;vGPU software (Virtual GPU Manager);510.85.03(All versions prior to and including vGPU 14.3);515.86.01, 510.108.03, 470.161.03, 450.216.04, 510.108.03(vGPU 14.4), 470.161.03(vGPU 13.6), 470.161.02(vGPU 13.6), 450.216.04(vGPU 11.11), 525.60.11(November 2022 release), 525.60.12(November 2022 release)
CVE-2022-34683;5.5;MEDIUM;CVSS:3.1/AV:L/AC:L/PR:L/UI:N/S:U/C:N/I:N/A:H;CWE-476;5415;GeForce;All driver versions prior to 474.11;526.98, 474.14, 474.11, 527.27, 517.88, 514.08, 527.41, 454.02, 514.08(vGPU 14.4), 474.14(vGPU 13.6), 454.02(vGPU 11.11), 527.27(November 2022 release)
CVE-2022-34683;5.5;MEDIUM;CVSS:3.1/AV:L/AC:L/PR:L/UI:N/S:U/C:N/I:N/A:H;CWE-476;5415;GeForce;All driver versions prior to 526.98;526.98, 474.14, 474.11, 527.27, 517.88, 514.08, 527.41, 454.02, 514.08(vGPU 14.4), 474.14(vGPU 13.6), 454.02(vGPU 11.11), 527.27(November 2022 release)
CVE-2022-34683;5.5;MEDIUM;CVSS:3.1/AV:L/AC:L/PR:L/UI:N/S:U/C:N/I:N/A:H;CWE-476;5415;GeForce;All drivers versions prior to 474.14 for support of GeForce Kepler desktop;526.98, 474.14, 474.11, 527.27, 517.88, 514.08, 527.41, 454.02, 514.08(vGPU 14.4), 474.14(vGPU 13.6), 454.02(vGPU 11.11), 527.27(November 2022 release)
CVE-2022-34683;5.5;MEDIUM;CVSS:3.1/AV:L/AC:L/PR:L/UI:N/S:U/C:N/I:N/A:H;CWE-476;5415;NVIDIA Cloud Gaming (guest driver);All versions prior to 522.25(All versions prior to the November 2022 release);526.98, 474.14, 474.11, 527.27, 517.88, 514.08, 527.41, 454.02, 514.08(vGPU 14.4), 474.14(vGPU 13.6), 454.02(vGPU 11.11), 527.27(November 2022 release)
CVE-2022-34683;5.5;MEDIUM;CVSS:3.1/AV:L/AC:L/PR:L/UI:N/S:U/C:N/I:N/A:H;CWE-476;5415;NVIDIA RTX, Quadro, NVS;All driver versions prior to 474.14;526.98, 474.14, 474.11, 527.27, 517.88, 514.08, 527.41, 454.02, 514.08(vGPU 14.4), 474.14(vGPU 13.6), 454.02(vGPU 11.11), 527.27(November 2022 release)
CVE-2022-34683;5.5;MEDIUM;CVSS:3.1/AV:L/AC:L/PR:L/UI:N/S:U/C:N/I:N/A:H;CWE-476;5415;NVIDIA RTX, Quadro, NVS;All driver versions prior to 514.08;526.98, 474.14, 474.11, 527.27, 517.88, 514.08, 527.41, 454.02, 514.08(vGPU 14.4), 474.14(vGPU 13.6), 454.02(vGPU 11.11), 527.27(November 2022 release)
CVE-2022-34683;5.5;MEDIUM;CVSS:3.1/AV:L/AC:L/PR:L/UI:N/S:U/C:N/I:N/A:H;CWE-476;5415;NVIDIA RTX, Quadro, NVS;All driver versions prior to 517.88;526.98, 474.14, 474.11, 527.27, 517.88, 514.08, 527.41, 454.02, 514.08(vGPU 14.4), 474.14(vGPU 13.6), 454.02(vGPU 11.11), 527.27(November 2022 release)
CVE-2022-34683;5.5;MEDIUM;CVSS:3.1/AV:L/AC:L/PR:L/UI:N/S:U/C:N/I:N/A:H;CWE-476;5415;NVIDIA RTX, Quadro, NVS;All driver versions prior to 527.27;526.98, 474.14, 474.11, 527.27, 517.88, 514.08, 527.41, 454.02, 514.08(vGPU 14.4), 474.14(vGPU 13.6), 454.02(vGPU 11.11), 527.27(November 2022 release)
CVE-2022-34683;5.5;MEDIUM;CVSS:3.1/AV:L/AC:L/PR:L/UI:N/S:U/C:N/I:N/A:H;CWE-476;5415;Studio;All driver versions prior to 526.98;526.98, 474.14, 474.11, 527.27, 517.88, 514.08, 527.41, 454.02, 514.08(vGPU 14.4), 474.14(vGPU 13.6), 454.02(vGPU 11.11), 527.27(November 2022 release)
CVE-2022-34683;5.5;MEDIUM;CVSS:3.1/AV:L/AC:L/PR:L/UI:N/S:U/C:N/I:N/A:H;CWE-476;5415;Tesla;All driver versions prior to 454.02;526.98, 474.14, 474.11, 527.27, 517.88, 514.08, 527.41, 454.02, 514.08(vGPU 14.4), 474.14(vGPU 13.6), 454.02(vGPU 11.11), 527.27(November 2022 release)
CVE-2022-34683;5.5;MEDIUM;CVSS:3.1/AV:L/AC:L/PR:L/UI:N/S:U/C:N/I:N/A:H;CWE-476;5415;Tesla;All driver versions prior to 474.14;526.98, 474.14, 474.11, 527.27, 517.88, 514.08, 527.41, 454.02, 514.08(vGPU 14.4), 474.14(vGPU 13.6), 454.02(vGPU 11.11), 527.27(November 2022 release)
CVE-2022-34683;5.5;MEDIUM;CVSS:3.1/AV:L/AC:L/PR:L/UI:N/S:U/C:N/I:N/A:H;CWE-476;5415;Tesla;All driver versions prior to 514.08;526.98, 474.14, 474.11, 527.27, 517.88, 514.08, 527.41, 454.02, 514.08(vGPU 14.4), 474.14(vGPU 13.6), 454.02(vGPU 11.11), 527.27(November 2022 release)
CVE-2022-34683;5.5;MEDIUM;CVSS:3.1/AV:L/AC:L/PR:L/UI:N/S:U/C:N/I:N/A:H;CWE-476;5415;Tesla;All driver versions prior to 517.88;526.98, 474.14, 474.11, 527.27, 517.88, 514.08, 527.41, 454.02, 514.08(vGPU 14.4), 474.14(vGPU 13.6), 454.02(vGPU 11.11), 527.27(November 2022 release)
CVE-2022-34683;5.5;MEDIUM;CVSS:3.1/AV:L/AC:L/PR:L/UI:N/S:U/C:N/I:N/A:H;CWE-476;5415;Tesla;All driver versions prior to 527.41;526.98, 474.14, 474.11, 527.27, 517.88, 514.08, 527.41, 454.02, 514.08(vGPU 14.4), 474.14(vGPU 13.6), 454.02(vGPU 11.11), 527.27(November 2022 release)
CVE-2022-34683;5.5;MEDIUM;CVSS:3.1/AV:L/AC:L/PR:L/UI:N/S:U/C:N/I:N/A:H;CWE-476;5415;vGPU software (guest driver);453.94(All versions prior to and including vGPU 11.10);526.98, 474.14, 474.11, 527.27, 517.88, 514.08, 527.41, 454.02, 514.08(vGPU 14.4), 474.14(vGPU 13.6), 454.02(vGPU 11.11), 527.27(November 2022 release)
CVE-2022-34683;5.5;MEDIUM;CVSS:3.1/AV:L/AC:L/PR:L/UI:N/S:U/C:N/I:N/A:H;CWE-476;5415;vGPU software (guest driver);474.04(All versions prior to and including vGPU 13.5);526.98, 474.14, 474.11, 527.27, 517.88, 514.08, 527.41, 454.02, 514.08(vGPU 14.4), 474.14(vGPU 13.6), 454.02(vGPU 11.11), 527.27(November 2022 release)
CVE-2022-34683;5.5;MEDIUM;CVSS:3.1/AV:L/AC:L/PR:L/UI:N/S:U/C:N/I:N/A:H;CWE-476;5415;vGPU software (guest driver);513.91(All versions prior to and including vGPU 14.3);526.98, 474.14, 474.11, 527.27, 517.88, 514.08, 527.41, 454.02, 514.08(vGPU 14.4), 474.14(vGPU 13.6), 454.02(vGPU 11.11), 527.27(November 2022 release)
CVE-2022-34684;5.3;MEDIUM;CVSS:3.1/AV:L/AC:L/PR:L/UI:N/S:U/C:L/I:L/A:L;CWE-125;5415;GeForce;All driver versions prior to 510.108.03;515.86.01, 510.108.03, 510.108.03(vGPU 14.4), 525.60.11(November 2022 release), 525.60.12(November 2022 release)
CVE-2022-34684;5.3;MEDIUM;CVSS:3.1/AV:L/AC:L/PR:L/UI:N/S:U/C:L/I:L/A:L;CWE-125;5415;GeForce;All driver versions prior to 515.86.01;515.86.01, 510.108.03, 510.108.03(vGPU 14.4), 525.60.11(November 2022 release), 525.60.12(November 2022 release)
CVE-2022-34684;5.3;MEDIUM;CVSS:3.1/AV:L/AC:L/PR:L/UI:N/S:U/C:L/I:L/A:L;CWE-125;5415;NVIDIA Cloud Gaming (guest driver);All versions prior to 520.56.06(All versions prior to the November 2022 release);515.86.01, 510.108.03, 510.108.03(vGPU 14.4), 525.60.11(November 2022 release), 525.60.12(November 2022 release)
CVE-2022-34684;5.3;MEDIUM;CVSS:3.1/AV:L/AC:L/PR:L/UI:N/S:U/C:L/I:L/A:L;CWE-125;5415;NVIDIA Cloud Gaming (Virtual GPU Manager);All versions prior to 520.56.06(All versions prior to the November 2022 release);515.86.01, 510.108.03, 510.108.03(vGPU 14.4), 525.60.11(November 2022 release), 525.60.12(November 2022 release)
CVE-2022-34684;5.3;MEDIUM;CVSS:3.1/AV:L/AC:L/PR:L/UI:N/S:U/C:L/I:L/A:L;CWE-125;5415;NVIDIA RTX, Quadro, NVS;All driver versions prior to 510.108.03;515.86.01, 510.108.03, 510.108.03(vGPU 14.4), 525.60.11(November 2022 release), 525.60.12(November 2022 release)
CVE-2022-34684;5.3;MEDIUM;CVSS:3.1/AV:L/AC:L/PR:L/UI:N/S:U/C:L/I:L/A:L;CWE-125;5415;NVIDIA RTX, Quadro, NVS;All driver versions prior to 515.86.01;515.86.01, 510.108.03, 510.108.03(vGPU 14.4), 525.60.11(November 2022 release), 525.60.12(November 2022 release)
CVE-2022-34684;5.3;MEDIUM;CVSS:3.1/AV:L/AC:L/PR:L/UI:N/S:U/C:L/I:L/A:L;CWE-125;5415;Tesla;All driver versions prior to 510.108.03;515.86.01, 510.108.03, 510.108.03(vGPU 14.4), 525.60.11(November 2022 release), 525.60.12(November 2022 release)
CVE-2022-34684;5.3;MEDIUM;CVSS:3.1/AV:L/AC:L/PR:L/UI:N/S:U/C:L/I:L/A:L;CWE-125;5415;Tesla;All driver versions prior to 515.86.01;515.86.01, 510.108.03, 510.108.03(vGPU 14.4), 525.60.11(November 2022 release), 525.60.12(November 2022 release)
CVE-2022-34684;5.3;MEDIUM;CVSS:3.1/AV:L/AC:L/PR:L/UI:N/S:U/C:L/I:L/A:L;CWE-125;5415;vGPU software (guest driver);510.85.02(All versions prior to and including vGPU 14.3);515.86.01, 510.108.03, 510.108.03(vGPU 14.4), 525.60.11(November 2022 release), 525.60.12(November 2022 release)
CVE-2022-34684;5.3;MEDIUM;CVSS:3.1/AV:L/AC:L/PR:L/UI:N/S:U/C:L/I:L/A:L;CWE-125;5415;vGPU software (Virtual GPU Manager);510.85.03(All versions prior to and including vGPU 14.3);515.86.01, 510.108.03, 510.108.03(vGPU 14.4), 525.60.11(November 2022 release), 525.60.12(November 2022 release)
CVE-2022-42254;5.3;MEDIUM;CVSS:3.1/AV:L/AC:L/PR:L/UI:N/S:U/C:L/I:L/A:L;CWE-125;5415;GeForce;All driver versions prior to 470.161.03;515.86.01, 510.108.03, 470.161.03, 450.216.04, 510.108.03(vGPU 14.4), 470.161.03(vGPU 13.6), 470.161.02(vGPU 13.6), 450.216.04(vGPU 11.11), 525.60.11(November 2022 release), 525.60.12(November 2022 release)
CVE-2022-42254;5.3;MEDIUM;CVSS:3.1/AV:L/AC:L/PR:L/UI:N/S:U/C:L/I:L/A:L;CWE-125;5415;GeForce;All driver versions prior to 510.108.03;515.86.01, 510.108.03, 470.161.03, 450.216.04, 510.108.03(vGPU 14.4), 470.161.03(vGPU 13.6), 470.161.02(vGPU 13.6), 450.216.04(vGPU 11.11), 525.60.11(November 2022 release), 525.60.12(November 2022 release)
CVE-2022-42254;5.3;MEDIUM;CVSS:3.1/AV:L/AC:L/PR:L/UI:N/S:U/C:L/I:L/A:L;CWE-125;5415;GeForce;All driver versions prior to 515.86.01;515.86.01, 510.108.03, 470.161.03, 450.216.04, 510.108.03(vGPU 14.4), 470.161.03(vGPU 13.6), 470.161.02(vGPU 13.6), 450.216.04(vGPU 11.11), 525.60.11(November 2022 release), 525.60.12(November 2022 release)
CVE-2022-42254;5.3;MEDIUM;CVSS:3.1/AV:L/AC:L/PR:L/UI:N/S:U/C:L/I:L/A:L;CWE-125;5415;NVIDIA Cloud Gaming (guest driver);All versions prior to 520.56.06(All versions prior to the November 2022 release);515.86.01, 510.108.03, 470.161.03, 450.216.04, 510.108.03(vGPU 14.4), 470.161.03(vGPU 13.6), 470.161.02(vGPU 13.6), 450.216.04(vGPU 11.11), 525.60.11(November 2022 release), 525.60.12(November 2022 release)
CVE-2022-42254;5.3;MEDIUM;CVSS:3.1/AV:L/AC:L/PR:L/UI:N/S:U/C:L/I:L/A:L;CWE-125;5415;NVIDIA Cloud Gaming (Virtual GPU Manager);All versions prior to 520.56.06(All versions prior to the November 2022 release);515.86.01, 510.108.03, 470.161.03, 450.216.04, 510.108.03(vGPU 14.4), 470.161.03(vGPU 13.6), 470.161.02(vGPU 13.6), 450.216.04(vGPU 11.11), 525.60.11(November 2022 release), 525.60.12(November 2022 release)
CVE-2022-42254;5.3;MEDIUM;CVSS:3.1/AV:L/AC:L/PR:L/UI:N/S:U/C:L/I:L/A:L;CWE-125;5415;NVIDIA RTX, Quadro, NVS;All driver versions prior to 470.161.03;515.86.01, 510.108.03, 470.161.03, 450.216.04, 510.108.03(vGPU 14.4), 470.161.03(vGPU 13.6), 470.161.02(vGPU 13.6), 450.216.04(vGPU 11.11), 525.60.11(November 2022 release), 525.60.12(November 2022 release)
CVE-2022-42254;5.3;MEDIUM;CVSS:3.1/AV:L/AC:L/PR:L/UI:N/S:U/C:L/I:L/A:L;CWE-125;5415;NVIDIA RTX, Quadro, NVS;All driver versions prior to 510.108.03;515.86.01, 510.108.03, 470.161.03, 450.216.04, 510.108.03(vGPU 14.4), 470.161.03(vGPU 13.6), 470.161.02(vGPU 13.6), 450.216.04(vGPU 11.11), 525.60.11(November 2022 release), 525.60.12(November 2022 release)
CVE-2022-42254;5.3;MEDIUM;CVSS:3.1/AV:L/AC:L/PR:L/UI:N/S:U/C:L/I:L/A:L;CWE-125;5415;NVIDIA RTX, Quadro, NVS;All driver versions prior to 515.86.01;515.86.01, 510.108.03, 470.161.03, 450.216.04, 510.108.03(vGPU 14.4), 470.161.03(vGPU 13.6), 470.161.02(vGPU 13.6), 450.216.04(vGPU 11.11), 525.60.11(November 2022 release), 525.60.12(November 2022 release)
CVE-2022-42254;5.3;MEDIUM;CVSS:3.1/AV:L/AC:L/PR:L/UI:N/S:U/C:L/I:L/A:L;CWE-125;5415;Tesla;All driver versions prior to 450.216.04;515.86.01, 510.108.03, 470.161.03, 450.216.04, 510.108.03(vGPU 14.4), 470.161.03(vGPU 13.6), 470.161.02(vGPU 13.6), 450.216.04(vGPU 11.11), 525.60.11(November 2022 release), 525.60.12(November 2022 release)
CVE-2022-42254;5.3;MEDIUM;CVSS:3.1/AV:L/AC:L/PR:L/UI:N/S:U/C:L/I:L/A:L;CWE-125;5415;Tesla;All driver versions prior to 470.161.03;515.86.01, 510.108.03, 470.161.03, 450.216.04, 510.108.03(vGPU 14.4), 470.161.03(vGPU 13.6), 470.161.02(vGPU 13.6), 450.216.04(vGPU 11.11), 525.60.11(November 2022 release), 525.60.12(November 2022 release)
CVE-2022-42254;5.3;MEDIUM;CVSS:3.1/AV:L/AC:L/PR:L/UI:N/S:U/C:L/I:L/A:L;CWE-125;5415;Tesla;All driver versions prior to 510.108.03;515.86.01, 510.108.03, 470.161.03, 450.216.04, 510.108.03(vGPU 14.4), 470.161.03(vGPU 13.6), 470.161.02(vGPU 13.6), 450.216.04(vGPU 11.11), 525.60.11(November 2022 release), 525.60.12(November 2022 release)
CVE-2022-42254;5.3;MEDIUM;CVSS:3.1/AV:L/AC:L/PR:L/UI:N/S:U/C:L/I:L/A:L;CWE-125;5415;Tesla;All driver versions prior to 515.86.01;515.86.01, 510.108.03, 470.161.03, 450.216.04, 510.108.03(vGPU 14.4), 470.161.03(vGPU 13.6), 470.161.02(vGPU 13.6), 450.216.04(vGPU 11.11), 525.60.11(November 2022 release), 525.60.12(November 2022 release)
CVE-2022-42254;5.3;MEDIUM;CVSS:3.1/AV:L/AC:L/PR:L/UI:N/S:U/C:L/I:L/A:L;CWE-125;5415;vGPU software (guest driver);450.203.02(All versions prior to and including vGPU 11.10);515.86.01, 510.108.03, 470.161.03, 450.216.04, 510.108.03(vGPU 14.4), 470.161.03(vGPU 13.6), 470.161.02(vGPU 13.6), 450.216.04(vGPU 11.11), 525.60.11(November 2022 release), 525.60.12(November 2022 release)
CVE-2022-42254;5.3;MEDIUM;CVSS:3.1/AV:L/AC:L/PR:L/UI:N/S:U/C:L/I:L/A:L;CWE-125;5415;vGPU software (guest driver);470.141.03(All versions prior to and including vGPU 13.6);515.86.01, 510.108.03, 470.161.03, 450.216.04, 510.108.03(vGPU 14.4), 470.161.03(vGPU 13.6), 470.161.02(vGPU 13.6), 450.216.04(vGPU 11.11), 525.60.11(November 2022 release), 525.60.12(November 2022 release)
CVE-2022-42254;5.3;MEDIUM;CVSS:3.1/AV:L/AC:L/PR:L/UI:N/S:U/C:L/I:L/A:L;CWE-125;5415;vGPU software (guest driver);510.85.02(All versions prior to and including vGPU 14.3);515.86.01, 510.108.03, 470.161.03, 450.216.04, 510.108.03(vGPU 14.4), 470.161.03(vGPU 13.6), 470.161.02(vGPU 13.6), 450.216.04(vGPU 11.11), 525.60.11(November 2022 release), 525.60.12(November 2022 release)
CVE-2022-42254;5.3;MEDIUM;CVSS:3.1/AV:L/AC:L/PR:L/UI:N/S:U/C:L/I:L/A:L;CWE-125;5415;vGPU software (Virtual GPU Manager);450.203(All versions prior to and including vGPU 11.10);515.86.01, 510.108.03, 470.161.03, 450.216.04, 510.108.03(vGPU 14.4), 470.161.03(vGPU 13.6), 470.161.02(vGPU 13.6), 450.216.04(vGPU 11.11), 525.60.11(November 2022 release), 525.60.12(November 2022 release)
CVE-2022-42254;5.3;MEDIUM;CVSS:3.1/AV:L/AC:L/PR:L/UI:N/S:U/C:L/I:L/A:L;CWE-125;5415;vGPU software (Virtual GPU Manager);470.141.05(All versions prior to and including vGPU 13.6);515.86.01, 510.108.03, 470.161.03, 450.216.04, 510.108.03(vGPU 14.4), 470.161.03(vGPU 13.6), 470.161.02(vGPU 13.6), 450.216.04(vGPU 11.11), 525.60.11(November 2022 release), 525.60.12(November 2022 release)
CVE-2022-42254;5.3;MEDIUM;CVSS:3.1/AV:L/AC:L/PR:L/UI:N/S:U/C:L/I:L/A:L;CWE-125;5415;vGPU software (Virtual GPU Manager);510.85.03(All versions prior to and including vGPU 14.3);515.86.01, 510.108.03, 470.161.03, 450.216.04, 510.108.03(vGPU 14.4), 470.161.03(vGPU 13.6), 470.161.02(vGPU 13.6), 450.216.04(vGPU 11.11), 525.60.11(November 2022 release), 525.60.12(November 2022 release)
CVE-2022-42255;5.3;MEDIUM;CVSS:3.1/AV:L/AC:L/PR:L/UI:N/S:U/C:L/I:L/A:L;CWE-787;5415;GeForce;All driver versions prior to 470.161.03;515.86.01, 510.108.03, 470.161.03, 510.108.03(vGPU 14.4), 470.161.03(vGPU 13.6), 470.161.02(vGPU 13.6), 525.60.11(November 2022 release), 525.60.12(November 2022 release)
CVE-2022-42255;5.3;MEDIUM;CVSS:3.1/AV:L/AC:L/PR:L/UI:N/S:U/C:L/I:L/A:L;CWE-787;5415;GeForce;All driver versions prior to 510.108.03;515.86.01, 510.108.03, 470.161.03, 510.108.03(vGPU 14.4), 470.161.03(vGPU 13.6), 470.161.02(vGPU 13.6), 525.60.11(November 2022 release), 525.60.12(November 2022 release)
CVE-2022-42255;5.3;MEDIUM;CVSS:3.1/AV:L/AC:L/PR:L/UI:N/S:U/C:L/I:L/A:L;CWE-787;5415;GeForce;All driver versions prior to 515.86.01;515.86.01, 510.108.03, 470.161.03, 510.108.03(vGPU 14.4), 470.161.03(vGPU 13.6), 470.161.02(vGPU 13.6), 525.60.11(November 2022 release), 525.60.12(November 2022 release)
CVE-2022-42255;5.3;MEDIUM;CVSS:3.1/AV:L/AC:L/PR:L/UI:N/S:U/C:L/I:L/A:L;CWE-787;5415;NVIDIA Cloud Gaming (guest driver);All versions prior to 520.56.06(All versions prior to the November 2022 release);515.86.01, 510.108.03, 470.161.03, 510.108.03(vGPU 14.4), 470.161.03(vGPU 13.6), 470.161.02(vGPU 13.6), 525.60.11(November 2022 release), 525.60.12(November 2022 release)
CVE-2022-42255;5.3;MEDIUM;CVSS:3.1/AV:L/AC:L/PR:L/UI:N/S:U/C:L/I:L/A:L;CWE-787;5415;NVIDIA Cloud Gaming (Virtual GPU Manager);All versions prior to 520.56.06(All versions prior to the November 2022 release);515.86.01, 510.108.03, 470.161.03, 510.108.03(vGPU 14.4), 470.161.03(vGPU 13.6), 470.161.02(vGPU 13.6), 525.60.11(November 2022 release), 525.60.12(November 2022 release)
CVE-2022-42255;5.3;MEDIUM;CVSS:3.1/AV:L/AC:L/PR:L/UI:N/S:U/C:L/I:L/A:L;CWE-787;5415;NVIDIA RTX, Quadro, NVS;All driver versions prior to 470.161.03;515.86.01, 510.108.03, 470.161.03, 510.108.03(vGPU 14.4), 470.161.03(vGPU 13.6), 470.161.02(vGPU 13.6), 525.60.11(November 2022 release), 525.60.12(November 2022 release)
CVE-2022-42255;5.3;MEDIUM;CVSS:3.1/AV:L/AC:L/PR:L/UI:N/S:U/C:L/I:L/A:L;CWE-787;5415;NVIDIA RTX, Quadro, NVS;All driver versions prior to 510.108.03;515.86.01, 510.108.03, 470.161.03, 510.108.03(vGPU 14.4), 470.161.03(vGPU 13.6), 470.161.02(vGPU 13.6), 525.60.11(November 2022 release), 525.60.12(November 2022 release)
CVE-2022-42255;5.3;MEDIUM;CVSS:3.1/AV:L/AC:L/PR:L/UI:N/S:U/C:L/I:L/A:L;CWE-787;5415;NVIDIA RTX, Quadro, NVS;All driver versions prior to 515.86.01;515.86.01, 510.108.03, 470.161.03, 510.108.03(vGPU 14.4), 470.161.03(vGPU 13.6), 470.161.02(vGPU 13.6), 525.60.11(November 2022 release), 525.60.12(November 2022 release)
CVE-2022-42255;5.3;MEDIUM;CVSS:3.1/AV:L/AC:L/PR:L/UI:N/S:U/C:L/I:L/A:L;CWE-787;5415;Tesla;All driver versions prior to 470.161.03;515.86.01, 510.108.03, 470.161.03, 510.108.03(vGPU 14.4), 470.161.03(vGPU 13.6), 470.161.02(vGPU 13.6), 525.60.11(November 2022 release), 525.60.12(November 2022 release)
CVE-2022-42255;5.3;MEDIUM;CVSS:3.1/AV:L/AC:L/PR:L/UI:N/S:U/C:L/I:L/A:L;CWE-787;5415;Tesla;All driver versions prior to 510.108.03;515.86.01, 510.108.03, 470.161.03, 510.108.03(vGPU 14.4), 470.161.03(vGPU 13.6), 470.161.02(vGPU 13.6), 525.60.11(November 2022 release), 525.60.12(November 2022 release)
CVE-2022-42255;5.3;MEDIUM;CVSS:3.1/AV:L/AC:L/PR:L/UI:N/S:U/C:L/I:L/A:L;CWE-787;5415;Tesla;All driver versions prior to 515.86.01;515.86.01, 510.108.03, 470.161.03, 510.108.03(vGPU 14.4), 470.161.03(vGPU 13.6), 470.161.02(vGPU 13.6), 525.60.11(November 2022 release), 525.60.12(November 2022 release)
CVE-2022-42255;5.3;MEDIUM;CVSS:3.1/AV:L/AC:L/PR:L/UI:N/S:U/C:L/I:L/A:L;CWE-787;5415;vGPU software (guest driver);470.141.03(All versions prior to and including vGPU 13.6);515.86.01, 510.108.03, 470.161.03, 510.108.03(vGPU 14.4), 470.161.03(vGPU 13.6), 470.161.02(vGPU 13.6), 525.60.11(November 2022 release), 525.60.12(November 2022 release)
CVE-2022-42255;5.3;MEDIUM;CVSS:3.1/AV:L/AC:L/PR:L/UI:N/S:U/C:L/I:L/A:L;CWE-787;5415;vGPU software (guest driver);510.85.02(All versions prior to and including vGPU 14.3);515.86.01, 510.108.03, 470.161.03, 510.108.03(vGPU 14.4), 470.161.03(vGPU 13.6), 470.161.02(vGPU 13.6), 525.60.11(November 2022 release), 525.60.12(November 2022 release)
CVE-2022-42255;5.3;MEDIUM;CVSS:3.1/AV:L/AC:L/PR:L/UI:N/S:U/C:L/I:L/A:L;CWE-787;5415;vGPU software (Virtual GPU Manager);470.141.05(All versions prior to and including vGPU 13.6);515.86.01, 510.108.03, 470.161.03, 510.108.03(vGPU 14.4), 470.161.03(vGPU 13.6), 470.161.02(vGPU 13.6), 525.60.11(November 2022 release), 525.60.12(November 2022 release)
CVE-2022-42255;5.3;MEDIUM;CVSS:3.1/AV:L/AC:L/PR:L/UI:N/S:U/C:L/I:L/A:L;CWE-787;5415;vGPU software (Virtual GPU Manager);510.85.03(All versions prior to and including vGPU 14.3);515.86.01, 510.108.03, 470.161.03, 510.108.03(vGPU 14.4), 470.161.03(vGPU 13.6), 470.161.02(vGPU 13.6), 525.60.11(November 2022 release), 525.60.12(November 2022 release)
CVE-2022-42256;5.3;MEDIUM;CVSS:3.1/AV:L/AC:L/PR:L/UI:N/S:U/C:L/I:L/A:L;CWE-190;5415;GeForce;All driver versions prior to 470.161.03;515.86.01, 510.108.03, 470.161.03, 450.216.04, 510.108.03(vGPU 14.4), 470.161.03(vGPU 13.6), 470.161.02(vGPU 13.6), 450.216.04(vGPU 11.11), 525.60.11(November 2022 release), 525.60.12(November 2022 release)
CVE-2022-42256;5.3;MEDIUM;CVSS:3.1/AV:L/AC:L/PR:L/UI:N/S:U/C:L/I:L/A:L;CWE-190;5415;GeForce;All driver versions prior to 510.108.03;515.86.01, 510.108.03, 470.161.03, 450.216.04, 510.108.03(vGPU 14.4), 470.161.03(vGPU 13.6), 470.161.02(vGPU 13.6), 450.216.04(vGPU 11.11), 525.60.11(November 2022 release), 525.60.12(November 2022 release)
CVE-2022-42256;5.3;MEDIUM;CVSS:3.1/AV:L/AC:L/PR:L/UI:N/S:U/C:L/I:L/A:L;CWE-190;5415;GeForce;All driver versions prior to 515.86.01;515.86.01, 510.108.03, 470.161.03, 450.216.04, 510.108.03(vGPU 14.4), 470.161.03(vGPU 13.6), 470.161.02(vGPU 13.6), 450.216.04(vGPU 11.11), 525.60.11(November 2022 release), 525.60.12(November 2022 release)
CVE-2022-42256;5.3;MEDIUM;CVSS:3.1/AV:L/AC:L/PR:L/UI:N/S:U/C:L/I:L/A:L;CWE-190;5415;NVIDIA Cloud Gaming (guest driver);All versions prior to 520.56.06(All versions prior to the November 2022 release);515.86.01, 510.108.03, 470.161.03, 450.216.04, 510.108.03(vGPU 14.4), 470.161.03(vGPU 13.6), 470.161.02(vGPU 13.6), 450.216.04(vGPU 11.11), 525.60.11(November 2022 release), 525.60.12(November 2022 release)
CVE-2022-42256;5.3;MEDIUM;CVSS:3.1/AV:L/AC:L/PR:L/UI:N/S:U/C:L/I:L/A:L;CWE-190;5415;NVIDIA Cloud Gaming (Virtual GPU Manager);All versions prior to 520.56.06(All versions prior to the November 2022 release);515.86.01, 510.108.03, 470.161.03, 450.216.04, 510.108.03(vGPU 14.4), 470.161.03(vGPU 13.6), 470.161.02(vGPU 13.6), 450.216.04(vGPU 11.11), 525.60.11(November 2022 release), 525.60.12(November 2022 release)
CVE-2022-42256;5.3;MEDIUM;CVSS:3.1/AV:L/AC:L/PR:L/UI:N/S:U/C:L/I:L/A:L;CWE-190;5415;NVIDIA RTX, Quadro, NVS;All driver versions prior to 470.161.03;515.86.01, 510.108.03, 470.161.03, 450.216.04, 510.108.03(vGPU 14.4), 470.161.03(vGPU 13.6), 470.161.02(vGPU 13.6), 450.216.04(vGPU 11.11), 525.60.11(November 2022 release), 525.60.12(November 2022 release)
CVE-2022-42256;5.3;MEDIUM;CVSS:3.1/AV:L/AC:L/PR:L/UI:N/S:U/C:L/I:L/A:L;CWE-190;5415;NVIDIA RTX, Quadro, NVS;All driver versions prior to 510.108.03;515.86.01, 510.108.03, 470.161.03, 450.216.04, 510.108.03(vGPU 14.4), 470.161.03(vGPU 13.6), 470.161.02(vGPU 13.6), 450.216.04(vGPU 11.11), 525.60.11(November 2022 release), 525.60.12(November 2022 release)
CVE-2022-42256;5.3;MEDIUM;CVSS:3.1/AV:L/AC:L/PR:L/UI:N/S:U/C:L/I:L/A:L;CWE-190;5415;NVIDIA RTX, Quadro, NVS;All driver versions prior to 515.86.01;515.86.01, 510.108.03, 470.161.03, 450.216.04, 510.108.03(vGPU 14.4), 470.161.03(vGPU 13.6), 470.161.02(vGPU 13.6), 450.216.04(vGPU 11.11), 525.60.11(November 2022 release), 525.60.12(November 2022 release)
CVE-2022-42256;5.3;MEDIUM;CVSS:3.1/AV:L/AC:L/PR:L/UI:N/S:U/C:L/I:L/A:L;CWE-190;5415;Tesla;All driver versions prior to 450.216.04;515.86.01, 510.108.03, 470.161.03, 450.216.04, 510.108.03(vGPU 14.4), 470.161.03(vGPU 13.6), 470.161.02(vGPU 13.6), 450.216.04(vGPU 11.11), 525.60.11(November 2022 release), 525.60.12(November 2022 release)
CVE-2022-42256;5.3;MEDIUM;CVSS:3.1/AV:L/AC:L/PR:L/UI:N/S:U/C:L/I:L/A:L;CWE-190;5415;Tesla;All driver versions prior to 470.161.03;515.86.01, 510.108.03, 470.161.03, 450.216.04, 510.108.03(vGPU 14.4), 470.161.03(vGPU 13.6), 470.161.02(vGPU 13.6), 450.216.04(vGPU 11.11), 525.60.11(November 2022 release), 525.60.12(November 2022 release)
CVE-2022-42256;5.3;MEDIUM;CVSS:3.1/AV:L/AC:L/PR:L/UI:N/S:U/C:L/I:L/A:L;CWE-190;5415;Tesla;All driver versions prior to 510.108.03;515.86.01, 510.108.03, 470.161.03, 450.216.04, 510.108.03(vGPU 14.4), 470.161.03(vGPU 13.6), 470.161.02(vGPU 13.6), 450.216.04(vGPU 11.11), 525.60.11(November 2022 release), 525.60.12(November 2022 release)
CVE-2022-42256;5.3;MEDIUM;CVSS:3.1/AV:L/AC:L/PR:L/UI:N/S:U/C:L/I:L/A:L;CWE-190;5415;Tesla;All driver versions prior to 515.86.01;515.86.01, 510.108.03, 470.161.03, 450.216.04, 510.108.03(vGPU 14.4), 470.161.03(vGPU 13.6), 470.161.02(vGPU 13.6), 450.216.04(vGPU 11.11), 525.60.11(November 2022 release), 525.60.12(November 2022 release)
CVE-2022-42256;5.3;MEDIUM;CVSS:3.1/AV:L/AC:L/PR:L/UI:N/S:U/C:L/I:L/A:L;CWE-190;5415;vGPU software (guest driver);450.203.02(All versions prior to and including vGPU 11.10);515.86.01, 510.108.03, 470.161.03, 450.216.04, 510.108.03(vGPU 14.4), 470.161.03(vGPU 13.6), 470.161.02(vGPU 13.6), 450.216.04(vGPU 11.11), 525.60.11(November 2022 release), 525.60.12(November 2022 release)
CVE-2022-42256;5.3;MEDIUM;CVSS:3.1/AV:L/AC:L/PR:L/UI:N/S:U/C:L/I:L/A:L;CWE-190;5415;vGPU software (guest driver);470.141.03(All versions prior to and including vGPU 13.6);515.86.01, 510.108.03, 470.161.03, 450.216.04, 510.108.03(vGPU 14.4), 470.161.03(vGPU 13.6), 470.161.02(vGPU 13.6), 450.216.04(vGPU 11.11), 525.60.11(November 2022 release), 525.60.12(November 2022 release)
CVE-2022-42256;5.3;MEDIUM;CVSS:3.1/AV:L/AC:L/PR:L/UI:N/S:U/C:L/I:L/A:L;CWE-190;5415;vGPU software (guest driver);510.85.02(All versions prior to and including vGPU 14.3);515.86.01, 510.108.03, 470.161.03, 450.216.04, 510.108.03(vGPU 14.4), 470.161.03(vGPU 13.6), 470.161.02(vGPU 13.6), 450.216.04(vGPU 11.11), 525.60.11(November 2022 release), 525.60.12(November 2022 release)
CVE-2022-42256;5.3;MEDIUM;CVSS:3.1/AV:L/AC:L/PR:L/UI:N/S:U/C:L/I:L/A:L;CWE-190;5415;vGPU software (Virtual GPU Manager);450.203(All versions prior to and including vGPU 11.10);515.86.01, 510.108.03, 470.161.03, 450.216.04, 510.108.03(vGPU 14.4), 470.161.03(vGPU 13.6), 470.161.02(vGPU 13.6), 450.216.04(vGPU 11.11), 525.60.11(November 2022 release), 525.60.12(November 2022 release)
CVE-2022-42256;5.3;MEDIUM;CVSS:3.1/AV:L/AC:L/PR:L/UI:N/S:U/C:L/I:L/A:L;CWE-190;5415;vGPU software (Virtual GPU Manager);470.141.05(All versions prior to and including vGPU 13.6);515.86.01, 510.108.03, 470.161.03, 450.216.04, 510.108.03(vGPU 14.4), 470.161.03(vGPU 13.6), 470.161.02(vGPU 13.6), 450.216.04(vGPU 11.11), 525.60.11(November 2022 release), 525.60.12(November 2022 release)
CVE-2022-42256;5.3;MEDIUM;CVSS:3.1/AV:L/AC:L/PR:L/UI:N/S:U/C:L/I:L/A:L;CWE-190;5415;vGPU software (Virtual GPU Manager);510.85.03(All versions prior to and including vGPU 14.3);515.86.01, 510.108.03, 470.161.03, 450.216.04, 510.108.03(vGPU 14.4), 470.161.03(vGPU 13.6), 470.161.02(vGPU 13.6), 450.216.04(vGPU 11.11), 525.60.11(November 2022 release), 525.60.12(November 2022 release)
CVE-2022-42257;5.3;MEDIUM;CVSS:3.1/AV:L/AC:L/PR:L/UI:N/S:U/C:L/I:L/A:L;CWE-190;5415;GeForce;All driver versions prior to 390.157;515.86.01, 510.108.03, 470.161.03, 450.216.04, 390.157, 510.108.03(vGPU 14.4), 470.161.03(vGPU 13.6), 470.161.02(vGPU 13.6), 450.216.04(vGPU 11.11), 525.60.11(November 2022 release), 525.60.12(November 2022 release)
CVE-2022-42257;5.3;MEDIUM;CVSS:3.1/AV:L/AC:L/PR:L/UI:N/S:U/C:L/I:L/A:L;CWE-190;5415;GeForce;All driver versions prior to 470.161.03;515.86.01, 510.108.03, 470.161.03, 450.216.04, 390.157, 510.108.03(vGPU 14.4), 470.161.03(vGPU 13.6), 470.161.02(vGPU 13.6), 450.216.04(vGPU 11.11), 525.60.11(November 2022 release), 525.60.12(November 2022 release)
CVE-2022-42257;5.3;MEDIUM;CVSS:3.1/AV:L/AC:L/PR:L/UI:N/S:U/C:L/I:L/A:L;CWE-190;5415;GeForce;All driver versions prior to 510.108.03;515.86.01, 510.108.03, 470.161.03, 450.216.04, 390.157, 510.108.03(vGPU 14.4), 470.161.03(vGPU 13.6), 470.161.02(vGPU 13.6), 450.216.04(vGPU 11.11), 525.60.11(November 2022 release), 525.60.12(November 2022 release)
CVE-2022-42257;5.3;MEDIUM;CVSS:3.1/AV:L/AC:L/PR:L/UI:N/S:U/C:L/I:L/A:L;CWE-190;5415;GeForce;All driver versions prior to 515.86.01;515.86.01, 510.108.03, 470.161.03, 450.216.04, 390.157, 510.108.03(vGPU 14.4), 470.161.03(vGPU 13.6), 470.161.02(vGPU 13.6), 450.216.04(vGPU 11.11), 525.60.11(November 2022 release), 525.60.12(November 2022 release)
CVE-2022-42257;5.3;MEDIUM;CVSS:3.1/AV:L/AC:L/PR:L/UI:N/S:U/C:L/I:L/A:L;CWE-190;5415;NVIDIA Cloud Gaming (guest driver);All versions prior to 520.56.06(All versions prior to the November 2022 release);515.86.01, 510.108.03, 470.161.03, 450.216.04, 390.157, 510.108.03(vGPU 14.4), 470.161.03(vGPU 13.6), 470.161.02(vGPU 13.6), 450.216.04(vGPU 11.11), 525.60.11(November 2022 release), 525.60.12(November 2022 release)
CVE-2022-42257;5.3;MEDIUM;CVSS:3.1/AV:L/AC:L/PR:L/UI:N/S:U/C:L/I:L/A:L;CWE-190;5415;NVIDIA Cloud Gaming (Virtual GPU Manager);All versions prior to 520.56.06(All versions prior to the November 2022 release);515.86.01, 510.108.03, 470.161.03, 450.216.04, 390.157, 510.108.03(vGPU 14.4), 470.161.03(vGPU 13.6), 470.161.02(vGPU 13.6), 450.216.04(vGPU 11.11), 525.60.11(November 2022 release), 525.60.12(November 2022 release)
CVE-2022-42257;5.3;MEDIUM;CVSS:3.1/AV:L/AC:L/PR:L/UI:N/S:U/C:L/I:L/A:L;CWE-190;5415;NVIDIA RTX, Quadro, NVS;All driver versions prior to 390.157;515.86.01, 510.108.03, 470.161.03, 450.216.04, 390.157, 510.108.03(vGPU 14.4), 470.161.03(vGPU 13.6), 470.161.02(vGPU 13.6), 450.216.04(vGPU 11.11), 525.60.11(November 2022 release), 525.60.12(November 2022 release)
CVE-2022-42257;5.3;MEDIUM;CVSS:3.1/AV:L/AC:L/PR:L/UI:N/S:U/C:L/I:L/A:L;CWE-190;5415;NVIDIA RTX, Quadro, NVS;All driver versions prior to 470.161.03;515.86.01, 510.108.03, 470.161.03, 450.216.04, 390.157, 510.108.03(vGPU 14.4), 470.161.03(vGPU 13.6), 470.161.02(vGPU 13.6), 450.216.04(vGPU 11.11), 525.60.11(November 2022 release), 525.60.12(November 2022 release)
CVE-2022-42257;5.3;MEDIUM;CVSS:3.1/AV:L/AC:L/PR:L/UI:N/S:U/C:L/I:L/A:L;CWE-190;5415;NVIDIA RTX, Quadro, NVS;All driver versions prior to 510.108.03;515.86.01, 510.108.03, 470.161.03, 450.216.04, 390.157, 510.108.03(vGPU 14.4), 470.161.03(vGPU 13.6), 470.161.02(vGPU 13.6), 450.216.04(vGPU 11.11), 525.60.11(November 2022 release), 525.60.12(November 2022 release)
CVE-2022-42257;5.3;MEDIUM;CVSS:3.1/AV:L/AC:L/PR:L/UI:N/S:U/C:L/I:L/A:L;CWE-190;5415;NVIDIA RTX, Quadro, NVS;All driver versions prior to 515.86.01;515.86.01, 510.108.03, 470.161.03, 450.216.04, 390.157, 510.108.03(vGPU 14.4), 470.161.03(vGPU 13.6), 470.161.02(vGPU 13.6), 450.216.04(vGPU 11.11), 525.60.11(November 2022 release), 525.60.12(November 2022 release)
CVE-2022-42257;5.3;MEDIUM;CVSS:3.1/AV:L/AC:L/PR:L/UI:N/S:U/C:L/I:L/A:L;CWE-190;5415;Tesla;All driver versions prior to 450.216.04;515.86.01, 510.108.03, 470.161.03, 450.216.04, 390.157, 510.108.03(vGPU 14.4), 470.161.03(vGPU 13.6), 470.161.02(vGPU 13.6), 450.216.04(vGPU 11.11), 525.60.11(November 2022 release), 525.60.12(November 2022 release)
CVE-2022-42257;5.3;MEDIUM;CVSS:3.1/AV:L/AC:L/PR:L/UI:N/S:U/C:L/I:L/A:L;CWE-190;5415;Tesla;All driver versions prior to 470.161.03;515.86.01, 510.108.03, 470.161.03, 450.216.04, 390.157, 510.108.03(vGPU 14.4), 470.161.03(vGPU 13.6), 470.161.02(vGPU 13.6), 450.216.04(vGPU 11.11), 525.60.11(November 2022 release), 525.60.12(November 2022 release)
CVE-2022-42257;5.3;MEDIUM;CVSS:3.1/AV:L/AC:L/PR:L/UI:N/S:U/C:L/I:L/A:L;CWE-190;5415;Tesla;All driver versions prior to 510.108.03;515.86.01, 510.108.03, 470.161.03, 450.216.04, 390.157, 510.108.03(vGPU 14.4), 470.161.03(vGPU 13.6), 470.161.02(vGPU 13.6), 450.216.04(vGPU 11.11), 525.60.11(November 2022 release), 525.60.12(November 2022 release)
CVE-2022-42257;5.3;MEDIUM;CVSS:3.1/AV:L/AC:L/PR:L/UI:N/S:U/C:L/I:L/A:L;CWE-190;5415;Tesla;All driver versions prior to 515.86.01;515.86.01, 510.108.03, 470.161.03, 450.216.04, 390.157, 510.108.03(vGPU 14.4), 470.161.03(vGPU 13.6), 470.161.02(vGPU 13.6), 450.216.04(vGPU 11.11), 525.60.11(November 2022 release), 525.60.12(November 2022 release)
CVE-2022-42257;5.3;MEDIUM;CVSS:3.1/AV:L/AC:L/PR:L/UI:N/S:U/C:L/I:L/A:L;CWE-190;5415;vGPU software (guest driver);450.203.02(All versions prior to and including vGPU 11.10);515.86.01, 510.108.03, 470.161.03, 450.216.04, 390.157, 510.108.03(vGPU 14.4), 470.161.03(vGPU 13.6), 470.161.02(vGPU 13.6), 450.216.04(vGPU 11.11), 525.60.11(November 2022 release), 525.60.12(November 2022 release)
CVE-2022-42257;5.3;MEDIUM;CVSS:3.1/AV:L/AC:L/PR:L/UI:N/S:U/C:L/I:L/A:L;CWE-190;5415;vGPU software (guest driver);470.141.03(All versions prior to and including vGPU 13.6);515.86.01, 510.108.03, 470.161.03, 450.216.04, 390.157, 510.108.03(vGPU 14.4), 470.161.03(vGPU 13.6), 470.161.02(vGPU 13.6), 450.216.04(vGPU 11.11), 525.60.11(November 2022 release), 525.60.12(November 2022 release)
CVE-2022-42257;5.3;MEDIUM;CVSS:3.1/AV:L/AC:L/PR:L/UI:N/S:U/C:L/I:L/A:L;CWE-190;5415;vGPU software (guest driver);510.85.02(All versions prior to and including vGPU 14.3);515.86.01, 510.108.03, 470.161.03, 450.216.04, 390.157, 510.108.03(vGPU 14.4), 470.161.03(vGPU 13.6), 470.161.02(vGPU 13.6), 450.216.04(vGPU 11.11), 525.60.11(November 2022 release), 525.60.12(November 2022 release)
CVE-2022-42257;5.3;MEDIUM;CVSS:3.1/AV:L/AC:L/PR:L/UI:N/S:U/C:L/I:L/A:L;CWE-190;5415;vGPU software (Virtual GPU Manager);450.203(All versions prior to and including vGPU 11.10);515.86.01, 510.108.03, 470.161.03, 450.216.04, 390.157, 510.108.03(vGPU 14.4), 470.161.03(vGPU 13.6), 470.161.02(vGPU 13.6), 450.216.04(vGPU 11.11), 525.60.11(November 2022 release), 525.60.12(November 2022 release)
CVE-2022-42257;5.3;MEDIUM;CVSS:3.1/AV:L/AC:L/PR:L/UI:N/S:U/C:L/I:L/A:L;CWE-190;5415;vGPU software (Virtual GPU Manager);470.141.05(All versions prior to and including vGPU 13.6);515.86.01, 510.108.03, 470.161.03, 450.216.04, 390.157, 510.108.03(vGPU 14.4), 470.161.03(vGPU 13.6), 470.161.02(vGPU 13.6), 450.216.04(vGPU 11.11), 525.60.11(November 2022 release), 525.60.12(November 2022 release)
CVE-2022-42257;5.3;MEDIUM;CVSS:3.1/AV:L/AC:L/PR:L/UI:N/S:U/C:L/I:L/A:L;CWE-190;5415;vGPU software (Virtual GPU Manager);510.85.03(All versions prior to and including vGPU 14.3);515.86.01, 510.108.03, 470.161.03, 450.216.04, 390.157, 510.108.03(vGPU 14.4), 470.161.03(vGPU 13.6), 470.161.02(vGPU 13.6), 450.216.04(vGPU 11.11), 525.60.11(November 2022 release), 525.60.12(November 2022 release)
CVE-2022-42258;5.3;MEDIUM;CVSS:3.1/AV:L/AC:L/PR:L/UI:N/S:U/C:L/I:L/A:L;CWE-190;5415;GeForce;All driver versions prior to 390.157;515.86.01, 510.108.03, 470.161.03, 450.216.04, 390.157, 510.108.03(vGPU 14.4), 470.161.03(vGPU 13.6), 470.161.02(vGPU 13.6), 450.216.04(vGPU 11.11), 525.60.11(November 2022 release), 525.60.12(November 2022 release)
CVE-2022-42258;5.3;MEDIUM;CVSS:3.1/AV:L/AC:L/PR:L/UI:N/S:U/C:L/I:L/A:L;CWE-190;5415;GeForce;All driver versions prior to 470.161.03;515.86.01, 510.108.03, 470.161.03, 450.216.04, 390.157, 510.108.03(vGPU 14.4), 470.161.03(vGPU 13.6), 470.161.02(vGPU 13.6), 450.216.04(vGPU 11.11), 525.60.11(November 2022 release), 525.60.12(November 2022 release)
CVE-2022-42258;5.3;MEDIUM;CVSS:3.1/AV:L/AC:L/PR:L/UI:N/S:U/C:L/I:L/A:L;CWE-190;5415;GeForce;All driver versions prior to 510.108.03;515.86.01, 510.108.03, 470.161.03, 450.216.04, 390.157, 510.108.03(vGPU 14.4), 470.161.03(vGPU 13.6), 470.161.02(vGPU 13.6), 450.216.04(vGPU 11.11), 525.60.11(November 2022 release), 525.60.12(November 2022 release)
CVE-2022-42258;5.3;MEDIUM;CVSS:3.1/AV:L/AC:L/PR:L/UI:N/S:U/C:L/I:L/A:L;CWE-190;5415;GeForce;All driver versions prior to 515.86.01;515.86.01, 510.108.03, 470.161.03, 450.216.04, 390.157, 510.108.03(vGPU 14.4), 470.161.03(vGPU 13.6), 470.161.02(vGPU 13.6), 450.216.04(vGPU 11.11), 525.60.11(November 2022 release), 525.60.12(November 2022 release)
CVE-2022-42258;5.3;MEDIUM;CVSS:3.1/AV:L/AC:L/PR:L/UI:N/S:U/C:L/I:L/A:L;CWE-190;5415;NVIDIA Cloud Gaming (guest driver);All versions prior to 520.56.06(All versions prior to the November 2022 release);515.86.01, 510.108.03, 470.161.03, 450.216.04, 390.157, 510.108.03(vGPU 14.4), 470.161.03(vGPU 13.6), 470.161.02(vGPU 13.6), 450.216.04(vGPU 11.11), 525.60.11(November 2022 release), 525.60.12(November 2022 release)
CVE-2022-42258;5.3;MEDIUM;CVSS:3.1/AV:L/AC:L/PR:L/UI:N/S:U/C:L/I:L/A:L;CWE-190;5415;NVIDIA Cloud Gaming (Virtual GPU Manager);All versions prior to 520.56.06(All versions prior to the November 2022 release);515.86.01, 510.108.03, 470.161.03, 450.216.04, 390.157, 510.108.03(vGPU 14.4), 470.161.03(vGPU 13.6), 470.161.02(vGPU 13.6), 450.216.04(vGPU 11.11), 525.60.11(November 2022 release), 525.60.12(November 2022 release)
CVE-2022-42258;5.3;MEDIUM;CVSS:3.1/AV:L/AC:L/PR:L/UI:N/S:U/C:L/I:L/A:L;CWE-190;5415;NVIDIA RTX, Quadro, NVS;All driver versions prior to 390.157;515.86.01, 510.108.03, 470.161.03, 450.216.04, 390.157, 510.108.03(vGPU 14.4), 470.161.03(vGPU 13.6), 470.161.02(vGPU 13.6), 450.216.04(vGPU 11.11), 525.60.11(November 2022 release), 525.60.12(November 2022 release)
CVE-2022-42258;5.3;MEDIUM;CVSS:3.1/AV:L/AC:L/PR:L/UI:N/S:U/C:L/I:L/A:L;CWE-190;5415;NVIDIA RTX, Quadro, NVS;All driver versions prior to 470.161.03;515.86.01, 510.108.03, 470.161.03, 450.216.04, 390.157, 510.108.03(vGPU 14.4), 470.161.03(vGPU 13.6), 470.161.02(vGPU 13.6), 450.216.04(vGPU 11.11), 525.60.11(November 2022 release), 525.60.12(November 2022 release)
CVE-2022-42258;5.3;MEDIUM;CVSS:3.1/AV:L/AC:L/PR:L/UI:N/S:U/C:L/I:L/A:L;CWE-190;5415;NVIDIA RTX, Quadro, NVS;All driver versions prior to 510.108.03;515.86.01, 510.108.03, 470.161.03, 450.216.04, 390.157, 510.108.03(vGPU 14.4), 470.161.03(vGPU 13.6), 470.161.02(vGPU 13.6), 450.216.04(vGPU 11.11), 525.60.11(November 2022 release), 525.60.12(November 2022 release)
CVE-2022-42258;5.3;MEDIUM;CVSS:3.1/AV:L/AC:L/PR:L/UI:N/S:U/C:L/I:L/A:L;CWE-190;5415;NVIDIA RTX, Quadro, NVS;All driver versions prior to 515.86.01;515.86.01, 510.108.03, 470.161.03, 450.216.04, 390.157, 510.108.03(vGPU 14.4), 470.161.03(vGPU 13.6), 470.161.02(vGPU 13.6), 450.216.04(vGPU 11.11), 525.60.11(November 2022 release), 525.60.12(November 2022 release)
CVE-2022-42258;5.3;MEDIUM;CVSS:3.1/AV:L/AC:L/PR:L/UI:N/S:U/C:L/I:L/A:L;CWE-190;5415;Tesla;All driver versions prior to 450.216.04;515.86.01, 510.108.03, 470.161.03, 450.216.04, 390.157, 510.108.03(vGPU 14.4), 470.161.03(vGPU 13.6), 470.161.02(vGPU 13.6), 450.216.04(vGPU 11.11), 525.60.11(November 2022 release), 525.60.12(November 2022 release)
CVE-2022-42258;5.3;MEDIUM;CVSS:3.1/AV:L/AC:L/PR:L/UI:N/S:U/C:L/I:L/A:L;CWE-190;5415;Tesla;All driver versions prior to 470.161.03;515.86.01, 510.108.03, 470.161.03, 450.216.04, 390.157, 510.108.03(vGPU 14.4), 470.161.03(vGPU 13.6), 470.161.02(vGPU 13.6), 450.216.04(vGPU 11.11), 525.60.11(November 2022 release), 525.60.12(November 2022 release)
CVE-2022-42258;5.3;MEDIUM;CVSS:3.1/AV:L/AC:L/PR:L/UI:N/S:U/C:L/I:L/A:L;CWE-190;5415;Tesla;All driver versions prior to 510.108.03;515.86.01, 510.108.03, 470.161.03, 450.216.04, 390.157, 510.108.03(vGPU 14.4), 470.161.03(vGPU 13.6), 470.161.02(vGPU 13.6), 450.216.04(vGPU 11.11), 525.60.11(November 2022 release), 525.60.12(November 2022 release)
CVE-2022-42258;5.3;MEDIUM;CVSS:3.1/AV:L/AC:L/PR:L/UI:N/S:U/C:L/I:L/A:L;CWE-190;5415;Tesla;All driver versions prior to 515.86.01;515.86.01, 510.108.03, 470.161.03, 450.216.04, 390.157, 510.108.03(vGPU 14.4), 470.161.03(vGPU 13.6), 470.161.02(vGPU 13.6), 450.216.04(vGPU 11.11), 525.60.11(November 2022 release), 525.60.12(November 2022 release)
CVE-2022-42258;5.3;MEDIUM;CVSS:3.1/AV:L/AC:L/PR:L/UI:N/S:U/C:L/I:L/A:L;CWE-190;5415;vGPU software (guest driver);450.203.02(All versions prior to and including vGPU 11.10);515.86.01, 510.108.03, 470.161.03, 450.216.04, 390.157, 510.108.03(vGPU 14.4), 470.161.03(vGPU 13.6), 470.161.02(vGPU 13.6), 450.216.04(vGPU 11.11), 525.60.11(November 2022 release), 525.60.12(November 2022 release)
CVE-2022-42258;5.3;MEDIUM;CVSS:3.1/AV:L/AC:L/PR:L/UI:N/S:U/C:L/I:L/A:L;CWE-190;5415;vGPU software (guest driver);470.141.03(All versions prior to and including vGPU 13.6);515.86.01, 510.108.03, 470.161.03, 450.216.04, 390.157, 510.108.03(vGPU 14.4), 470.161.03(vGPU 13.6), 470.161.02(vGPU 13.6), 450.216.04(vGPU 11.11), 525.60.11(November 2022 release), 525.60.12(November 2022 release)
CVE-2022-42258;5.3;MEDIUM;CVSS:3.1/AV:L/AC:L/PR:L/UI:N/S:U/C:L/I:L/A:L;CWE-190;5415;vGPU software (guest driver);510.85.02(All versions prior to and including vGPU 14.3);515.86.01, 510.108.03, 470.161.03, 450.216.04, 390.157, 510.108.03(vGPU 14.4), 470.161.03(vGPU 13.6), 470.161.02(vGPU 13.6), 450.216.04(vGPU 11.11), 525.60.11(November 2022 release), 525.60.12(November 2022 release)
CVE-2022-42258;5.3;MEDIUM;CVSS:3.1/AV:L/AC:L/PR:L/UI:N/S:U/C:L/I:L/A:L;CWE-190;5415;vGPU software (Virtual GPU Manager);450.203(All versions prior to and including vGPU 11.10);515.86.01, 510.108.03, 470.161.03, 450.216.04, 390.157, 510.108.03(vGPU 14.4), 470.161.03(vGPU 13.6), 470.161.02(vGPU 13.6), 450.216.04(vGPU 11.11), 525.60.11(November 2022 release), 525.60.12(November 2022 release)
CVE-2022-42258;5.3;MEDIUM;CVSS:3.1/AV:L/AC:L/PR:L/UI:N/S:U/C:L/I:L/A:L;CWE-190;5415;vGPU software (Virtual GPU Manager);470.141.05(All versions prior to and including vGPU 13.6);515.86.01, 510.108.03, 470.161.03, 450.216.04, 390.157, 510.108.03(vGPU 14.4), 470.161.03(vGPU 13.6), 470.161.02(vGPU 13.6), 450.216.04(vGPU 11.11), 525.60.11(November 2022 release), 525.60.12(November 2022 release)
CVE-2022-42258;5.3;MEDIUM;CVSS:3.1/AV:L/AC:L/PR:L/UI:N/S:U/C:L/I:L/A:L;CWE-190;5415;vGPU software (Virtual GPU Manager);510.85.03(All versions prior to and including vGPU 14.3);515.86.01, 510.108.03, 470.161.03, 450.216.04, 390.157, 510.108.03(vGPU 14.4), 470.161.03(vGPU 13.6), 470.161.02(vGPU 13.6), 450.216.04(vGPU 11.11), 525.60.11(November 2022 release), 525.60.12(November 2022 release)
CVE-2022-42259;4.4;MEDIUM;CVSS:3.1/AV:L/AC:L/PR:L/UI:N/S:U/C:N/I:L/A:L;CWE-190;5415;GeForce;All driver versions prior to 390.157;515.86.01, 510.108.03, 470.161.03, 450.216.04, 390.157, 510.108.03(vGPU 14.4), 470.161.03(vGPU 13.6), 470.161.02(vGPU 13.6), 450.216.04(vGPU 11.11), 525.60.11(November 2022 release), 525.60.12(November 2022 release)
CVE-2022-42259;4.4;MEDIUM;CVSS:3.1/AV:L/AC:L/PR:L/UI:N/S:U/C:N/I:L/A:L;CWE-190;5415;GeForce;All driver versions prior to 470.161.03;515.86.01, 510.108.03, 470.161.03, 450.216.04, 390.157, 510.108.03(vGPU 14.4), 470.161.03(vGPU 13.6), 470.161.02(vGPU 13.6), 450.216.04(vGPU 11.11), 525.60.11(November 2022 release), 525.60.12(November 2022 release)
CVE-2022-42259;4.4;MEDIUM;CVSS:3.1/AV:L/AC:L/PR:L/UI:N/S:U/C:N/I:L/A:L;CWE-190;5415;GeForce;All driver versions prior to 510.108.03;515.86.01, 510.108.03, 470.161.03, 450.216.04, 390.157, 510.108.03(vGPU 14.4), 470.161.03(vGPU 13.6), 470.161.02(vGPU 13.6), 450.216.04(vGPU 11.11), 525.60.11(November 2022 release), 525.60.12(November 2022 release)
CVE-2022-42259;4.4;MEDIUM;CVSS:3.1/AV:L/AC:L/PR:L/UI:N/S:U/C:N/I:L/A:L;CWE-190;5415;GeForce;All driver versions prior to 515.86.01;515.86.01, 510.108.03, 470.161.03, 450.216.04, 390.157, 510.108.03(vGPU 14.4), 470.161.03(vGPU 13.6), 470.161.02(vGPU 13.6), 450.216.04(vGPU 11.11), 525.60.11(November 2022 release), 525.60.12(November 2022 release)
CVE-2022-42259;4.4;MEDIUM;CVSS:3.1/AV:L/AC:L/PR:L/UI:N/S:U/C:N/I:L/A:L;CWE-190;5415;NVIDIA Cloud Gaming (guest driver);All versions prior to 520.56.06(All versions prior to the November 2022 release);515.86.01, 510.108.03, 470.161.03, 450.216.04, 390.157, 510.108.03(vGPU 14.4), 470.161.03(vGPU 13.6), 470.161.02(vGPU 13.6), 450.216.04(vGPU 11.11), 525.60.11(November 2022 release), 525.60.12(November 2022 release)
CVE-2022-42259;4.4;MEDIUM;CVSS:3.1/AV:L/AC:L/PR:L/UI:N/S:U/C:N/I:L/A:L;CWE-190;5415;NVIDIA Cloud Gaming (Virtual GPU Manager);All versions prior to 520.56.06(All versions prior to the November 2022 release);515.86.01, 510.108.03, 470.161.03, 450.216.04, 390.157, 510.108.03(vGPU 14.4), 470.161.03(vGPU 13.6), 470.161.02(vGPU 13.6), 450.216.04(vGPU 11.11), 525.60.11(November 2022 release), 525.60.12(November 2022 release)
CVE-2022-42259;4.4;MEDIUM;CVSS:3.1/AV:L/AC:L/PR:L/UI:N/S:U/C:N/I:L/A:L;CWE-190;5415;NVIDIA RTX, Quadro, NVS;All driver versions prior to 390.157;515.86.01, 510.108.03, 470.161.03, 450.216.04, 390.157, 510.108.03(vGPU 14.4), 470.161.03(vGPU 13.6), 470.161.02(vGPU 13.6), 450.216.04(vGPU 11.11), 525.60.11(November 2022 release), 525.60.12(November 2022 release)
CVE-2022-42259;4.4;MEDIUM;CVSS:3.1/AV:L/AC:L/PR:L/UI:N/S:U/C:N/I:L/A:L;CWE-190;5415;NVIDIA RTX, Quadro, NVS;All driver versions prior to 470.161.03;515.86.01, 510.108.03, 470.161.03, 450.216.04, 390.157, 510.108.03(vGPU 14.4), 470.161.03(vGPU 13.6), 470.161.02(vGPU 13.6), 450.216.04(vGPU 11.11), 525.60.11(November 2022 release), 525.60.12(November 2022 release)
CVE-2022-42259;4.4;MEDIUM;CVSS:3.1/AV:L/AC:L/PR:L/UI:N/S:U/C:N/I:L/A:L;CWE-190;5415;NVIDIA RTX, Quadro, NVS;All driver versions prior to 510.108.03;515.86.01, 510.108.03, 470.161.03, 450.216.04, 390.157, 510.108.03(vGPU 14.4), 470.161.03(vGPU 13.6), 470.161.02(vGPU 13.6), 450.216.04(vGPU 11.11), 525.60.11(November 2022 release), 525.60.12(November 2022 release)
CVE-2022-42259;4.4;MEDIUM;CVSS:3.1/AV:L/AC:L/PR:L/UI:N/S:U/C:N/I:L/A:L;CWE-190;5415;NVIDIA RTX, Quadro, NVS;All driver versions prior to 515.86.01;515.86.01, 510.108.03, 470.161.03, 450.216.04, 390.157, 510.108.03(vGPU 14.4), 470.161.03(vGPU 13.6), 470.161.02(vGPU 13.6), 450.216.04(vGPU 11.11), 525.60.11(November 2022 release), 525.60.12(November 2022 release)
CVE-2022-42259;4.4;MEDIUM;CVSS:3.1/AV:L/AC:L/PR:L/UI:N/S:U/C:N/I:L/A:L;CWE-190;5415;Tesla;All driver versions prior to 450.216.04;515.86.01, 510.108.03, 470.161.03, 450.216.04, 390.157, 510.108.03(vGPU 14.4), 470.161.03(vGPU 13.6), 470.161.02(vGPU 13.6), 450.216.04(vGPU 11.11), 525.60.11(November 2022 release), 525.60.12(November 2022 release)
CVE-2022-42259;4.4;MEDIUM;CVSS:3.1/AV:L/AC:L/PR:L/UI:N/S:U/C:N/I:L/A:L;CWE-190;5415;Tesla;All driver versions prior to 470.161.03;515.86.01, 510.108.03, 470.161.03, 450.216.04, 390.157, 510.108.03(vGPU 14.4), 470.161.03(vGPU 13.6), 470.161.02(vGPU 13.6), 450.216.04(vGPU 11.11), 525.60.11(November 2022 release), 525.60.12(November 2022 release)
CVE-2022-42259;4.4;MEDIUM;CVSS:3.1/AV:L/AC:L/PR:L/UI:N/S:U/C:N/I:L/A:L;CWE-190;5415;Tesla;All driver versions prior to 510.108.03;515.86.01, 510.108.03, 470.161.03, 450.216.04, 390.157, 510.108.03(vGPU 14.4), 470.161.03(vGPU 13.6), 470.161.02(vGPU 13.6), 450.216.04(vGPU 11.11), 525.60.11(November 2022 release), 525.60.12(November 2022 release)
CVE-2022-42259;4.4;MEDIUM;CVSS:3.1/AV:L/AC:L/PR:L/UI:N/S:U/C:N/I:L/A:L;CWE-190;5415;Tesla;All driver versions prior to 515.86.01;515.86.01, 510.108.03, 470.161.03, 450.216.04, 390.157, 510.108.03(vGPU 14.4), 470.161.03(vGPU 13.6), 470.161.02(vGPU 13.6), 450.216.04(vGPU 11.11), 525.60.11(November 2022 release), 525.60.12(November 2022 release)
CVE-2022-42259;4.4;MEDIUM;CVSS:3.1/AV:L/AC:L/PR:L/UI:N/S:U/C:N/I:L/A:L;CWE-190;5415;vGPU software (guest driver);450.203.02(All versions prior to and including vGPU 11.10);515.86.01, 510.108.03, 470.161.03, 450.216.04, 390.157, 510.108.03(vGPU 14.4), 470.161.03(vGPU 13.6), 470.161.02(vGPU 13.6), 450.216.04(vGPU 11.11), 525.60.11(November 2022 release), 525.60.12(November 2022 release)
CVE-2022-42259;4.4;MEDIUM;CVSS:3.1/AV:L/AC:L/PR:L/UI:N/S:U/C:N/I:L/A:L;CWE-190;5415;vGPU software (guest driver);470.141.03(All versions prior to and including vGPU 13.6);515.86.01, 510.108.03, 470.161.03, 450.216.04, 390.157, 510.108.03(vGPU 14.4), 470.161.03(vGPU 13.6), 470.161.02(vGPU 13.6), 450.216.04(vGPU 11.11), 525.60.11(November 2022 release), 525.60.12(November 2022 release)
CVE-2022-42259;4.4;MEDIUM;CVSS:3.1/AV:L/AC:L/PR:L/UI:N/S:U/C:N/I:L/A:L;CWE-190;5415;vGPU software (guest driver);510.85.02(All versions prior to and including vGPU 14.3);515.86.01, 510.108.03, 470.161.03, 450.216.04, 390.157, 510.108.03(vGPU 14.4), 470.161.03(vGPU 13.6), 470.161.02(vGPU 13.6), 450.216.04(vGPU 11.11), 525.60.11(November 2022 release), 525.60.12(November 2022 release)
CVE-2022-42259;4.4;MEDIUM;CVSS:3.1/AV:L/AC:L/PR:L/UI:N/S:U/C:N/I:L/A:L;CWE-190;5415;vGPU software (Virtual GPU Manager);450.203(All versions prior to and including vGPU 11.10);515.86.01, 510.108.03, 470.161.03, 450.216.04, 390.157, 510.108.03(vGPU 14.4), 470.161.03(vGPU 13.6), 470.161.02(vGPU 13.6), 450.216.04(vGPU 11.11), 525.60.11(November 2022 release), 525.60.12(November 2022 release)
CVE-2022-42259;4.4;MEDIUM;CVSS:3.1/AV:L/AC:L/PR:L/UI:N/S:U/C:N/I:L/A:L;CWE-190;5415;vGPU software (Virtual GPU Manager);470.141.05(All versions prior to and including vGPU 13.6);515.86.01, 510.108.03, 470.161.03, 450.216.04, 390.157, 510.108.03(vGPU 14.4), 470.161.03(vGPU 13.6), 470.161.02(vGPU 13.6), 450.216.04(vGPU 11.11), 525.60.11(November 2022 release), 525.60.12(November 2022 release)
CVE-2022-42259;4.4;MEDIUM;CVSS:3.1/AV:L/AC:L/PR:L/UI:N/S:U/C:N/I:L/A:L;CWE-190;5415;vGPU software (Virtual GPU Manager);510.85.03(All versions prior to and including vGPU 14.3);515.86.01, 510.108.03, 470.161.03, 450.216.04, 390.157, 510.108.03(vGPU 14.4), 470.161.03(vGPU 13.6), 470.161.02(vGPU 13.6), 450.216.04(vGPU 11.11), 525.60.11(November 2022 release), 525.60.12(November 2022 release)
CVE-2022-42260;7.8;HIGH;CVSS:3.1/AV:L/AC:L/PR:L/UI:N/S:U/C:H/I:H/A:H;CWE-281;5415;GeForce;All driver versions prior to 470.161.03;510.108.03, 470.161.03, 450.216.04, 510.108.03(vGPU 14.4), 470.161.03(vGPU 13.6), 470.161.02(vGPU 13.6), 450.216.04(vGPU 11.11), 525.60.11(November 2022 release)
CVE-2022-42260;7.8;HIGH;CVSS:3.1/AV:L/AC:L/PR:L/UI:N/S:U/C:H/I:H/A:H;CWE-281;5415;GeForce;All driver versions prior to 510.108.03;510.108.03, 470.161.03, 450.216.04, 510.108.03(vGPU 14.4), 470.161.03(vGPU 13.6), 470.161.02(vGPU 13.6), 450.216.04(vGPU 11.11), 525.60.11(November 2022 release)
CVE-2022-42260;7.8;HIGH;CVSS:3.1/AV:L/AC:L/PR:L/UI:N/S:U/C:H/I:H/A:H;CWE-281;5415;NVIDIA Cloud Gaming (guest driver);All versions prior to 520.56.06(All versions prior to the November 2022 release);510.108.03, 470.161.03, 450.216.04, 510.108.03(vGPU 14.4), 470.161.03(vGPU 13.6), 470.161.02(vGPU 13.6), 450.216.04(vGPU 11.11), 525.60.11(November 2022 release)
CVE-2022-42260;7.8;HIGH;CVSS:3.1/AV:L/AC:L/PR:L/UI:N/S:U/C:H/I:H/A:H;CWE-281;5415;NVIDIA RTX, Quadro, NVS;All driver versions prior to 470.161.03;510.108.03, 470.161.03, 450.216.04, 510.108.03(vGPU 14.4), 470.161.03(vGPU 13.6), 470.161.02(vGPU 13.6), 450.216.04(vGPU 11.11), 525.60.11(November 2022 release)
CVE-2022-42260;7.8;HIGH;CVSS:3.1/AV:L/AC:L/PR:L/UI:N/S:U/C:H/I:H/A:H;CWE-281;5415;NVIDIA RTX, Quadro, NVS;All driver versions prior to 510.108.03;510.108.03, 470.161.03, 450.216.04, 510.108.03(vGPU 14.4), 470.161.03(vGPU 13.6), 470.161.02(vGPU 13.6), 450.216.04(vGPU 11.11), 525.60.11(November 2022 release)
CVE-2022-42260;7.8;HIGH;CVSS:3.1/AV:L/AC:L/PR:L/UI:N/S:U/C:H/I:H/A:H;CWE-281;5415;Tesla;All driver versions prior to 450.216.04;510.108.03, 470.161.03, 450.216.04, 510.108.03(vGPU 14.4), 470.161.03(vGPU 13.6), 470.161.02(vGPU 13.6), 450.216.04(vGPU 11.11), 525.60.11(November 2022 release)
CVE-2022-42260;7.8;HIGH;CVSS:3.1/AV:L/AC:L/PR:L/UI:N/S:U/C:H/I:H/A:H;CWE-281;5415;Tesla;All driver versions prior to 470.161.03;510.108.03, 470.161.03, 450.216.04, 510.108.03(vGPU 14.4), 470.161.03(vGPU 13.6), 470.161.02(vGPU 13.6), 450.216.04(vGPU 11.11), 525.60.11(November 2022 release)
CVE-2022-42260;7.8;HIGH;CVSS:3.1/AV:L/AC:L/PR:L/UI:N/S:U/C:H/I:H/A:H;CWE-281;5415;Tesla;All driver versions prior to 510.108.03;510.108.03, 470.161.03, 450.216.04, 510.108.03(vGPU 14.4), 470.161.03(vGPU 13.6), 470.161.02(vGPU 13.6), 450.216.04(vGPU 11.11), 525.60.11(November 2022 release)
CVE-2022-42260;7.8;HIGH;CVSS:3.1/AV:L/AC:L/PR:L/UI:N/S:U/C:H/I:H/A:H;CWE-281;5415;vGPU software (guest driver);450.203.02(All versions prior to and including vGPU 11.10);510.108.03, 470.161.03, 450.216.04, 510.108.03(vGPU 14.4), 470.161.03(vGPU 13.6), 470.161.02(vGPU 13.6), 450.216.04(vGPU 11.11), 525.60.11(November 2022 release)
CVE-2022-42260;7.8;HIGH;CVSS:3.1/AV:L/AC:L/PR:L/UI:N/S:U/C:H/I:H/A:H;CWE-281;5415;vGPU software (guest driver);470.141.03(All versions prior to and including vGPU 13.6);510.108.03, 470.161.03, 450.216.04, 510.108.03(vGPU 14.4), 470.161.03(vGPU 13.6), 470.161.02(vGPU 13.6), 450.216.04(vGPU 11.11), 525.60.11(November 2022 release)
CVE-2022-42260;7.8;HIGH;CVSS:3.1/AV:L/AC:L/PR:L/UI:N/S:U/C:H/I:H/A:H;CWE-281;5415;vGPU software (guest driver);510.85.02(All versions prior to and including vGPU 14.3);510.108.03, 470.161.03, 450.216.04, 510.108.03(vGPU 14.4), 470.161.03(vGPU 13.6), 470.161.02(vGPU 13.6), 450.216.04(vGPU 11.11), 525.60.11(November 2022 release)
CVE-2022-42260;7.8;HIGH;CVSS:3.1/AV:L/AC:L/PR:L/UI:N/S:U/C:H/I:H/A:H;CWE-281;5415;vGPU software (Virtual GPU Manager);450.203(All versions prior to and including vGPU 11.10);510.108.03, 470.161.03, 450.216.04, 510.108.03(vGPU 14.4), 470.161.03(vGPU 13.6), 470.161.02(vGPU 13.6), 450.216.04(vGPU 11.11), 525.60.11(November 2022 release)
CVE-2022-42260;7.8;HIGH;CVSS:3.1/AV:L/AC:L/PR:L/UI:N/S:U/C:H/I:H/A:H;CWE-281;5415;vGPU software (Virtual GPU Manager);470.141.05(All versions prior to and including vGPU 13.6);510.108.03, 470.161.03, 450.216.04, 510.108.03(vGPU 14.4), 470.161.03(vGPU 13.6), 470.161.02(vGPU 13.6), 450.216.04(vGPU 11.11), 525.60.11(November 2022 release)
CVE-2022-42260;7.8;HIGH;CVSS:3.1/AV:L/AC:L/PR:L/UI:N/S:U/C:H/I:H/A:H;CWE-281;5415;vGPU software (Virtual GPU Manager);510.85.03(All versions prior to and including vGPU 14.3);510.108.03, 470.161.03, 450.216.04, 510.108.03(vGPU 14.4), 470.161.03(vGPU 13.6), 470.161.02(vGPU 13.6), 450.216.04(vGPU 11.11), 525.60.11(November 2022 release)
CVE-2022-42261;7.8;HIGH;CVSS:3.1/AV:L/AC:L/PR:L/UI:N/S:U/C:H/I:H/A:H;CWE-120;5415;GeForce;All driver versions prior to 470.161.03;510.108.03, 470.161.03, 450.216.04, 510.108.03(vGPU 14.4), 470.161.03(vGPU 13.6), 470.161.02(vGPU 13.6), 450.216.04(vGPU 11.11), 525.60.12(November 2022 release)
CVE-2022-42261;7.8;HIGH;CVSS:3.1/AV:L/AC:L/PR:L/UI:N/S:U/C:H/I:H/A:H;CWE-120;5415;GeForce;All driver versions prior to 510.108.03;510.108.03, 470.161.03, 450.216.04, 510.108.03(vGPU 14.4), 470.161.03(vGPU 13.6), 470.161.02(vGPU 13.6), 450.216.04(vGPU 11.11), 525.60.12(November 2022 release)
CVE-2022-42261;7.8;HIGH;CVSS:3.1/AV:L/AC:L/PR:L/UI:N/S:U/C:H/I:H/A:H;CWE-120;5415;NVIDIA Cloud Gaming (Virtual GPU Manager);All versions prior to 520.56.06(All versions prior to the November 2022 release);510.108.03, 470.161.03, 450.216.04, 510.108.03(vGPU 14.4), 470.161.03(vGPU 13.6), 470.161.02(vGPU 13.6), 450.216.04(vGPU 11.11), 525.60.12(November 2022 release)
CVE-2022-42261;7.8;HIGH;CVSS:3.1/AV:L/AC:L/PR:L/UI:N/S:U/C:H/I:H/A:H;CWE-120;5415;NVIDIA RTX, Quadro, NVS;All driver versions prior to 470.161.03;510.108.03, 470.161.03, 450.216.04, 510.108.03(vGPU 14.4), 470.161.03(vGPU 13.6), 470.161.02(vGPU 13.6), 450.216.04(vGPU 11.11), 525.60.12(November 2022 release)
CVE-2022-42261;7.8;HIGH;CVSS:3.1/AV:L/AC:L/PR:L/UI:N/S:U/C:H/I:H/A:H;CWE-120;5415;NVIDIA RTX, Quadro, NVS;All driver versions prior to 510.108.03;510.108.03, 470.161.03, 450.216.04, 510.108.03(vGPU 14.4), 470.161.03(vGPU 13.6), 470.161.02(vGPU 13.6), 450.216.04(vGPU 11.11), 525.60.12(November 2022 release)
CVE-2022-42261;7.8;HIGH;CVSS:3.1/AV:L/AC:L/PR:L/UI:N/S:U/C:H/I:H/A:H;CWE-120;5415;Tesla;All driver versions prior to 450.216.04;510.108.03, 470.161.03, 450.216.04, 510.108.03(vGPU 14.4), 470.161.03(vGPU 13.6), 470.161.02(vGPU 13.6), 450.216.04(vGPU 11.11), 525.60.12(November 2022 release)
CVE-2022-42261;7.8;HIGH;CVSS:3.1/AV:L/AC:L/PR:L/UI:N/S:U/C:H/I:H/A:H;CWE-120;5415;Tesla;All driver versions prior to 470.161.03;510.108.03, 470.161.03, 450.216.04, 510.108.03(vGPU 14.4), 470.161.03(vGPU 13.6), 470.161.02(vGPU 13.6), 450.216.04(vGPU 11.11), 525.60.12(November 2022 release)
CVE-2022-42261;7.8;HIGH;CVSS:3.1/AV:L/AC:L/PR:L/UI:N/S:U/C:H/I:H/A:H;CWE-120;5415;Tesla;All driver versions prior to 510.108.03;510.108.03, 470.161.03, 450.216.04, 510.108.03(vGPU 14.4), 470.161.03(vGPU 13.6), 470.161.02(vGPU 13.6), 450.216.04(vGPU 11.11), 525.60.12(November 2022 release)
CVE-2022-42261;7.8;HIGH;CVSS:3.1/AV:L/AC:L/PR:L/UI:N/S:U/C:H/I:H/A:H;CWE-120;5415;vGPU software (guest driver);450.203.02(All versions prior to and including vGPU 11.10);510.108.03, 470.161.03, 450.216.04, 510.108.03(vGPU 14.4), 470.161.03(vGPU 13.6), 470.161.02(vGPU 13.6), 450.216.04(vGPU 11.11), 525.60.12(November 2022 release)
CVE-2022-42261;7.8;HIGH;CVSS:3.1/AV:L/AC:L/PR:L/UI:N/S:U/C:H/I:H/A:H;CWE-120;5415;vGPU software (guest driver);470.141.03(All versions prior to and including vGPU 13.6);510.108.03, 470.161.03, 450.216.04, 510.108.03(vGPU 14.4), 470.161.03(vGPU 13.6), 470.161.02(vGPU 13.6), 450.216.04(vGPU 11.11), 525.60.12(November 2022 release)
CVE-2022-42261;7.8;HIGH;CVSS:3.1/AV:L/AC:L/PR:L/UI:N/S:U/C:H/I:H/A:H;CWE-120;5415;vGPU software (guest driver);510.85.02(All versions prior to and including vGPU 14.3);510.108.03, 470.161.03, 450.216.04, 510.108.03(vGPU 14.4), 470.161.03(vGPU 13.6), 470.161.02(vGPU 13.6), 450.216.04(vGPU 11.11), 525.60.12(November 2022 release)
CVE-2022-42261;7.8;HIGH;CVSS:3.1/AV:L/AC:L/PR:L/UI:N/S:U/C:H/I:H/A:H;CWE-120;5415;vGPU software (Virtual GPU Manager);450.203(All versions prior to and including vGPU 11.10);510.108.03, 470.161.03, 450.216.04, 510.108.03(vGPU 14.4), 470.161.03(vGPU 13.6), 470.161.02(vGPU 13.6), 450.216.04(vGPU 11.11), 525.60.12(November 2022 release)
CVE-2022-42261;7.8;HIGH;CVSS:3.1/AV:L/AC:L/PR:L/UI:N/S:U/C:H/I:H/A:H;CWE-120;5415;vGPU software (Virtual GPU Manager);470.141.05(All versions prior to and including vGPU 13.6);510.108.03, 470.161.03, 450.216.04, 510.108.03(vGPU 14.4), 470.161.03(vGPU 13.6), 470.161.02(vGPU 13.6), 450.216.04(vGPU 11.11), 525.60.12(November 2022 release)
CVE-2022-42261;7.8;HIGH;CVSS:3.1/AV:L/AC:L/PR:L/UI:N/S:U/C:H/I:H/A:H;CWE-120;5415;vGPU software (Virtual GPU Manager);510.85.03(All versions prior to and including vGPU 14.3);510.108.03, 470.161.03, 450.216.04, 510.108.03(vGPU 14.4), 470.161.03(vGPU 13.6), 470.161.02(vGPU 13.6), 450.216.04(vGPU 11.11), 525.60.12(November 2022 release)
CVE-2022-42262;7.1;HIGH;CVSS:3.1/AV:L/AC:L/PR:L/UI:N/S:U/C:N/I:H/A:H;CWE-787;5415;GeForce;All driver versions prior to 470.161.03;510.108.03, 470.161.03, 450.216.04, 510.108.03(vGPU 14.4), 470.161.03(vGPU 13.6), 470.161.02(vGPU 13.6), 450.216.04(vGPU 11.11), 525.60.12(November 2022 release)
CVE-2022-42262;7.1;HIGH;CVSS:3.1/AV:L/AC:L/PR:L/UI:N/S:U/C:N/I:H/A:H;CWE-787;5415;GeForce;All driver versions prior to 510.108.03;510.108.03, 470.161.03, 450.216.04, 510.108.03(vGPU 14.4), 470.161.03(vGPU 13.6), 470.161.02(vGPU 13.6), 450.216.04(vGPU 11.11), 525.60.12(November 2022 release)
CVE-2022-42262;7.1;HIGH;CVSS:3.1/AV:L/AC:L/PR:L/UI:N/S:U/C:N/I:H/A:H;CWE-787;5415;NVIDIA Cloud Gaming (Virtual GPU Manager);All versions prior to 520.56.06(All versions prior to the November 2022 release);510.108.03, 470.161.03, 450.216.04, 510.108.03(vGPU 14.4), 470.161.03(vGPU 13.6), 470.161.02(vGPU 13.6), 450.216.04(vGPU 11.11), 525.60.12(November 2022 release)
CVE-2022-42262;7.1;HIGH;CVSS:3.1/AV:L/AC:L/PR:L/UI:N/S:U/C:N/I:H/A:H;CWE-787;5415;NVIDIA RTX, Quadro, NVS;All driver versions prior to 470.161.03;510.108.03, 470.161.03, 450.216.04, 510.108.03(vGPU 14.4), 470.161.03(vGPU 13.6), 470.161.02(vGPU 13.6), 450.216.04(vGPU 11.11), 525.60.12(November 2022 release)
CVE-2022-42262;7.1;HIGH;CVSS:3.1/AV:L/AC:L/PR:L/UI:N/S:U/C:N/I:H/A:H;CWE-787;5415;NVIDIA RTX, Quadro, NVS;All driver versions prior to 510.108.03;510.108.03, 470.161.03, 450.216.04, 510.108.03(vGPU 14.4), 470.161.03(vGPU 13.6), 470.161.02(vGPU 13.6), 450.216.04(vGPU 11.11), 525.60.12(November 2022 release)
CVE-2022-42262;7.1;HIGH;CVSS:3.1/AV:L/AC:L/PR:L/UI:N/S:U/C:N/I:H/A:H;CWE-787;5415;Tesla;All driver versions prior to 450.216.04;510.108.03, 470.161.03, 450.216.04, 510.108.03(vGPU 14.4), 470.161.03(vGPU 13.6), 470.161.02(vGPU 13.6), 450.216.04(vGPU 11.11), 525.60.12(November 2022 release)
CVE-2022-42262;7.1;HIGH;CVSS:3.1/AV:L/AC:L/PR:L/UI:N/S:U/C:N/I:H/A:H;CWE-787;5415;Tesla;All driver versions prior to 470.161.03;510.108.03, 470.161.03, 450.216.04, 510.108.03(vGPU 14.4), 470.161.03(vGPU 13.6), 470.161.02(vGPU 13.6), 450.216.04(vGPU 11.11), 525.60.12(November 2022 release)
CVE-2022-42262;7.1;HIGH;CVSS:3.1/AV:L/AC:L/PR:L/UI:N/S:U/C:N/I:H/A:H;CWE-787;5415;Tesla;All driver versions prior to 510.108.03;510.108.03, 470.161.03, 450.216.04, 510.108.03(vGPU 14.4), 470.161.03(vGPU 13.6), 470.161.02(vGPU 13.6), 450.216.04(vGPU 11.11), 525.60.12(November 2022 release)
CVE-2022-42262;7.1;HIGH;CVSS:3.1/AV:L/AC:L/PR:L/UI:N/S:U/C:N/I:H/A:H;CWE-787;5415;vGPU software (guest driver);450.203.02(All versions prior to and including vGPU 11.10);510.108.03, 470.161.03, 450.216.04, 510.108.03(vGPU 14.4), 470.161.03(vGPU 13.6), 470.161.02(vGPU 13.6), 450.216.04(vGPU 11.11), 525.60.12(November 2022 release)
CVE-2022-42262;7.1;HIGH;CVSS:3.1/AV:L/AC:L/PR:L/UI:N/S:U/C:N/I:H/A:H;CWE-787;5415;vGPU software (guest driver);470.141.03(All versions prior to and including vGPU 13.6);510.108.03, 470.161.03, 450.216.04, 510.108.03(vGPU 14.4), 470.161.03(vGPU 13.6), 470.161.02(vGPU 13.6), 450.216.04(vGPU 11.11), 525.60.12(November 2022 release)
CVE-2022-42262;7.1;HIGH;CVSS:3.1/AV:L/AC:L/PR:L/UI:N/S:U/C:N/I:H/A:H;CWE-787;5415;vGPU software (guest driver);510.85.02(All versions prior to and including vGPU 14.3);510.108.03, 470.161.03, 450.216.04, 510.108.03(vGPU 14.4), 470.161.03(vGPU 13.6), 470.161.02(vGPU 13.6), 450.216.04(vGPU 11.11), 525.60.12(November 2022 release)
CVE-2022-42262;7.1;HIGH;CVSS:3.1/AV:L/AC:L/PR:L/UI:N/S:U/C:N/I:H/A:H;CWE-787;5415;vGPU software (Virtual GPU Manager);450.203(All versions prior to and including vGPU 11.10);510.108.03, 470.161.03, 450.216.04, 510.108.03(vGPU 14.4), 470.161.03(vGPU 13.6), 470.161.02(vGPU 13.6), 450.216.04(vGPU 11.11), 525.60.12(November 2022 release)
CVE-2022-42262;7.1;HIGH;CVSS:3.1/AV:L/AC:L/PR:L/UI:N/S:U/C:N/I:H/A:H;CWE-787;5415;vGPU software (Virtual GPU Manager);470.141.05(All versions prior to and including vGPU 13.6);510.108.03, 470.161.03, 450.216.04, 510.108.03(vGPU 14.4), 470.161.03(vGPU 13.6), 470.161.02(vGPU 13.6), 450.216.04(vGPU 11.11), 525.60.12(November 2022 release)
CVE-2022-42262;7.1;HIGH;CVSS:3.1/AV:L/AC:L/PR:L/UI:N/S:U/C:N/I:H/A:H;CWE-787;5415;vGPU software (Virtual GPU Manager);510.85.03(All versions prior to and including vGPU 14.3);510.108.03, 470.161.03, 450.216.04, 510.108.03(vGPU 14.4), 470.161.03(vGPU 13.6), 470.161.02(vGPU 13.6), 450.216.04(vGPU 11.11), 525.60.12(November 2022 release)
CVE-2022-42263;7.1;HIGH;CVSS:3.1/AV:L/AC:L/PR:L/UI:N/S:U/C:H/I:N/A:H;CWE-190;5415;GeForce;All driver versions prior to 470.161.03;515.86.01, 510.108.03, 470.161.03, 450.216.04, 510.108.03(vGPU 14.4), 470.161.03(vGPU 13.6), 470.161.02(vGPU 13.6), 450.216.04(vGPU 11.11), 525.60.11(November 2022 release), 525.60.12(November 2022 release)
CVE-2022-42263;7.1;HIGH;CVSS:3.1/AV:L/AC:L/PR:L/UI:N/S:U/C:H/I:N/A:H;CWE-190;5415;GeForce;All driver versions prior to 510.108.03;515.86.01, 510.108.03, 470.161.03, 450.216.04, 510.108.03(vGPU 14.4), 470.161.03(vGPU 13.6), 470.161.02(vGPU 13.6), 450.216.04(vGPU 11.11), 525.60.11(November 2022 release), 525.60.12(November 2022 release)
CVE-2022-42263;7.1;HIGH;CVSS:3.1/AV:L/AC:L/PR:L/UI:N/S:U/C:H/I:N/A:H;CWE-190;5415;GeForce;All driver versions prior to 515.86.01;515.86.01, 510.108.03, 470.161.03, 450.216.04, 510.108.03(vGPU 14.4), 470.161.03(vGPU 13.6), 470.161.02(vGPU 13.6), 450.216.04(vGPU 11.11), 525.60.11(November 2022 release), 525.60.12(November 2022 release)
CVE-2022-42263;7.1;HIGH;CVSS:3.1/AV:L/AC:L/PR:L/UI:N/S:U/C:H/I:N/A:H;CWE-190;5415;NVIDIA Cloud Gaming (guest driver);All versions prior to 520.56.06(All versions prior to the November 2022 release);515.86.01, 510.108.03, 470.161.03, 450.216.04, 510.108.03(vGPU 14.4), 470.161.03(vGPU 13.6), 470.161.02(vGPU 13.6), 450.216.04(vGPU 11.11), 525.60.11(November 2022 release), 525.60.12(November 2022 release)
CVE-2022-42263;7.1;HIGH;CVSS:3.1/AV:L/AC:L/PR:L/UI:N/S:U/C:H/I:N/A:H;CWE-190;5415;NVIDIA Cloud Gaming (Virtual GPU Manager);All versions prior to 520.56.06(All versions prior to the November 2022 release);515.86.01, 510.108.03, 470.161.03, 450.216.04, 510.108.03(vGPU 14.4), 470.161.03(vGPU 13.6), 470.161.02(vGPU 13.6), 450.216.04(vGPU 11.11), 525.60.11(November 2022 release), 525.60.12(November 2022 release)
CVE-2022-42263;7.1;HIGH;CVSS:3.1/AV:L/AC:L/PR:L/UI:N/S:U/C:H/I:N/A:H;CWE-190;5415;NVIDIA RTX, Quadro, NVS;All driver versions prior to 470.161.03;515.86.01, 510.108.03, 470.161.03, 450.216.04, 510.108.03(vGPU 14.4), 470.161.03(vGPU 13.6), 470.161.02(vGPU 13.6), 450.216.04(vGPU 11.11), 525.60.11(November 2022 release), 525.60.12(November 2022 release)
CVE-2022-42263;7.1;HIGH;CVSS:3.1/AV:L/AC:L/PR:L/UI:N/S:U/C:H/I:N/A:H;CWE-190;5415;NVIDIA RTX, Quadro, NVS;All driver versions prior to 510.108.03;515.86.01, 510.108.03, 470.161.03, 450.216.04, 510.108.03(vGPU 14.4), 470.161.03(vGPU 13.6), 470.161.02(vGPU 13.6), 450.216.04(vGPU 11.11), 525.60.11(November 2022 release), 525.60.12(November 2022 release)
CVE-2022-42263;7.1;HIGH;CVSS:3.1/AV:L/AC:L/PR:L/UI:N/S:U/C:H/I:N/A:H;CWE-190;5415;NVIDIA RTX, Quadro, NVS;All driver versions prior to 515.86.01;515.86.01, 510.108.03, 470.161.03, 450.216.04, 510.108.03(vGPU 14.4), 470.161.03(vGPU 13.6), 470.161.02(vGPU 13.6), 450.216.04(vGPU 11.11), 525.60.11(November 2022 release), 525.60.12(November 2022 release)
CVE-2022-42263;7.1;HIGH;CVSS:3.1/AV:L/AC:L/PR:L/UI:N/S:U/C:H/I:N/A:H;CWE-190;5415;Tesla;All driver versions prior to 450.216.04;515.86.01, 510.108.03, 470.161.03, 450.216.04, 510.108.03(vGPU 14.4), 470.161.03(vGPU 13.6), 470.161.02(vGPU 13.6), 450.216.04(vGPU 11.11), 525.60.11(November 2022 release), 525.60.12(November 2022 release)
CVE-2022-42263;7.1;HIGH;CVSS:3.1/AV:L/AC:L/PR:L/UI:N/S:U/C:H/I:N/A:H;CWE-190;5415;Tesla;All driver versions prior to 470.161.03;515.86.01, 510.108.03, 470.161.03, 450.216.04, 510.108.03(vGPU 14.4), 470.161.03(vGPU 13.6), 470.161.02(vGPU 13.6), 450.216.04(vGPU 11.11), 525.60.11(November 2022 release), 525.60.12(November 2022 release)
CVE-2022-42263;7.1;HIGH;CVSS:3.1/AV:L/AC:L/PR:L/UI:N/S:U/C:H/I:N/A:H;CWE-190;5415;Tesla;All driver versions prior to 510.108.03;515.86.01, 510.108.03, 470.161.03, 450.216.04, 510.108.03(vGPU 14.4), 470.161.03(vGPU 13.6), 470.161.02(vGPU 13.6), 450.216.04(vGPU 11.11), 525.60.11(November 2022 release), 525.60.12(November 2022 release)
CVE-2022-42263;7.1;HIGH;CVSS:3.1/AV:L/AC:L/PR:L/UI:N/S:U/C:H/I:N/A:H;CWE-190;5415;Tesla;All driver versions prior to 515.86.01;515.86.01, 510.108.03, 470.161.03, 450.216.04, 510.108.03(vGPU 14.4), 470.161.03(vGPU 13.6), 470.161.02(vGPU 13.6), 450.216.04(vGPU 11.11), 525.60.11(November 2022 release), 525.60.12(November 2022 release)
CVE-2022-42263;7.1;HIGH;CVSS:3.1/AV:L/AC:L/PR:L/UI:N/S:U/C:H/I:N/A:H;CWE-190;5415;vGPU software (guest driver);450.203.02(All versions prior to and including vGPU 11.10);515.86.01, 510.108.03, 470.161.03, 450.216.04, 510.108.03(vGPU 14.4), 470.161.03(vGPU 13.6), 470.161.02(vGPU 13.6), 450.216.04(vGPU 11.11), 525.60.11(November 2022 release), 525.60.12(November 2022 release)
CVE-2022-42263;7.1;HIGH;CVSS:3.1/AV:L/AC:L/PR:L/UI:N/S:U/C:H/I:N/A:H;CWE-190;5415;vGPU software (guest driver);470.141.03(All versions prior to and including vGPU 13.6);515.86.01, 510.108.03, 470.161.03, 450.216.04, 510.108.03(vGPU 14.4), 470.161.03(vGPU 13.6), 470.161.02(vGPU 13.6), 450.216.04(vGPU 11.11), 525.60.11(November 2022 release), 525.60.12(November 2022 release)
CVE-2022-42263;7.1;HIGH;CVSS:3.1/AV:L/AC:L/PR:L/UI:N/S:U/C:H/I:N/A:H;CWE-190;5415;vGPU software (guest driver);510.85.02(All versions prior to and including vGPU 14.3);515.86.01, 510.108.03, 470.161.03, 450.216.04, 510.108.03(vGPU 14.4), 470.161.03(vGPU 13.6), 470.161.02(vGPU 13.6), 450.216.04(vGPU 11.11), 525.60.11(November 2022 release), 525.60.12(November 2022 release)
CVE-2022-42263;7.1;HIGH;CVSS:3.1/AV:L/AC:L/PR:L/UI:N/S:U/C:H/I:N/A:H;CWE-190;5415;vGPU software (Virtual GPU Manager);450.203(All versions prior to and including vGPU 11.10);515.86.01, 510.108.03, 470.161.03, 450.216.04, 510.108.03(vGPU 14.4), 470.161.03(vGPU 13.6), 470.161.02(vGPU 13.6), 450.216.04(vGPU 11.11), 525.60.11(November 2022 release), 525.60.12(November 2022 release)
CVE-2022-42263;7.1;HIGH;CVSS:3.1/AV:L/AC:L/PR:L/UI:N/S:U/C:H/I:N/A:H;CWE-190;5415;vGPU software (Virtual GPU Manager);470.141.05(All versions prior to and including vGPU 13.6);515.86.01, 510.108.03, 470.161.03, 450.216.04, 510.108.03(vGPU 14.4), 470.161.03(vGPU 13.6), 470.161.02(vGPU 13.6), 450.216.04(vGPU 11.11), 525.60.11(November 2022 release), 525.60.12(November 2022 release)
CVE-2022-42263;7.1;HIGH;CVSS:3.1/AV:L/AC:L/PR:L/UI:N/S:U/C:H/I:N/A:H;CWE-190;5415;vGPU software (Virtual GPU Manager);510.85.03(All versions prior to and including vGPU 14.3);515.86.01, 510.108.03, 470.161.03, 450.216.04, 510.108.03(vGPU 14.4), 470.161.03(vGPU 13.6), 470.161.02(vGPU 13.6), 450.216.04(vGPU 11.11), 525.60.11(November 2022 release), 525.60.12(November 2022 release)
CVE-2022-42264;7.1;HIGH;CVSS:3.1/AV:L/AC:L/PR:L/UI:N/S:U/C:H/I:H/A:N;CWE-823;5415;GeForce;All driver versions prior to 470.161.03;515.86.01, 510.108.03, 470.161.03, 450.216.04, 510.108.03(vGPU 14.4), 470.161.03(vGPU 13.6), 470.161.02(vGPU 13.6), 450.216.04(vGPU 11.11), 525.60.11(November 2022 release), 525.60.12(November 2022 release)
CVE-2022-42264;7.1;HIGH;CVSS:3.1/AV:L/AC:L/PR:L/UI:N/S:U/C:H/I:H/A:N;CWE-823;5415;GeForce;All driver versions prior to 510.108.03;515.86.01, 510.108.03, 470.161.03, 450.216.04, 510.108.03(vGPU 14.4), 470.161.03(vGPU 13.6), 470.161.02(vGPU 13.6), 450.216.04(vGPU 11.11), 525.60.11(November 2022 release), 525.60.12(November 2022 release)
CVE-2022-42264;7.1;HIGH;CVSS:3.1/AV:L/AC:L/PR:L/UI:N/S:U/C:H/I:H/A:N;CWE-823;5415;GeForce;All driver versions prior to 515.86.01;515.86.01, 510.108.03, 470.161.03, 450.216.04, 510.108.03(vGPU 14.4), 470.161.03(vGPU 13.6), 470.161.02(vGPU 13.6), 450.216.04(vGPU 11.11), 525.60.11(November 2022 release), 525.60.12(November 2022 release)
CVE-2022-42264;7.1;HIGH;CVSS:3.1/AV:L/AC:L/PR:L/UI:N/S:U/C:H/I:H/A:N;CWE-823;5415;NVIDIA Cloud Gaming (guest driver);All versions prior to 520.56.06(All versions prior to the November 2022 release);515.86.01, 510.108.03, 470.161.03, 450.216.04, 510.108.03(vGPU 14.4), 470.161.03(vGPU 13.6), 470.161.02(vGPU 13.6), 450.216.04(vGPU 11.11), 525.60.11(November 2022 release), 525.60.12(November 2022 release)
CVE-2022-42264;7.1;HIGH;CVSS:3.1/AV:L/AC:L/PR:L/UI:N/S:U/C:H/I:H/A:N;CWE-823;5415;NVIDIA Cloud Gaming (Virtual GPU Manager);All versions prior to 520.56.06(All versions prior to the November 2022 release);515.86.01, 510.108.03, 470.161.03, 450.216.04, 510.108.03(vGPU 14.4), 470.161.03(vGPU 13.6), 470.161.02(vGPU 13.6), 450.216.04(vGPU 11.11), 525.60.11(November 2022 release), 525.60.12(November 2022 release)
CVE-2022-42264;7.1;HIGH;CVSS:3.1/AV:L/AC:L/PR:L/UI:N/S:U/C:H/I:H/A:N;CWE-823;5415;NVIDIA RTX, Quadro, NVS;All driver versions prior to 470.161.03;515.86.01, 510.108.03, 470.161.03, 450.216.04, 510.108.03(vGPU 14.4), 470.161.03(vGPU 13.6), 470.161.02(vGPU 13.6), 450.216.04(vGPU 11.11), 525.60.11(November 2022 release), 525.60.12(November 2022 release)
CVE-2022-42264;7.1;HIGH;CVSS:3.1/AV:L/AC:L/PR:L/UI:N/S:U/C:H/I:H/A:N;CWE-823;5415;NVIDIA RTX, Quadro, NVS;All driver versions prior to 510.108.03;515.86.01, 510.108.03, 470.161.03, 450.216.04, 510.108.03(vGPU 14.4), 470.161.03(vGPU 13.6), 470.161.02(vGPU 13.6), 450.216.04(vGPU 11.11), 525.60.11(November 2022 release), 525.60.12(November 2022 release)
CVE-2022-42264;7.1;HIGH;CVSS:3.1/AV:L/AC:L/PR:L/UI:N/S:U/C:H/I:H/A:N;CWE-823;5415;NVIDIA RTX, Quadro, NVS;All driver versions prior to 515.86.01;515.86.01, 510.108.03, 470.161.03, 450.216.04, 510.108.03(vGPU 14.4), 470.161.03(vGPU 13.6), 470.161.02(vGPU 13.6), 450.216.04(vGPU 11.11), 525.60.11(November 2022 release), 525.60.12(November 2022 release)
CVE-2022-42264;7.1;HIGH;CVSS:3.1/AV:L/AC:L/PR:L/UI:N/S:U/C:H/I:H/A:N;CWE-823;5415;Tesla;All driver versions prior to 450.216.04;515.86.01, 510.108.03, 470.161.03, 450.216.04, 510.108.03(vGPU 14.4), 470.161.03(vGPU 13.6), 470.161.02(vGPU 13.6), 450.216.04(vGPU 11.11), 525.60.11(November 2022 release), 525.60.12(November 2022 release)
CVE-2022-42264;7.1;HIGH;CVSS:3.1/AV:L/AC:L/PR:L/UI:N/S:U/C:H/I:H/A:N;CWE-823;5415;Tesla;All driver versions prior to 470.161.03;515.86.01, 510.108.03, 470.161.03, 450.216.04, 510.108.03(vGPU 14.4), 470.161.03(vGPU 13.6), 470.161.02(vGPU 13.6), 450.216.04(vGPU 11.11), 525.60.11(November 2022 release), 525.60.12(November 2022 release)
CVE-2022-42264;7.1;HIGH;CVSS:3.1/AV:L/AC:L/PR:L/UI:N/S:U/C:H/I:H/A:N;CWE-823;5415;Tesla;All driver versions prior to 510.108.03;515.86.01, 510.108.03, 470.161.03, 450.216.04, 510.108.03(vGPU 14.4), 470.161.03(vGPU 13.6), 470.161.02(vGPU 13.6), 450.216.04(vGPU 11.11), 525.60.11(November 2022 release), 525.60.12(November 2022 release)
CVE-2022-42264;7.1;HIGH;CVSS:3.1/AV:L/AC:L/PR:L/UI:N/S:U/C:H/I:H/A:N;CWE-823;5415;Tesla;All driver versions prior to 515.86.01;515.86.01, 510.108.03, 470.161.03, 450.216.04, 510.108.03(vGPU 14.4), 470.161.03(vGPU 13.6), 470.161.02(vGPU 13.6), 450.216.04(vGPU 11.11), 525.60.11(November 2022 release), 525.60.12(November 2022 release)
CVE-2022-42264;7.1;HIGH;CVSS:3.1/AV:L/AC:L/PR:L/UI:N/S:U/C:H/I:H/A:N;CWE-823;5415;vGPU software (guest driver);450.203.02(All versions prior to and including vGPU 11.10);515.86.01, 510.108.03, 470.161.03, 450.216.04, 510.108.03(vGPU 14.4), 470.161.03(vGPU 13.6), 470.161.02(vGPU 13.6), 450.216.04(vGPU 11.11), 525.60.11(November 2022 release), 525.60.12(November 2022 release)
CVE-2022-42264;7.1;HIGH;CVSS:3.1/AV:L/AC:L/PR:L/UI:N/S:U/C:H/I:H/A:N;CWE-823;5415;vGPU software (guest driver);470.141.03(All versions prior to and including vGPU 13.6);515.86.01, 510.108.03, 470.161.03, 450.216.04, 510.108.03(vGPU 14.4), 470.161.03(vGPU 13.6), 470.161.02(vGPU 13.6), 450.216.04(vGPU 11.11), 525.60.11(November 2022 release), 525.60.12(November 2022 release)
CVE-2022-42264;7.1;HIGH;CVSS:3.1/AV:L/AC:L/PR:L/UI:N/S:U/C:H/I:H/A:N;CWE-823;5415;vGPU software (guest driver);510.85.02(All versions prior to and including vGPU 14.3);515.86.01, 510.108.03, 470.161.03, 450.216.04, 510.108.03(vGPU 14.4), 470.161.03(vGPU 13.6), 470.161.02(vGPU 13.6), 450.216.04(vGPU 11.11), 525.60.11(November 2022 release), 525.60.12(November 2022 release)
CVE-2022-42264;7.1;HIGH;CVSS:3.1/AV:L/AC:L/PR:L/UI:N/S:U/C:H/I:H/A:N;CWE-823;5415;vGPU software (Virtual GPU Manager);450.203(All versions prior to and including vGPU 11.10);515.86.01, 510.108.03, 470.161.03, 450.216.04, 510.108.03(vGPU 14.4), 470.161.03(vGPU 13.6), 470.161.02(vGPU 13.6), 450.216.04(vGPU 11.11), 525.60.11(November 2022 release), 525.60.12(November 2022 release)
CVE-2022-42264;7.1;HIGH;CVSS:3.1/AV:L/AC:L/PR:L/UI:N/S:U/C:H/I:H/A:N;CWE-823;5415;vGPU software (Virtual GPU Manager);470.141.05(All versions prior to and including vGPU 13.6);515.86.01, 510.108.03, 470.161.03, 450.216.04, 510.108.03(vGPU 14.4), 470.161.03(vGPU 13.6), 470.161.02(vGPU 13.6), 450.216.04(vGPU 11.11), 525.60.11(November 2022 release), 525.60.12(November 2022 release)
CVE-2022-42264;7.1;HIGH;CVSS:3.1/AV:L/AC:L/PR:L/UI:N/S:U/C:H/I:H/A:N;CWE-823;5415;vGPU software (Virtual GPU Manager);510.85.03(All versions prior to and including vGPU 14.3);515.86.01, 510.108.03, 470.161.03, 450.216.04, 510.108.03(vGPU 14.4), 470.161.03(vGPU 13.6), 470.161.02(vGPU 13.6), 450.216.04(vGPU 11.11), 525.60.11(November 2022 release), 525.60.12(November 2022 release)
CVE-2022-42265;5.3;MEDIUM;CVSS:3.1/AV:L/AC:L/PR:L/UI:N/S:U/C:L/I:L/A:L;CWE-190;5415;GeForce;All driver versions prior to 515.86.01;515.86.01
CVE-2022-42265;5.3;MEDIUM;CVSS:3.1/AV:L/AC:L/PR:L/UI:N/S:U/C:L/I:L/A:L;CWE-190;5415;NVIDIA RTX, Quadro, NVS;All driver versions prior to 515.86.01;515.86.01
CVE-2022-42265;5.3;MEDIUM;CVSS:3.1/AV:L/AC:L/PR:L/UI:N/S:U/C:L/I:L/A:L;CWE-190;5415;Tesla;All driver versions prior to 515.86.01;515.86.01
CVE-2022-42266;5.5;MEDIUM;CVSS:3.1/AV:L/AC:L/PR:L/UI:N/S:U/C:H/I:N/A:N;CWE-200;5415;GeForce;All driver versions prior to 474.11;526.98, 474.14, 474.11, 527.27, 517.88, 514.08, 527.41, 454.02, 514.08(vGPU 14.4), 474.14(vGPU 13.6), 454.02(vGPU 11.11), 527.27(November 2022 release)
CVE-2022-42266;5.5;MEDIUM;CVSS:3.1/AV:L/AC:L/PR:L/UI:N/S:U/C:H/I:N/A:N;CWE-200;5415;GeForce;All driver versions prior to 526.98;526.98, 474.14, 474.11, 527.27, 517.88, 514.08, 527.41, 454.02, 514.08(vGPU 14.4), 474.14(vGPU 13.6), 454.02(vGPU 11.11), 527.27(November 2022 release)
CVE-2022-42266;5.5;MEDIUM;CVSS:3.1/AV:L/AC:L/PR:L/UI:N/S:U/C:H/I:N/A:N;CWE-200;5415;GeForce;All drivers versions prior to 474.14 for support of GeForce Kepler desktop;526.98, 474.14, 474.11, 527.27, 517.88, 514.08, 527.41, 454.02, 514.08(vGPU 14.4), 474.14(vGPU 13.6), 454.02(vGPU 11.11), 527.27(November 2022 release)
CVE-2022-42266;5.5;MEDIUM;CVSS:3.1/AV:L/AC:L/PR:L/UI:N/S:U/C:H/I:N/A:N;CWE-200;5415;NVIDIA Cloud Gaming (guest driver);All versions prior to 522.25(All versions prior to the November 2022 release);526.98, 474.14, 474.11, 527.27, 517.88, 514.08, 527.41, 454.02, 514.08(vGPU 14.4), 474.14(vGPU 13.6), 454.02(vGPU 11.11), 527.27(November 2022 release)
CVE-2022-42266;5.5;MEDIUM;CVSS:3.1/AV:L/AC:L/PR:L/UI:N/S:U/C:H/I:N/A:N;CWE-200;5415;NVIDIA RTX, Quadro, NVS;All driver versions prior to 474.14;526.98, 474.14, 474.11, 527.27, 517.88, 514.08, 527.41, 454.02, 514.08(vGPU 14.4), 474.14(vGPU 13.6), 454.02(vGPU 11.11), 527.27(November 2022 release)
CVE-2022-42266;5.5;MEDIUM;CVSS:3.1/AV:L/AC:L/PR:L/UI:N/S:U/C:H/I:N/A:N;CWE-200;5415;NVIDIA RTX, Quadro, NVS;All driver versions prior to 514.08;526.98, 474.14, 474.11, 527.27, 517.88, 514.08, 527.41, 454.02, 514.08(vGPU 14.4), 474.14(vGPU 13.6), 454.02(vGPU 11.11), 527.27(November 2022 release)
CVE-2022-42266;5.5;MEDIUM;CVSS:3.1/AV:L/AC:L/PR:L/UI:N/S:U/C:H/I:N/A:N;CWE-200;5415;NVIDIA RTX, Quadro, NVS;All driver versions prior to 517.88;526.98, 474.14, 474.11, 527.27, 517.88, 514.08, 527.41, 454.02, 514.08(vGPU 14.4), 474.14(vGPU 13.6), 454.02(vGPU 11.11), 527.27(November 2022 release)
CVE-2022-42266;5.5;MEDIUM;CVSS:3.1/AV:L/AC:L/PR:L/UI:N/S:U/C:H/I:N/A:N;CWE-200;5415;NVIDIA RTX, Quadro, NVS;All driver versions prior to 527.27;526.98, 474.14, 474.11, 527.27, 517.88, 514.08, 527.41, 454.02, 514.08(vGPU 14.4), 474.14(vGPU 13.6), 454.02(vGPU 11.11), 527.27(November 2022 release)
CVE-2022-42266;5.5;MEDIUM;CVSS:3.1/AV:L/AC:L/PR:L/UI:N/S:U/C:H/I:N/A:N;CWE-200;5415;Studio;All driver versions prior to 526.98;526.98, 474.14, 474.11, 527.27, 517.88, 514.08, 527.41, 454.02, 514.08(vGPU 14.4), 474.14(vGPU 13.6), 454.02(vGPU 11.11), 527.27(November 2022 release)
CVE-2022-42266;5.5;MEDIUM;CVSS:3.1/AV:L/AC:L/PR:L/UI:N/S:U/C:H/I:N/A:N;CWE-200;5415;Tesla;All driver versions prior to 454.02;526.98, 474.14, 474.11, 527.27, 517.88, 514.08, 527.41, 454.02, 514.08(vGPU 14.4), 474.14(vGPU 13.6), 454.02(vGPU 11.11), 527.27(November 2022 release)
CVE-2022-42266;5.5;MEDIUM;CVSS:3.1/AV:L/AC:L/PR:L/UI:N/S:U/C:H/I:N/A:N;CWE-200;5415;Tesla;All driver versions prior to 474.14;526.98, 474.14, 474.11, 527.27, 517.88, 514.08, 527.41, 454.02, 514.08(vGPU 14.4), 474.14(vGPU 13.6), 454.02(vGPU 11.11), 527.27(November 2022 release)
CVE-2022-42266;5.5;MEDIUM;CVSS:3.1/AV:L/AC:L/PR:L/UI:N/S:U/C:H/I:N/A:N;CWE-200;5415;Tesla;All driver versions prior to 514.08;526.98, 474.14, 474.11, 527.27, 517.88, 514.08, 527.41, 454.02, 514.08(vGPU 14.4), 474.14(vGPU 13.6), 454.02(vGPU 11.11), 527.27(November 2022 release)
CVE-2022-42266;5.5;MEDIUM;CVSS:3.1/AV:L/AC:L/PR:L/UI:N/S:U/C:H/I:N/A:N;CWE-200;5415;Tesla;All driver versions prior to 517.88;526.98, 474.14, 474.11, 527.27, 517.88, 514.08, 527.41, 454.02, 514.08(vGPU 14.4), 474.14(vGPU 13.6), 454.02(vGPU 11.11), 527.27(November 2022 release)
CVE-2022-42266;5.5;MEDIUM;CVSS:3.1/AV:L/AC:L/PR:L/UI:N/S:U/C:H/I:N/A:N;CWE-200;5415;Tesla;All driver versions prior to 527.41;526.98, 474.14, 474.11, 527.27, 517.88, 514.08, 527.41, 454.02, 514.08(vGPU 14.4), 474.14(vGPU 13.6), 454.02(vGPU 11.11), 527.27(November 2022 release)
CVE-2022-42266;5.5;MEDIUM;CVSS:3.1/AV:L/AC:L/PR:L/UI:N/S:U/C:H/I:N/A:N;CWE-200;5415;vGPU software (guest driver);453.94(All versions prior to and including vGPU 11.10);526.98, 474.14, 474.11, 527.27, 517.88, 514.08, 527.41, 454.02, 514.08(vGPU 14.4), 474.14(vGPU 13.6), 454.02(vGPU 11.11), 527.27(November 2022 release)
CVE-2022-42266;5.5;MEDIUM;CVSS:3.1/AV:L/AC:L/PR:L/UI:N/S:U/C:H/I:N/A:N;CWE-200;5415;vGPU software (guest driver);474.04(All versions prior to and including vGPU 13.5);526.98, 474.14, 474.11, 527.27, 517.88, 514.08, 527.41, 454.02, 514.08(vGPU 14.4), 474.14(vGPU 13.6), 454.02(vGPU 11.11), 527.27(November 2022 release)
CVE-2022-42266;5.5;MEDIUM;CVSS:3.1/AV:L/AC:L/PR:L/UI:N/S:U/C:H/I:N/A:N;CWE-200;5415;vGPU software (guest driver);513.91(All versions prior to and including vGPU 14.3);526.98, 474.14, 474.11, 527.27, 517.88, 514.08, 527.41, 454.02, 514.08(vGPU 14.4), 474.14(vGPU 13.6), 454.02(vGPU 11.11), 527.27(November 2022 release)
CVE-2022-42267;7.8;HIGH;CVSS:3.1/AV:L/AC:L/PR:L/UI:N/S:U/C:H/I:H/A:H;CWE-345;5415;GeForce;All driver versions prior to 474.11;526.98, 474.14, 474.11, 527.27, 517.88, 514.08, 527.41, 454.02
CVE-2022-42267;7.8;HIGH;CVSS:3.1/AV:L/AC:L/PR:L/UI:N/S:U/C:H/I:H/A:H;CWE-345;5415;GeForce;All driver versions prior to 526.98;526.98, 474.14, 474.11, 527.27, 517.88, 514.08, 527.41, 454.02
CVE-2022-42267;7.8;HIGH;CVSS:3.1/AV:L/AC:L/PR:L/UI:N/S:U/C:H/I:H/A:H;CWE-345;5415;GeForce;All drivers versions prior to 474.14 for support of GeForce Kepler desktop;526.98, 474.14, 474.11, 527.27, 517.88, 514.08, 527.41, 454.02
CVE-2022-42267;7.8;HIGH;CVSS:3.1/AV:L/AC:L/PR:L/UI:N/S:U/C:H/I:H/A:H;CWE-345;5415;NVIDIA RTX, Quadro, NVS;All driver versions prior to 474.14;526.98, 474.14, 474.11, 527.27, 517.88, 514.08, 527.41, 454.02
CVE-2022-42267;7.8;HIGH;CVSS:3.1/AV:L/AC:L/PR:L/UI:N/S:U/C:H/I:H/A:H;CWE-345;5415;NVIDIA RTX, Quadro, NVS;All driver versions prior to 514.08;526.98, 474.14, 474.11, 527.27, 517.88, 514.08, 527.41, 454.02
CVE-2022-42267;7.8;HIGH;CVSS:3.1/AV:L/AC:L/PR:L/UI:N/S:U/C:H/I:H/A:H;CWE-345;5415;NVIDIA RTX, Quadro, NVS;All driver versions prior to 517.88;526.98, 474.14, 474.11, 527.27, 517.88, 514.08, 527.41, 454.02
CVE-2022-42267;7.8;HIGH;CVSS:3.1/AV:L/AC:L/PR:L/UI:N/S:U/C:H/I:H/A:H;CWE-345;5415;NVIDIA RTX, Quadro, NVS;All driver versions prior to 527.27;526.98, 474.14, 474.11, 527.27, 517.88, 514.08, 527.41, 454.02
CVE-2022-42267;7.8;HIGH;CVSS:3.1/AV:L/AC:L/PR:L/UI:N/S:U/C:H/I:H/A:H;CWE-345;5415;Studio;All driver versions prior to 526.98;526.98, 474.14, 474.11, 527.27, 517.88, 514.08, 527.41, 454.02
CVE-2022-42267;7.8;HIGH;CVSS:3.1/AV:L/AC:L/PR:L/UI:N/S:U/C:H/I:H/A:H;CWE-345;5415;Tesla;All driver versions prior to 454.02;526.98, 474.14, 474.11, 527.27, 517.88, 514.08, 527.41, 454.02
CVE-2022-42267;7.8;HIGH;CVSS:3.1/AV:L/AC:L/PR:L/UI:N/S:U/C:H/I:H/A:H;CWE-345;5415;Tesla;All driver versions prior to 474.14;526.98, 474.14, 474.11, 527.27, 517.88, 514.08, 527.41, 454.02
CVE-2022-42267;7.8;HIGH;CVSS:3.1/AV:L/AC:L/PR:L/UI:N/S:U/C:H/I:H/A:H;CWE-345;5415;Tesla;All driver versions prior to 514.08;526.98, 474.14, 474.11, 527.27, 517.88, 514.08, 527.41, 454.02
CVE-2022-42267;7.8;HIGH;CVSS:3.1/AV:L/AC:L/PR:L/UI:N/S:U/C:H/I:H/A:H;CWE-345;5415;Tesla;All driver versions prior to 517.88;526.98, 474.14, 474.11, 527.27, 517.88, 514.08, 527.41, 454.02
CVE-2022-42267;7.8;HIGH;CVSS:3.1/AV:L/AC:L/PR:L/UI:N/S:U/C:H/I:H/A:H;CWE-345;5415;Tesla;All driver versions prior to 527.41;526.98, 474.14, 474.11, 527.27, 517.88, 514.08, 527.41, 454.02
CVE-2022-42269;7.9;HIGH;CVSS:3.1/AV:L/AC:L/PR:H/UI:N/S:C/C:H/I:H/A:N;CWE-20;5417;Jetson AGX Xavier series, Jetson Xavier NX;All versions prior to 32.7.2;32.7.3
CVE-2022-42270;7.8;HIGH;CVSS:3.1/AV:L/AC:L/PR:L/UI:N/S:U/C:H/I:H/A:H;CWE-121;5417;Jetson AGX Xavier series and Jetson Xavier NX;All versions prior to 32.7.2;32.7.3
CVE-2022-42271;8.4;HIGH;CVSS:3.1/AV:L/AC:L/PR:N/UI:N/S:U/C:H/I:H/A:H;CWE-120;5435;NVIDIA DGX servers;All BMC firmware versions prior to 00.19.07;BMC Firmware 00.19.07
CVE-2022-42272;8.1;HIGH;CVSS:3.1/AV:N/AC:H/PR:N/UI:N/S:U/C:H/I:H/A:H;CWE-120;5435;NVIDIA DGX servers;All BMC firmware versions prior to 00.19.07;BMC Firmware 00.19.07
CVE-2022-42273;8.1;HIGH;CVSS:3.1/AV:N/AC:L/PR:L/UI:N/S:U/C:H/I:H/A:N;CWE-120;5435;NVIDIA DGX servers;All BMC firmware versions prior to 00.19.07;BMC Firmware 00.19.07
CVE-2022-42274;7.8;HIGH;CVSS:3.1/AV:L/AC:L/PR:L/UI:N/S:U/C:H/I:H/A:H;CWE-120;5435;NVIDIA DGX servers;All BMC firmware versions prior to 00.19.07;BMC Firmware 00.19.07
CVE-2022-42275;7.7;HIGH;CVSS:3.1/AV:L/AC:L/PR:N/UI:N/S:U/C:N/I:H/A:H;CWE-288;5435;NVIDIA DGX servers;All BMC firmware versions prior to 00.19.07;BMC Firmware 00.19.07
CVE-2022-42276;7.5;HIGH;CVSS:3.1/AV:L/AC:H/PR:H/UI:N/S:C/C:H/I:H/A:H;CWE-288;5435;NVIDIA DGX servers;All SBIOS firmware versions prior to 1.18;SBIOS Firmware 1.18
CVE-2022-42277;7.5;HIGH;CVSS:3.1/AV:L/AC:H/PR:H/UI:N/S:C/C:H/I:H/A:H;CWE-288;5435;NVIDIA DGX servers;All SBIOS firmware versions prior to 10.16;SBIOS Firmware 10.16
CVE-2022-42278;7.2;HIGH;CVSS:3.1/AV:N/AC:L/PR:H/UI:N/S:U/C:H/I:H/A:H;CWE-119;5435;NVIDIA DGX servers;All BMC firmware versions prior to 00.19.07;BMC Firmware 00.19.07
CVE-2022-42279;7.2;HIGH;CVSS:3.1/AV:N/AC:L/PR:H/UI:N/S:U/C:H/I:H/A:H;CWE-78;5435;NVIDIA DGX servers;All BMC firmware versions prior to 00.19.07;BMC Firmware 00.19.07
CVE-2022-42280;7.1;HIGH;CVSS:3.1/AV:L/AC:L/PR:L/UI:N/S:U/C:H/I:H/A:N;CWE-22;5435;NVIDIA DGX servers;All BMC firmware versions prior to 00.19.07;BMC Firmware 00.19.07
CVE-2022-42281;6.7;MEDIUM;CVSS:3.1/AV:L/AC:L/PR:H/UI:N/S:U/C:H/I:H/A:H;CWE-787;5435;NVIDIA DGX servers;All SBIOS firmware versions prior to 1.18;SBIOS Firmware 1.18
CVE-2022-42282;6.5;MEDIUM;CVSS:3.1/AV:N/AC:L/PR:L/UI:N/S:U/C:H/I:N/A:N;CWE-22;5435;NVIDIA DGX servers;All BMC firmware versions prior to 00.19.07;BMC Firmware 00.19.07
CVE-2022-42283;6.4;MEDIUM;CVSS:3.1/AV:L/AC:H/PR:H/UI:N/S:U/C:H/I:H/A:H;CWE-120;5435;NVIDIA DGX servers;All BMC firmware versions prior to 00.19.07;BMC Firmware 00.19.07
CVE-2022-42284;6.2;MEDIUM;CVSS:3.1/AV:L/AC:L/PR:N/UI:N/S:U/C:H/I:N/A:N;CWE-312;5435;NVIDIA DGX servers;All BMC firmware versions prior to 00.19.07;BMC Firmware 00.19.07
CVE-2022-42285;6;MEDIUM;CVSS:3.1/AV:L/AC:L/PR:H/UI:N/S:U/C:N/I:H/A:H;CWE-1231;5435;NVIDIA DGX servers;All SBIOS firmware versions prior to 1.18;SBIOS Firmware 1.18
CVE-2022-42286;6;MEDIUM;CVSS:3.1/AV:L/AC:L/PR:H/UI:N/S:U/C:N/I:H/A:H;CWE-119;5435;NVIDIA DGX servers;All SBIOS firmware versions prior to 1.18;SBIOS Firmware 1.18
CVE-2022-42287;6;MEDIUM;CVSS:3.1/AV:L/AC:L/PR:H/UI:N/S:U/C:H/I:H/A:N;CWE-22;5435;NVIDIA DGX servers;All BMC firmware versions prior to 00.19.07;BMC Firmware 00.19.07
CVE-2022-42288;5.3;MEDIUM;CVSS:3.1/AV:N/AC:L/PR:N/UI:N/S:U/C:L/I:N/A:N;CWE-208;5435;NVIDIA DGX servers;All BMC firmware versions prior to 00.19.07;BMC Firmware 00.19.07
CVE-2022-42289;7.2;HIGH;CVSS:3.1/AV:N/AC:L/PR:H/UI:N/S:U/C:H/I:H/A:H;CWE-78;5435;NVIDIA DGX servers;All BMC firmware versions prior to 00.19.07;BMC Firmware 00.19.07
CVE-2022-42290;7.2;HIGH;CVSS:3.1/AV:N/AC:L/PR:H/UI:N/S:U/C:H/I:H/A:H;CWE-78;5435;NVIDIA DGX servers;All BMC firmware versions prior to 00.19.07;BMC Firmware 00.19.07
